#include <Arduino.h>
#include "bitmap.h"

// Connection status bitmap data - 240x240 pixels in RGB565 format
// This file contains the bitmap data for the "No Connection" display
// Original bitmap data from canGuage.ino - moved here for code organization

const uint16_t noConnectionBitmap[BITMAP_SIZE] PROGMEM = {
    0x05bf, 0x05bf, 0x05bf, 0x05bf, 0x05bf, 0x05bf, 0x05bf, 0x05bf, 0x05bf, 0x05bf, 0x05bf, 0x05bf, 0x05bf, 0x05bf, 0x05bf, 0x05bf,
    0x05bf, 0x05bf, 0x05bf, 0x05bf, 0x05bf, 0x05bf, 0x05bf, 0x05bf, 0x05bf, 0x05bf, 0x05bf, 0x05bf, 0x05bf, 0x05bf, 0xf800, 0xf800,
    0xf800, 0xf800, 0xf800, 0xf800, 0xf800, 0xf800, 0x05bf, 0x05bf, 0x05bf, 0x05bf, 0x05bf, 0x05bf, 0x05bf, 0x05bf, 0x05bf, 0x05bf,
    0x05bf, 0x05bf, 0x05bf, 0x05bf, 0x05bf, 0x05bf, 0x05bf, 0x05bf, 0x05bf, 0x05bf, 0x05bf, 0x05bf, 0x05bf, 0x05bf, 0x05bf, 0x05bf,
    0xf800, 0xf800, 0xf800, 0xf800, 0xf800, 0xf800, 0xf800, 0x05bf, 0x05bf, 0x05bf, 0x05bf, 0x05bf, 0x05bf, 0x05bf, 0x05bf, 0x05bf,
    0x05bf, 0x05bf, 0x05bf, 0x05bf, 0x05bf, 0x05bf, 0x05bf, 0x05bf, 0x05bf, 0x05bf, 0x05bf, 0x05bf, 0x05bf, 0x05bf, 0x05bf, 0x05bf,
    0x05bf, 0x05bf, 0x05bf, 0x05bf, 0x05bf, 0xf800, 0xf800, 0xf800, 0xf800, 0xf800, 0xf800, 0xf800, 0xf800, 0x05bf, 0x05bf, 0x05bf,
    0x05bf, 0x05bf, 0x05bf, 0x05bf, 0x05bf, 0x05bf, 0x05bf, 0x05bf, 0x05bf, 0x05bf, 0x05bf, 0x05bf, 0x05bf, 0x05bf, 0x05bf, 0x05bf,
    0x2194, 0x2194, 0x2194, 0x2194, 0x2194, 0x2194, 0x2194, 0x2194, 0x2194, 0x2194, 0x2194, 0x2194, 0x2194, 0x2194, 0x2194, 0x2194,
    0x2194, 0x2194, 0x2194, 0x2194, 0x2194, 0x2194, 0x2194, 0x2194, 0x2194, 0x2194, 0x2194, 0x2194, 0x2194, 0x2194, 0x2194, 0x2194,
    0x2194, 0x2194, 0x2194, 0x2194, 0x2194, 0x05bf, 0x05bf, 0x05bf, 0x05bf, 0x05bf, 0x05bf, 0x05bf, 0x05bf, 0x05bf, 0x05bf, 0x05bf,
    0x080a, 0x080a, 0x080a, 0x080a, 0x080a, 0x080a, 0x080a, 0x080a, 0x080a, 0x080a, 0x080a, 0x080a, 0x080a, 0x080a, 0x080a, 0x080a,
    0x080a, 0x080a, 0x080a, 0x080a, 0x080a, 0x080a, 0x080a, 0x080a, 0x080a, 0x080a, 0x080a, 0x080a, 0x080a, 0x080a, 0x080a, 0x080a,
    0x080a, 0x080a, 0x080a, 0x080a, 0x080a, 0x080a, 0x080a, 0x080a, 0x080a, 0x080a, 0x080a, 0x080a, 0x080a, 0x080a, 0x080a, 0x080a,
    0x080a, 0x080a, 0x080a, 0x080a, 0x080a, 0x080a, 0x080a, 0x080a, 0x080a, 0x080a, 0x080a, 0x080a, 0x080a, 0x080a, 0x080a, 0x080a,
    0x05bf, 0x05bf, 0x05bf, 0x05bf, 0x05bf, 0x05bf, 0x05bf, 0x05bf, 0x05bf, 0x05bf, 0x05bf, 0x05bf, 0x05bf, 0x05bf, 0x05bf, 0x05bf,
    0x05bf, 0x05bf, 0x05bf, 0x05bf, 0x05bf, 0x05bf, 0x05bf, 0x05bf, 0x05bf, 0x05bf, 0x05bf, 0x05bf, 0x05bf, 0x05bf, 0xf800, 0xf800,
    0xf800, 0xf800, 0xf800, 0xf800, 0xf800, 0xf800, 0x05bf, 0x05bf, 0x05bf, 0x05bf, 0x05bf, 0x05bf, 0x05bf, 0x05bf, 0x05bf, 0x05bf,
    0x05bf, 0x05bf, 0x05bf, 0x05bf, 0x05bf, 0x05bf, 0x05bf, 0x05bf, 0x05bf, 0x05bf, 0x05bf, 0x05bf, 0x05bf, 0x05bf, 0x05bf, 0x05bf,
    0xf800, 0xf800, 0xf800, 0xf800, 0xf800, 0xf800, 0xf800, 0x05bf, 0x05bf, 0x05bf, 0x05bf, 0x05bf, 0x05bf, 0x05bf, 0x05bf, 0x05bf,
    0x05bf, 0x05bf, 0x05bf, 0x05bf, 0x05bf, 0x05bf, 0x05bf, 0x05bf, 0x05bf, 0x05bf, 0x05bf, 0x05bf, 0x05bf, 0x05bf, 0x05bf, 0x05bf,
    0x05bf, 0x05bf, 0x05bf, 0x05bf, 0x05bf, 0xf800, 0xf800, 0xf800, 0xf800, 0xf800, 0xf800, 0xf800, 0xf800, 0x05bf, 0x05bf, 0x05bf,
    0x05bf, 0x05bf, 0x05bf, 0x05bf, 0x05bf, 0x05bf, 0x05bf, 0x05bf, 0x05bf, 0x05bf, 0x05bf, 0x05bf, 0x05bf, 0x05bf, 0x05bf, 0x05bf,
    0x2194, 0x2194, 0x2194, 0x2194, 0x2194, 0x2194, 0x2194, 0x2194, 0x2194, 0x2194, 0x2194, 0x2194, 0x2194, 0x2194, 0x2194, 0x2194,
    0x2194, 0x2194, 0x2194, 0x2194, 0x2194, 0x2194, 0x2194, 0x2194, 0x2194, 0x2194, 0x2194, 0x2194, 0x2194, 0x2194, 0x2194, 0x2194,
    0x2194, 0x2194, 0x2194, 0x2194, 0x2194, 0x05bf, 0x05bf, 0x05bf, 0x05bf, 0x05bf, 0x05bf, 0x05bf, 0x05bf, 0x05bf, 0x05bf, 0x05bf,
    0x080a, 0x080a, 0x080a, 0x080a, 0x080a, 0x080a, 0x080a, 0x080a, 0x080a, 0x080a, 0x080a, 0x080a, 0x080a, 0x080a, 0x080a, 0x080a,
    0x080a, 0x080a, 0x080a, 0x080a, 0x080a, 0x080a, 0x080a, 0x080a, 0x080a, 0x080a, 0x080a, 0x080a, 0x080a, 0x080a, 0x080a, 0x080a,
    0x080a, 0x080a, 0x080a, 0x080a, 0x080a, 0x080a, 0x080a, 0x080a, 0x080a, 0x080a, 0x080a, 0x080a, 0x080a, 0x080a, 0x080a, 0x080a,
    0x080a, 0x080a, 0x080a, 0x080a, 0x080a, 0x080a, 0x080a, 0x080a, 0x080a, 0x080a, 0x080a, 0x080a, 0x080a, 0x080a, 0x080a, 0x080a,
    0x05bf, 0x05bf, 0x05bf, 0x05bf, 0x05bf, 0x05bf, 0x05bf, 0x05bf, 0x05bf, 0x05bf, 0x05bf, 0x05bf, 0x05bf, 0x05bf, 0x05bf, 0x05bf,
    0x05bf, 0x05bf, 0x05bf, 0x05bf, 0x05bf, 0x05bf, 0x05bf, 0x05bf, 0x05bf, 0x05bf, 0x05bf, 0x05bf, 0x05bf, 0x05bf, 0xf800, 0xf800,
    0xf800, 0xf800, 0xf800, 0xf800, 0xf800, 0xf800, 0x05bf, 0x05bf, 0x05bf, 0x05bf, 0x05bf, 0x05bf, 0x05bf, 0x05bf, 0x05bf, 0x05bf,
    0x05bf, 0x05bf, 0x05bf, 0x05bf, 0x05bf, 0x05bf, 0x05bf, 0x05bf, 0x05bf, 0x05bf, 0x05bf, 0x05bf, 0x05bf, 0x05bf, 0x05bf, 0x05bf,
    0xf800, 0xf800, 0xf800, 0xf800, 0xf800, 0xf800, 0xf800, 0x05bf, 0x05bf, 0x05bf, 0x05bf, 0x05bf, 0x05bf, 0x05bf, 0x05bf, 0x05bf,
    0x05bf, 0x05bf, 0x05bf, 0x05bf, 0x05bf, 0x05bf, 0x05bf, 0x05bf, 0x05bf, 0x05bf, 0x05bf, 0x05bf, 0x05bf, 0x05bf, 0x05bf, 0x05bf,
    0x05bf, 0x05bf, 0x05bf, 0x05bf, 0x05bf, 0xf800, 0xf800, 0xf800, 0xf800, 0xf800, 0xf800, 0xf800, 0xf800, 0x05bf, 0x05bf, 0x05bf,
    0x05bf, 0x05bf, 0x05bf, 0x05bf, 0x05bf, 0x05bf, 0x05bf, 0x05bf, 0x05bf, 0x05bf, 0x05bf, 0x05bf, 0x05bf, 0x05bf, 0x05bf, 0x05bf,
    0x2194, 0x2194, 0x2194, 0x2194, 0x2194, 0x2194, 0x2194, 0x2194, 0x2194, 0x2194, 0x2194, 0x2194, 0x2194, 0x2194, 0x2194, 0x2194,
    0x2194, 0x2194, 0x2194, 0x2194, 0x2194, 0x2194, 0x2194, 0x2194, 0x2194, 0x2194, 0x2194, 0x2194, 0x2194, 0x2194, 0x2194, 0x2194,
    0x2194, 0x2194, 0x2194, 0x2194, 0x2194, 0x05bf, 0x05bf, 0x05bf, 0x05bf, 0x05bf, 0x05bf, 0x05bf, 0x05bf, 0x05bf, 0x05bf, 0x05bf,
    0x080a, 0x080a, 0x080a, 0x080a, 0x080a, 0x080a, 0x080a, 0x080a, 0x080a, 0x080a, 0x080a, 0x080a, 0x080a, 0x080a, 0x080a, 0x080a,
    0x080a, 0x080a, 0x080a, 0x080a, 0x080a, 0x080a, 0x080a, 0x080a, 0x080a, 0x080a, 0x080a, 0x080a, 0x080a, 0x080a, 0x080a, 0x080a,
    0x080a, 0x080a, 0x080a, 0x080a, 0x080a, 0x080a, 0x080a, 0x080a, 0x080a, 0x080a, 0x080a, 0x080a, 0x080a, 0x080a, 0x080a, 0x080a,
    0x080a, 0x080a, 0x080a, 0x080a, 0x080a, 0x080a, 0x080a, 0x080a, 0x080a, 0x080a, 0x080a, 0x080a, 0x080a, 0x080a, 0x080a, 0x080a,
    0x05bf, 0x05bf, 0x05bf, 0x05bf, 0x05bf, 0x05bf, 0x05bf, 0x05bf, 0x05bf, 0x05bf, 0x05bf, 0x05bf, 0x05bf, 0x05bf, 0x05bf, 0x05bf,
    0x05bf, 0x05bf, 0x05bf, 0x05bf, 0x05bf, 0x05bf, 0x05bf, 0x05bf, 0x05bf, 0x05bf, 0x05bf, 0x05bf, 0x05bf, 0x05bf, 0xf800, 0xf800,
    0xf800, 0xf800, 0xf800, 0xf800, 0xf800, 0xf800, 0x05bf, 0x05bf, 0x05bf, 0x05bf, 0x05bf, 0x05bf, 0x05bf, 0x05bf, 0x05bf, 0x05bf,
    0x05bf, 0x05bf, 0x05bf, 0x05bf, 0x05bf, 0x05bf, 0x05bf, 0x05bf, 0x05bf, 0x05bf, 0x05bf, 0x05bf, 0x05bf, 0x05bf, 0x05bf, 0x05bf,
    0xf800, 0xf800, 0xf800, 0xf800, 0xf800, 0xf800, 0xf800, 0x05bf, 0x05bf, 0x05bf, 0x05bf, 0x05bf, 0x05bf, 0x05bf, 0x05bf, 0x05bf,
    0x05bf, 0x05bf, 0x05bf, 0x05bf, 0x05bf, 0x05bf, 0x05bf, 0x05bf, 0x05bf, 0x05bf, 0x05bf, 0x05bf, 0x05bf, 0x05bf, 0x05bf, 0x05bf,
    0x05bf, 0x05bf, 0x05bf, 0x05bf, 0x05bf, 0xf800, 0xf800, 0xf800, 0xf800, 0xf800, 0xf800, 0xf800, 0xf800, 0x05bf, 0x05bf, 0x05bf,
    0x05bf, 0x05bf, 0x05bf, 0x05bf, 0x05bf, 0x05bf, 0x05bf, 0x05bf, 0x05bf, 0x05bf, 0x05bf, 0x05bf, 0x05bf, 0x05bf, 0x05bf, 0x05bf,
    0x2194, 0x2194, 0x2194, 0x2194, 0x2194, 0x2194, 0x2194, 0x2194, 0x2194, 0x2194, 0x2194, 0x2194, 0x2194, 0x2194, 0x2194, 0x2194,
    0x2194, 0x2194, 0x2194, 0x2194, 0x2194, 0x2194, 0x2194, 0x2194, 0x2194, 0x2194, 0x2194, 0x2194, 0x2194, 0x2194, 0x2194, 0x2194,
    0x2194, 0x2194, 0x2194, 0x2194, 0x2194, 0x05bf, 0x05bf, 0x05bf, 0x05bf, 0x05bf, 0x05bf, 0x05bf, 0x05bf, 0x05bf, 0x05bf, 0x05bf,
    0x080a, 0x080a, 0x080a, 0x080a, 0x080a, 0x080a, 0x080a, 0x080a, 0x080a, 0x080a, 0x080a, 0x080a, 0x080a, 0x080a, 0x080a, 0x080a,
    0x080a, 0x080a, 0x080a, 0x080a, 0x080a, 0x080a, 0x080a, 0x080a, 0x080a, 0x080a, 0x080a, 0x080a, 0x080a, 0x080a, 0x080a, 0x080a,
    0x080a, 0x080a, 0x080a, 0x080a, 0x080a, 0x080a, 0x080a, 0x080a, 0x080a, 0x080a, 0x080a, 0x080a, 0x080a, 0x080a, 0x080a, 0x080a,
    0x080a, 0x080a, 0x080a, 0x080a, 0x080a, 0x080a, 0x080a, 0x080a, 0x080a, 0x080a, 0x080a, 0x080a, 0x080a, 0x080a, 0x080a, 0x080a,
    0x05bf, 0x05bf, 0x05bf, 0x05bf, 0x05bf, 0x05bf, 0x05bf, 0x05bf, 0x05bf, 0x05bf, 0x05bf, 0x05bf, 0x05bf, 0x05bf, 0x05bf, 0x05bf,
    0x05bf, 0x05bf, 0x05bf, 0x05bf, 0x05bf, 0x05bf, 0x05bf, 0xf800, 0xf800, 0xf800, 0xf800, 0xf800, 0xf800, 0xf800, 0x05bf, 0x05bf,
    0x05bf, 0x05bf, 0x05bf, 0x05bf, 0x05bf, 0x05bf, 0x05bf, 0x05bf, 0x05bf, 0x05bf, 0x05bf, 0x05bf, 0x05bf, 0x05bf, 0x05bf, 0x05bf,
    0x05bf, 0x05bf, 0x05bf, 0x05bf, 0x05bf, 0x05bf, 0x05bf, 0x05bf, 0xf800, 0xf800, 0xf800, 0xf800, 0xf800, 0xf800, 0xf800, 0xf800,
    0xf800, 0xf800, 0xf800, 0xf800, 0x05bf, 0x05bf, 0x05bf, 0x05bf, 0x05bf, 0x05bf, 0x05bf, 0x05bf, 0x05bf, 0x05bf, 0x05bf, 0x05bf,
    0x05bf, 0x05bf, 0x05bf, 0x05bf, 0x05bf, 0x05bf, 0x05bf, 0x05bf, 0x05bf, 0x05bf, 0x05bf, 0x05bf, 0x05bf, 0x05bf, 0xf800, 0xf800,
    0xf800, 0xf800, 0xf800, 0xf800, 0xf800, 0xf800, 0xf800, 0xf800, 0xf800, 0x05bf, 0x05bf, 0x05bf, 0x05bf, 0x05bf, 0x05bf, 0x05bf,
    0x05bf, 0x05bf, 0x05bf, 0x05bf, 0x05bf, 0x05bf, 0x05bf, 0x05bf, 0x05bf, 0x05bf, 0x05bf, 0x05bf, 0x05bf, 0x05bf, 0x05bf, 0x05bf,
    0x2194, 0x2194, 0x2194, 0x2194, 0x2194, 0x2194, 0x2194, 0x2194, 0x2194, 0x2194, 0x2194, 0x2194, 0x2194, 0x2194, 0x2194, 0x2194,
    0x2194, 0x2194, 0x2194, 0x2194, 0x2194, 0x2194, 0x2194, 0x2194, 0x2194, 0x2194, 0x05bf, 0x05bf, 0x05bf, 0x05bf, 0x05bf, 0x05bf,
    0x05bf, 0x05bf, 0x05bf, 0x05bf, 0x05bf, 0x05bf, 0x05bf, 0x05bf, 0x05bf, 0x2194, 0x2194, 0x2194, 0x2194, 0x080a, 0x080a, 0x080a,
    0x080a, 0x080a, 0x080a, 0x080a, 0x080a, 0x080a, 0x080a, 0x080a, 0x080a, 0x080a, 0x080a, 0x080a, 0x080a, 0x080a, 0x080a, 0x080a,
    0x080a, 0x080a, 0x080a, 0x080a, 0x080a, 0x080a, 0x080a, 0x080a, 0x080a, 0x080a, 0x080a, 0x080a, 0x080a, 0x080a, 0x080a, 0x080a,
    0x080a, 0x080a, 0x080a, 0x080a, 0x080a, 0x080a, 0x080a, 0x080a, 0x080a, 0x080a, 0x080a, 0x080a, 0x080a, 0x080a, 0x080a, 0x080a,
    0x080a, 0x080a, 0x080a, 0x080a, 0x080a, 0x080a, 0x080a, 0x080a, 0x080a, 0x080a, 0x080a, 0x080a, 0x080a, 0x080a, 0x080a, 0x080a,
    0x05bf, 0x05bf, 0x05bf, 0x05bf, 0x05bf, 0x05bf, 0x05bf, 0x05bf, 0x05bf, 0x05bf, 0x05bf, 0x05bf, 0x05bf, 0x05bf, 0x05bf, 0x05bf,
    0x05bf, 0x05bf, 0x05bf, 0x05bf, 0x05bf, 0x05bf, 0x05bf, 0xf800, 0xf800, 0xf800, 0xf800, 0xf800, 0xf800, 0xf800, 0x05bf, 0x05bf,
    0x05bf, 0x05bf, 0x05bf, 0x05bf, 0x05bf, 0x05bf, 0x05bf, 0x05bf, 0x05bf, 0x05bf, 0x05bf, 0x05bf, 0x05bf, 0x05bf, 0x05bf, 0x05bf,
    0x05bf, 0x05bf, 0x05bf, 0x05bf, 0x05bf, 0x05bf, 0x05bf, 0x05bf, 0xf800, 0xf800, 0xf800, 0xf800, 0xf800, 0xf800, 0xf800, 0xf800,
    0xf800, 0xf800, 0xf800, 0xf800, 0x05bf, 0x05bf, 0x05bf, 0x05bf, 0x05bf, 0x05bf, 0x05bf, 0x05bf, 0x05bf, 0x05bf, 0x05bf, 0x05bf,
    0x05bf, 0x05bf, 0x05bf, 0x05bf, 0x05bf, 0x05bf, 0x05bf, 0x05bf, 0x05bf, 0x05bf, 0x05bf, 0x05bf, 0x05bf, 0x05bf, 0xf800, 0xf800,
    0xf800, 0xf800, 0xf800, 0xf800, 0xf800, 0xf800, 0xf800, 0xf800, 0xf800, 0x05bf, 0x05bf, 0x05bf, 0x05bf, 0x05bf, 0x05bf, 0x05bf,
    0x05bf, 0x05bf, 0x05bf, 0x05bf, 0x05bf, 0x05bf, 0x05bf, 0x05bf, 0x05bf, 0x05bf, 0x05bf, 0x05bf, 0x05bf, 0x05bf, 0x05bf, 0x05bf,
    0x2194, 0x2194, 0x2194, 0x2194, 0x2194, 0x2194, 0x2194, 0x2194, 0x2194, 0x2194, 0x2194, 0x2194, 0x2194, 0x2194, 0x2194, 0x2194,
    0x2194, 0x2194, 0x2194, 0x2194, 0x2194, 0x2194, 0x2194, 0x2194, 0x2194, 0x2194, 0x05bf, 0x05bf, 0x05bf, 0x05bf, 0x05bf, 0x05bf,
    0x05bf, 0x05bf, 0x05bf, 0x05bf, 0x05bf, 0x05bf, 0x05bf, 0x05bf, 0x05bf, 0x2194, 0x2194, 0x2194, 0x2194, 0x080a, 0x080a, 0x080a,
    0x080a, 0x080a, 0x080a, 0x080a, 0x080a, 0x080a, 0x080a, 0x080a, 0x080a, 0x080a, 0x080a, 0x080a, 0x080a, 0x080a, 0x080a, 0x080a,
    0x080a, 0x080a, 0x080a, 0x080a, 0x080a, 0x080a, 0x080a, 0x080a, 0x080a, 0x080a, 0x080a, 0x080a, 0x080a, 0x080a, 0x080a, 0x080a,
    0x080a, 0x080a, 0x080a, 0x080a, 0x080a, 0x080a, 0x080a, 0x080a, 0x080a, 0x080a, 0x080a, 0x080a, 0x080a, 0x080a, 0x080a, 0x080a,
    0x080a, 0x080a, 0x080a, 0x080a, 0x080a, 0x080a, 0x080a, 0x080a, 0x080a, 0x080a, 0x080a, 0x080a, 0x080a, 0x080a, 0x080a, 0x080a,
    0x05bf, 0x05bf, 0x05bf, 0x05bf, 0x05bf, 0x05bf, 0x05bf, 0x05bf, 0x05bf, 0x05bf, 0x05bf, 0x05bf, 0x05bf, 0x05bf, 0x05bf, 0x05bf,
    0x05bf, 0x05bf, 0x05bf, 0x05bf, 0x05bf, 0x05bf, 0x05bf, 0xf800, 0xf800, 0xf800, 0xf800, 0xf800, 0xf800, 0xf800, 0x05bf, 0x05bf,
    0x05bf, 0x05bf, 0x05bf, 0x05bf, 0x05bf, 0x05bf, 0x05bf, 0x05bf, 0x05bf, 0x05bf, 0x05bf, 0x05bf, 0x05bf, 0x05bf, 0x05bf, 0x05bf,
    0x05bf, 0x05bf, 0x05bf, 0x05bf, 0x05bf, 0x05bf, 0x05bf, 0x05bf, 0xf800, 0xf800, 0xf800, 0xf800, 0xf800, 0xf800, 0xf800, 0xf800,
    0xf800, 0xf800, 0xf800, 0xf800, 0x05bf, 0x05bf, 0x05bf, 0x05bf, 0x05bf, 0x05bf, 0x05bf, 0x05bf, 0x05bf, 0x05bf, 0x05bf, 0x05bf,
    0x05bf, 0x05bf, 0x05bf, 0x05bf, 0x05bf, 0x05bf, 0x05bf, 0x05bf, 0x05bf, 0x05bf, 0x05bf, 0x05bf, 0x05bf, 0x05bf, 0xf800, 0xf800,
    0xf800, 0xf800, 0xf800, 0xf800, 0xf800, 0xf800, 0xf800, 0xf800, 0xf800, 0x05bf, 0x05bf, 0x05bf, 0x05bf, 0x05bf, 0x05bf, 0x05bf,
    0x05bf, 0x05bf, 0x05bf, 0x05bf, 0x05bf, 0x05bf, 0x05bf, 0x05bf, 0x05bf, 0x05bf, 0x05bf, 0x05bf, 0x05bf, 0x05bf, 0x05bf, 0x05bf,
    0x2194, 0x2194, 0x2194, 0x2194, 0x2194, 0x2194, 0x2194, 0x2194, 0x2194, 0x2194, 0x2194, 0x2194, 0x2194, 0x2194, 0x2194, 0x2194,
    0x2194, 0x2194, 0x2194, 0x2194, 0x2194, 0x2194, 0x2194, 0x2194, 0x2194, 0x2194, 0x05bf, 0x05bf, 0x05bf, 0x05bf, 0x05bf, 0x05bf,
    0x05bf, 0x05bf, 0x05bf, 0x05bf, 0x05bf, 0x05bf, 0x05bf, 0x05bf, 0x05bf, 0x2194, 0x2194, 0x2194, 0x2194, 0x080a, 0x080a, 0x080a,
    0x080a, 0x080a, 0x080a, 0x080a, 0x080a, 0x080a, 0x080a, 0x080a, 0x080a, 0x080a, 0x080a, 0x080a, 0x080a, 0x080a, 0x080a, 0x080a,
    0x080a, 0x080a, 0x080a, 0x080a, 0x080a, 0x080a, 0x080a, 0x080a, 0x080a, 0x080a, 0x080a, 0x080a, 0x080a, 0x080a, 0x080a, 0x080a,
    0x080a, 0x080a, 0x080a, 0x080a, 0x080a, 0x080a, 0x080a, 0x080a, 0x080a, 0x080a, 0x080a, 0x080a, 0x080a, 0x080a, 0x080a, 0x080a,
    0x080a, 0x080a, 0x080a, 0x080a, 0x080a, 0x080a, 0x080a, 0x080a, 0x080a, 0x080a, 0x080a, 0x080a, 0x080a, 0x080a, 0x080a, 0x080a,
    0x05bf, 0x05bf, 0x05bf, 0x05bf, 0x05bf, 0x05bf, 0x05bf, 0x05bf, 0x05bf, 0x05bf, 0x05bf, 0x05bf, 0x05bf, 0x05bf, 0x05bf, 0x05bf,
    0x05bf, 0x05bf, 0x05bf, 0x05bf, 0x05bf, 0x05bf, 0x05bf, 0xf800, 0xf800, 0xf800, 0xf800, 0xf800, 0xf800, 0xf800, 0x05bf, 0x05bf,
    0x05bf, 0x05bf, 0x05bf, 0x05bf, 0x05bf, 0x05bf, 0x05bf, 0x05bf, 0x05bf, 0x05bf, 0x05bf, 0x05bf, 0x05bf, 0x05bf, 0x05bf, 0x05bf,
    0x05bf, 0x05bf, 0x05bf, 0x05bf, 0x05bf, 0x05bf, 0x05bf, 0x05bf, 0xf800, 0xf800, 0xf800, 0xf800, 0xf800, 0xf800, 0xf800, 0xf800,
    0xf800, 0xf800, 0xf800, 0xf800, 0x05bf, 0x05bf, 0x05bf, 0x05bf, 0x05bf, 0x05bf, 0x05bf, 0x05bf, 0x05bf, 0x05bf, 0x05bf, 0x05bf,
    0x05bf, 0x05bf, 0x05bf, 0x05bf, 0x05bf, 0x05bf, 0x05bf, 0x05bf, 0x05bf, 0x05bf, 0x05bf, 0x05bf, 0x05bf, 0x05bf, 0xf800, 0xf800,
    0xf800, 0xf800, 0xf800, 0xf800, 0xf800, 0xf800, 0xf800, 0xf800, 0xf800, 0x05bf, 0x05bf, 0x05bf, 0x05bf, 0x05bf, 0x05bf, 0x05bf,
    0x05bf, 0x05bf, 0x05bf, 0x05bf, 0x05bf, 0x05bf, 0x05bf, 0x05bf, 0x05bf, 0x05bf, 0x05bf, 0x05bf, 0x05bf, 0x05bf, 0x05bf, 0x05bf,
    0x2194, 0x2194, 0x2194, 0x2194, 0x2194, 0x2194, 0x2194, 0x2194, 0x2194, 0x2194, 0x2194, 0x2194, 0x2194, 0x2194, 0x2194, 0x2194,
    0x2194, 0x2194, 0x2194, 0x2194, 0x2194, 0x2194, 0x2194, 0x2194, 0x2194, 0x2194, 0x05bf, 0x05bf, 0x05bf, 0x05bf, 0x05bf, 0x05bf,
    0x05bf, 0x05bf, 0x05bf, 0x05bf, 0x05bf, 0x05bf, 0x05bf, 0x05bf, 0x05bf, 0x2194, 0x2194, 0x2194, 0x2194, 0x080a, 0x080a, 0x080a,
    0x080a, 0x080a, 0x080a, 0x080a, 0x080a, 0x080a, 0x080a, 0x080a, 0x080a, 0x080a, 0x080a, 0x080a, 0x080a, 0x080a, 0x080a, 0x080a,
    0x080a, 0x080a, 0x080a, 0x080a, 0x080a, 0x080a, 0x080a, 0x080a, 0x080a, 0x080a, 0x080a, 0x080a, 0x080a, 0x080a, 0x080a, 0x080a,
    0x080a, 0x080a, 0x080a, 0x080a, 0x080a, 0x080a, 0x080a, 0x080a, 0x080a, 0x080a, 0x080a, 0x080a, 0x080a, 0x080a, 0x080a, 0x080a,
    0x080a, 0x080a, 0x080a, 0x080a, 0x080a, 0x080a, 0x080a, 0x080a, 0x080a, 0x080a, 0x080a, 0x080a, 0x080a, 0x080a, 0x080a, 0x080a,
    0x05bf, 0x05bf, 0x05bf, 0x05bf, 0x05bf, 0x05bf, 0x05bf, 0x05bf, 0x05bf, 0x05bf, 0x05bf, 0xf800, 0xf800, 0xf800, 0xf800, 0xf800,
    0xf800, 0xf800, 0xf800, 0xf800, 0xf800, 0xf800, 0xf800, 0x05bf, 0x05bf, 0x05bf, 0x05bf, 0x05bf, 0x05bf, 0x05bf, 0x05bf, 0x05bf,
    0x05bf, 0x05bf, 0x05bf, 0x05bf, 0x05bf, 0x05bf, 0x05bf, 0x05bf, 0x05bf, 0x05bf, 0x05bf, 0x05bf, 0x05bf, 0x05bf, 0x05bf, 0x05bf,
    0x05bf, 0x05bf, 0x05bf, 0x05bf, 0x05bf, 0xf800, 0xf800, 0xf800, 0xf800, 0xf800, 0xf800, 0xf800, 0x05bf, 0x05bf, 0x05bf, 0x05bf,
    0x05bf, 0x05bf, 0x05bf, 0x05bf, 0x05bf, 0x05bf, 0x05bf, 0x05bf, 0x05bf, 0x05bf, 0x05bf, 0x05bf, 0x05bf, 0x05bf, 0x05bf, 0x05bf,
    0x05bf, 0x05bf, 0x05bf, 0xf800, 0xf800, 0xf800, 0xf800, 0xf800, 0xf800, 0xf800, 0xf800, 0xf800, 0xf800, 0xf800, 0xf800, 0xf800,
    0xf800, 0xf800, 0x05bf, 0x05bf, 0x05bf, 0x05bf, 0x05bf, 0x05bf, 0x05bf, 0x05bf, 0x05bf, 0x05bf, 0x05bf, 0x05bf, 0x05bf, 0x05bf,
    0x05bf, 0x2194, 0x2194, 0x2194, 0x2194, 0x2194, 0x2194, 0x2194, 0x2194, 0x2194, 0x2194, 0x2194, 0x2194, 0x2194, 0x2194, 0x2194,
    0x2194, 0x2194, 0x2194, 0x2194, 0x2194, 0x2194, 0x2194, 0x2194, 0x2194, 0x2194, 0x2194, 0x2194, 0x2194, 0x2194, 0x2194, 0x6b36,
    0x6b36, 0x6b36, 0x6b36, 0x6b36, 0x6b36, 0x6b36, 0x05bf, 0x05bf, 0x05bf, 0x05bf, 0x05bf, 0x05bf, 0x05bf, 0x05bf, 0x080a, 0x080a,
    0x080a, 0x080a, 0x080a, 0x080a, 0x080a, 0x080a, 0x080a, 0x080a, 0x080a, 0x080a, 0x080a, 0x080a, 0x080a, 0x080a, 0x080a, 0x080a,
    0x080a, 0x080a, 0x080a, 0x080a, 0x080a, 0x080a, 0x080a, 0x080a, 0x080a, 0x080a, 0x080a, 0x080a, 0x080a, 0x080a, 0x080a, 0x080a,
    0x080a, 0x080a, 0x080a, 0x080a, 0x080a, 0x080a, 0x080a, 0x080a, 0x080a, 0x080a, 0x080a, 0x0000, 0x0000, 0x0000, 0x0000, 0x0000,
    0x0000, 0x0000, 0x0000, 0x0000, 0x0000, 0x0000, 0x0000, 0x0000, 0x0000, 0x0000, 0x0000, 0x0000, 0x0000, 0x0000, 0x0000, 0x0000,
    0x0000, 0x0000, 0x0000, 0x0000, 0x0000, 0x0000, 0x0000, 0x0000, 0x0000, 0x0000, 0x0000, 0x0000, 0x0000, 0x0000, 0x0000, 0x0000,
    0x05bf, 0x05bf, 0x05bf, 0x05bf, 0x05bf, 0x05bf, 0x05bf, 0x05bf, 0x05bf, 0x05bf, 0x05bf, 0xf800, 0xf800, 0xf800, 0xf800, 0xf800,
    0xf800, 0xf800, 0xf800, 0xf800, 0xf800, 0xf800, 0xf800, 0x05bf, 0x05bf, 0x05bf, 0x05bf, 0x05bf, 0x05bf, 0x05bf, 0x05bf, 0x05bf,
    0x05bf, 0x05bf, 0x05bf, 0x05bf, 0x05bf, 0x05bf, 0x05bf, 0x05bf, 0x05bf, 0x05bf, 0x05bf, 0x05bf, 0x05bf, 0x05bf, 0x05bf, 0x05bf,
    0x05bf, 0x05bf, 0x05bf, 0x05bf, 0x05bf, 0xf800, 0xf800, 0xf800, 0xf800, 0xf800, 0xf800, 0xf800, 0x05bf, 0x05bf, 0x05bf, 0x05bf,
    0x05bf, 0x05bf, 0x05bf, 0x05bf, 0x05bf, 0x05bf, 0x05bf, 0x05bf, 0x05bf, 0x05bf, 0x05bf, 0x05bf, 0x05bf, 0x05bf, 0x05bf, 0x05bf,
    0x05bf, 0x05bf, 0x05bf, 0xf800, 0xf800, 0xf800, 0xf800, 0xf800, 0xf800, 0xf800, 0xf800, 0xf800, 0xf800, 0xf800, 0xf800, 0xf800,
    0xf800, 0xf800, 0x05bf, 0x05bf, 0x05bf, 0x05bf, 0x05bf, 0x05bf, 0x05bf, 0x05bf, 0x05bf, 0x05bf, 0x05bf, 0x05bf, 0x05bf, 0x05bf,
    0x05bf, 0x2194, 0x2194, 0x2194, 0x2194, 0x2194, 0x2194, 0x2194, 0x2194, 0x2194, 0x2194, 0x2194, 0x2194, 0x2194, 0x2194, 0x2194,
    0x2194, 0x2194, 0x2194, 0x2194, 0x2194, 0x2194, 0x2194, 0x2194, 0x2194, 0x2194, 0x2194, 0x2194, 0x2194, 0x2194, 0x2194, 0x6b36,
    0x6b36, 0x6b36, 0x6b36, 0x6b36, 0x6b36, 0x6b36, 0x05bf, 0x05bf, 0x05bf, 0x05bf, 0x05bf, 0x05bf, 0x05bf, 0x05bf, 0x080a, 0x080a,
    0x080a, 0x080a, 0x080a, 0x080a, 0x080a, 0x080a, 0x080a, 0x080a, 0x080a, 0x080a, 0x080a, 0x080a, 0x080a, 0x080a, 0x080a, 0x080a,
    0x080a, 0x080a, 0x080a, 0x080a, 0x080a, 0x080a, 0x080a, 0x080a, 0x080a, 0x080a, 0x080a, 0x080a, 0x080a, 0x080a, 0x080a, 0x080a,
    0x080a, 0x080a, 0x080a, 0x080a, 0x080a, 0x080a, 0x080a, 0x080a, 0x080a, 0x080a, 0x080a, 0x0000, 0x0000, 0x0000, 0x0000, 0x0000,
    0x0000, 0x0000, 0x0000, 0x0000, 0x0000, 0x0000, 0x0000, 0x0000, 0x0000, 0x0000, 0x0000, 0x0000, 0x0000, 0x0000, 0x0000, 0x0000,
    0x0000, 0x0000, 0x0000, 0x0000, 0x0000, 0x0000, 0x0000, 0x0000, 0x0000, 0x0000, 0x0000, 0x0000, 0x0000, 0x0000, 0x0000, 0x0000,
    0x05bf, 0x05bf, 0x05bf, 0x05bf, 0x05bf, 0x05bf, 0x05bf, 0x05bf, 0x05bf, 0x05bf, 0x05bf, 0xf800, 0xf800, 0xf800, 0xf800, 0xf800,
    0xf800, 0xf800, 0xf800, 0xf800, 0xf800, 0xf800, 0xf800, 0x05bf, 0x05bf, 0x05bf, 0x05bf, 0x05bf, 0x05bf, 0x05bf, 0x05bf, 0x05bf,
    0x05bf, 0x05bf, 0x05bf, 0x05bf, 0x05bf, 0x05bf, 0x05bf, 0x05bf, 0x05bf, 0x05bf, 0x05bf, 0x05bf, 0x05bf, 0x05bf, 0x05bf, 0x05bf,
    0x05bf, 0x05bf, 0x05bf, 0x05bf, 0x05bf, 0xf800, 0xf800, 0xf800, 0xf800, 0xf800, 0xf800, 0xf800, 0x05bf, 0x05bf, 0x05bf, 0x05bf,
    0x05bf, 0x05bf, 0x05bf, 0x05bf, 0x05bf, 0x05bf, 0x05bf, 0x05bf, 0x05bf, 0x05bf, 0x05bf, 0x05bf, 0x05bf, 0x05bf, 0x05bf, 0x05bf,
    0x05bf, 0x05bf, 0x05bf, 0xf800, 0xf800, 0xf800, 0xf800, 0xf800, 0xf800, 0xf800, 0xf800, 0xf800, 0xf800, 0xf800, 0xf800, 0xf800,
    0xf800, 0xf800, 0x05bf, 0x05bf, 0x05bf, 0x05bf, 0x05bf, 0x05bf, 0x05bf, 0x05bf, 0x05bf, 0x05bf, 0x05bf, 0x05bf, 0x05bf, 0x05bf,
    0x05bf, 0x2194, 0x2194, 0x2194, 0x2194, 0x2194, 0x2194, 0x2194, 0x2194, 0x2194, 0x2194, 0x2194, 0x2194, 0x2194, 0x2194, 0x2194,
    0x2194, 0x2194, 0x2194, 0x2194, 0x2194, 0x2194, 0x2194, 0x2194, 0x2194, 0x2194, 0x2194, 0x2194, 0x2194, 0x2194, 0x2194, 0x6b36,
    0x6b36, 0x6b36, 0x6b36, 0x6b36, 0x6b36, 0x6b36, 0x05bf, 0x05bf, 0x05bf, 0x05bf, 0x05bf, 0x05bf, 0x05bf, 0x05bf, 0x080a, 0x080a,
    0x080a, 0x080a, 0x080a, 0x080a, 0x080a, 0x080a, 0x080a, 0x080a, 0x080a, 0x080a, 0x080a, 0x080a, 0x080a, 0x080a, 0x080a, 0x080a,
    0x080a, 0x080a, 0x080a, 0x080a, 0x080a, 0x080a, 0x080a, 0x080a, 0x080a, 0x080a, 0x080a, 0x080a, 0x080a, 0x080a, 0x080a, 0x080a,
    0x080a, 0x080a, 0x080a, 0x080a, 0x080a, 0x080a, 0x080a, 0x080a, 0x080a, 0x080a, 0x080a, 0x0000, 0x0000, 0x0000, 0x0000, 0x0000,
    0x0000, 0x0000, 0x0000, 0x0000, 0x0000, 0x0000, 0x0000, 0x0000, 0x0000, 0x0000, 0x0000, 0x0000, 0x0000, 0x0000, 0x0000, 0x0000,
    0x0000, 0x0000, 0x0000, 0x0000, 0x0000, 0x0000, 0x0000, 0x0000, 0x0000, 0x0000, 0x0000, 0x0000, 0x0000, 0x0000, 0x0000, 0x0000,
    0x05bf, 0x05bf, 0x05bf, 0x05bf, 0xf800, 0xf800, 0xf800, 0xf800, 0xf800, 0xf800, 0xf800, 0xf800, 0xf800, 0xf800, 0xf800, 0x05bf,
    0x05bf, 0x05bf, 0x05bf, 0x05bf, 0x05bf, 0x05bf, 0x05bf, 0x05bf, 0x05bf, 0x05bf, 0x05bf, 0x05bf, 0x05bf, 0x05bf, 0x05bf, 0x05bf,
    0x05bf, 0x05bf, 0x05bf, 0x05bf, 0x05bf, 0x05bf, 0x05bf, 0x05bf, 0x05bf, 0xf800, 0xf800, 0xf800, 0xf800, 0xf800, 0xf800, 0xf800,
    0xf800, 0xf800, 0xf800, 0xf800, 0xf800, 0x05bf, 0x05bf, 0x05bf, 0x05bf, 0x05bf, 0x05bf, 0x05bf, 0x05bf, 0x05bf, 0x05bf, 0x05bf,
    0x05bf, 0x05bf, 0x05bf, 0x05bf, 0x05bf, 0x05bf, 0x05bf, 0x05bf, 0x05bf, 0x05bf, 0x05bf, 0xf800, 0xf800, 0xf800, 0xf800, 0xf800,
    0xf800, 0xf800, 0xf800, 0xf800, 0xf800, 0xf800, 0x05bf, 0x05bf, 0x05bf, 0x05bf, 0x05bf, 0x05bf, 0x05bf, 0x05bf, 0x05bf, 0x05bf,
    0x05bf, 0x05bf, 0x05bf, 0x05bf, 0x05bf, 0x05bf, 0x05bf, 0x05bf, 0x05bf, 0x05bf, 0x05bf, 0x05bf, 0x05bf, 0x05bf, 0x05bf, 0x05bf,
    0x05bf, 0x2194, 0x2194, 0x2194, 0x2194, 0x2194, 0x2194, 0x2194, 0x2194, 0x2194, 0x2194, 0x2194, 0x2194, 0x2194, 0x2194, 0x2194,
    0x2194, 0x2194, 0x2194, 0x2194, 0x2194, 0x2194, 0x2194, 0x2194, 0x2194, 0x2194, 0x2194, 0x2194, 0x2194, 0x2194, 0x2194, 0x05bf,
    0x05bf, 0x05bf, 0x05bf, 0x05bf, 0x05bf, 0x05bf, 0x05bf, 0x05bf, 0x05bf, 0x05bf, 0x6b36, 0x6b36, 0x6b36, 0x6b36, 0x080a, 0x080a,
    0x080a, 0x080a, 0x080a, 0x080a, 0x080a, 0x080a, 0x080a, 0x080a, 0x080a, 0x080a, 0x080a, 0x080a, 0x080a, 0x080a, 0x080a, 0x080a,
    0x080a, 0x080a, 0x080a, 0x080a, 0x080a, 0x080a, 0x080a, 0x080a, 0x080a, 0x080a, 0x080a, 0x080a, 0x080a, 0x080a, 0x080a, 0x080a,
    0x080a, 0x080a, 0x080a, 0x080a, 0x080a, 0x080a, 0x080a, 0x080a, 0x080a, 0x080a, 0x080a, 0x0000, 0x0000, 0x0000, 0x0000, 0x0000,
    0x0000, 0x0000, 0x0000, 0x0000, 0x0000, 0x0000, 0x0000, 0x0000, 0x0000, 0x0000, 0x0000, 0x0000, 0x0000, 0x0000, 0x0000, 0x0000,
    0x0000, 0x0000, 0x0000, 0x0000, 0x0000, 0x0000, 0x0000, 0x0000, 0x0000, 0x0000, 0x0000, 0x0000, 0x0000, 0x0000, 0x0000, 0x0000,
    0x05bf, 0x05bf, 0x05bf, 0x05bf, 0xf800, 0xf800, 0xf800, 0xf800, 0xf800, 0xf800, 0xf800, 0xf800, 0xf800, 0xf800, 0xf800, 0x05bf,
    0x05bf, 0x05bf, 0x05bf, 0x05bf, 0x05bf, 0x05bf, 0x05bf, 0x05bf, 0x05bf, 0x05bf, 0x05bf, 0x05bf, 0x05bf, 0x05bf, 0x05bf, 0x05bf,
    0x05bf, 0x05bf, 0x05bf, 0x05bf, 0x05bf, 0x05bf, 0x05bf, 0x05bf, 0x05bf, 0xf800, 0xf800, 0xf800, 0xf800, 0xf800, 0xf800, 0xf800,
    0xf800, 0xf800, 0xf800, 0xf800, 0xf800, 0x05bf, 0x05bf, 0x05bf, 0x05bf, 0x05bf, 0x05bf, 0x05bf, 0x05bf, 0x05bf, 0x05bf, 0x05bf,
    0x05bf, 0x05bf, 0x05bf, 0x05bf, 0x05bf, 0x05bf, 0x05bf, 0x05bf, 0x05bf, 0x05bf, 0x05bf, 0xf800, 0xf800, 0xf800, 0xf800, 0xf800,
    0xf800, 0xf800, 0xf800, 0xf800, 0xf800, 0xf800, 0x05bf, 0x05bf, 0x05bf, 0x05bf, 0x05bf, 0x05bf, 0x05bf, 0x05bf, 0x05bf, 0x05bf,
    0x05bf, 0x05bf, 0x05bf, 0x05bf, 0x05bf, 0x05bf, 0x05bf, 0x05bf, 0x05bf, 0x05bf, 0x05bf, 0x05bf, 0x05bf, 0x05bf, 0x05bf, 0x05bf,
    0x05bf, 0x2194, 0x2194, 0x2194, 0x2194, 0x2194, 0x2194, 0x2194, 0x2194, 0x2194, 0x2194, 0x2194, 0x2194, 0x2194, 0x2194, 0x2194,
    0x2194, 0x2194, 0x2194, 0x2194, 0x2194, 0x2194, 0x2194, 0x2194, 0x2194, 0x2194, 0x2194, 0x2194, 0x2194, 0x2194, 0x2194, 0x05bf,
    0x05bf, 0x05bf, 0x05bf, 0x05bf, 0x05bf, 0x05bf, 0x05bf, 0x05bf, 0x05bf, 0x05bf, 0x6b36, 0x6b36, 0x6b36, 0x6b36, 0x080a, 0x080a,
    0x080a, 0x080a, 0x080a, 0x080a, 0x080a, 0x080a, 0x080a, 0x080a, 0x080a, 0x080a, 0x080a, 0x080a, 0x080a, 0x080a, 0x080a, 0x080a,
    0x080a, 0x080a, 0x080a, 0x080a, 0x080a, 0x080a, 0x080a, 0x080a, 0x080a, 0x080a, 0x080a, 0x080a, 0x080a, 0x080a, 0x080a, 0x080a,
    0x080a, 0x080a, 0x080a, 0x080a, 0x080a, 0x080a, 0x080a, 0x080a, 0x080a, 0x080a, 0x080a, 0x0000, 0x0000, 0x0000, 0x0000, 0x0000,
    0x0000, 0x0000, 0x0000, 0x0000, 0x0000, 0x0000, 0x0000, 0x0000, 0x0000, 0x0000, 0x0000, 0x0000, 0x0000, 0x0000, 0x0000, 0x0000,
    0x0000, 0x0000, 0x0000, 0x0000, 0x0000, 0x0000, 0x0000, 0x0000, 0x0000, 0x0000, 0x0000, 0x0000, 0x0000, 0x0000, 0x0000, 0x0000,
    0x05bf, 0x05bf, 0x05bf, 0x05bf, 0xf800, 0xf800, 0xf800, 0xf800, 0xf800, 0xf800, 0xf800, 0xf800, 0xf800, 0xf800, 0xf800, 0x05bf,
    0x05bf, 0x05bf, 0x05bf, 0x05bf, 0x05bf, 0x05bf, 0x05bf, 0x05bf, 0x05bf, 0x05bf, 0x05bf, 0x05bf, 0x05bf, 0x05bf, 0x05bf, 0x05bf,
    0x05bf, 0x05bf, 0x05bf, 0x05bf, 0x05bf, 0x05bf, 0x05bf, 0x05bf, 0x05bf, 0xf800, 0xf800, 0xf800, 0xf800, 0xf800, 0xf800, 0xf800,
    0xf800, 0xf800, 0xf800, 0xf800, 0xf800, 0x05bf, 0x05bf, 0x05bf, 0x05bf, 0x05bf, 0x05bf, 0x05bf, 0x05bf, 0x05bf, 0x05bf, 0x05bf,
    0x05bf, 0x05bf, 0x05bf, 0x05bf, 0x05bf, 0x05bf, 0x05bf, 0x05bf, 0x05bf, 0x05bf, 0x05bf, 0xf800, 0xf800, 0xf800, 0xf800, 0xf800,
    0xf800, 0xf800, 0xf800, 0xf800, 0xf800, 0xf800, 0x05bf, 0x05bf, 0x05bf, 0x05bf, 0x05bf, 0x05bf, 0x05bf, 0x05bf, 0x05bf, 0x05bf,
    0x05bf, 0x05bf, 0x05bf, 0x05bf, 0x05bf, 0x05bf, 0x05bf, 0x05bf, 0x05bf, 0x05bf, 0x05bf, 0x05bf, 0x05bf, 0x05bf, 0x05bf, 0x05bf,
    0x05bf, 0x2194, 0x2194, 0x2194, 0x2194, 0x2194, 0x2194, 0x2194, 0x2194, 0x2194, 0x2194, 0x2194, 0x2194, 0x2194, 0x2194, 0x2194,
    0x2194, 0x2194, 0x2194, 0x2194, 0x2194, 0x2194, 0x2194, 0x2194, 0x2194, 0x2194, 0x2194, 0x2194, 0x2194, 0x2194, 0x2194, 0x05bf,
    0x05bf, 0x05bf, 0x05bf, 0x05bf, 0x05bf, 0x05bf, 0x05bf, 0x05bf, 0x05bf, 0x05bf, 0x6b36, 0x6b36, 0x6b36, 0x6b36, 0x080a, 0x080a,
    0x080a, 0x080a, 0x080a, 0x080a, 0x080a, 0x080a, 0x080a, 0x080a, 0x080a, 0x080a, 0x080a, 0x080a, 0x080a, 0x080a, 0x080a, 0x080a,
    0x080a, 0x080a, 0x080a, 0x080a, 0x080a, 0x080a, 0x080a, 0x080a, 0x080a, 0x080a, 0x080a, 0x080a, 0x080a, 0x080a, 0x080a, 0x080a,
    0x080a, 0x080a, 0x080a, 0x080a, 0x080a, 0x080a, 0x080a, 0x080a, 0x080a, 0x080a, 0x080a, 0x0000, 0x0000, 0x0000, 0x0000, 0x0000,
    0x0000, 0x0000, 0x0000, 0x0000, 0x0000, 0x0000, 0x0000, 0x0000, 0x0000, 0x0000, 0x0000, 0x0000, 0x0000, 0x0000, 0x0000, 0x0000,
    0x0000, 0x0000, 0x0000, 0x0000, 0x0000, 0x0000, 0x0000, 0x0000, 0x0000, 0x0000, 0x0000, 0x0000, 0x0000, 0x0000, 0x0000, 0x0000,
    0x05bf, 0x05bf, 0x05bf, 0x05bf, 0xf800, 0xf800, 0xf800, 0xf800, 0xf800, 0xf800, 0xf800, 0xf800, 0xf800, 0xf800, 0xf800, 0x05bf,
    0x05bf, 0x05bf, 0x05bf, 0x05bf, 0x05bf, 0x05bf, 0x05bf, 0x05bf, 0x05bf, 0x05bf, 0x05bf, 0x05bf, 0x05bf, 0x05bf, 0x05bf, 0x05bf,
    0x05bf, 0x05bf, 0x05bf, 0x05bf, 0x05bf, 0x05bf, 0x05bf, 0x05bf, 0x05bf, 0xf800, 0xf800, 0xf800, 0xf800, 0xf800, 0xf800, 0xf800,
    0xf800, 0xf800, 0xf800, 0xf800, 0xf800, 0x05bf, 0x05bf, 0x05bf, 0x05bf, 0x05bf, 0x05bf, 0x05bf, 0x05bf, 0x05bf, 0x05bf, 0x05bf,
    0x05bf, 0x05bf, 0x05bf, 0x05bf, 0x05bf, 0x05bf, 0x05bf, 0x05bf, 0x05bf, 0x05bf, 0x05bf, 0xf800, 0xf800, 0xf800, 0xf800, 0xf800,
    0xf800, 0xf800, 0xf800, 0xf800, 0xf800, 0xf800, 0x05bf, 0x05bf, 0x05bf, 0x05bf, 0x05bf, 0x05bf, 0x05bf, 0x05bf, 0x05bf, 0x05bf,
    0x05bf, 0x05bf, 0x05bf, 0x05bf, 0x05bf, 0x05bf, 0x05bf, 0x05bf, 0x05bf, 0x05bf, 0x05bf, 0x05bf, 0x05bf, 0x05bf, 0x05bf, 0x05bf,
    0x05bf, 0x2194, 0x2194, 0x2194, 0x2194, 0x2194, 0x2194, 0x2194, 0x2194, 0x2194, 0x2194, 0x2194, 0x2194, 0x2194, 0x2194, 0x2194,
    0x2194, 0x2194, 0x2194, 0x2194, 0x2194, 0x2194, 0x2194, 0x2194, 0x2194, 0x2194, 0x2194, 0x2194, 0x2194, 0x2194, 0x2194, 0x05bf,
    0x05bf, 0x05bf, 0x05bf, 0x05bf, 0x05bf, 0x05bf, 0x05bf, 0x05bf, 0x05bf, 0x05bf, 0x6b36, 0x6b36, 0x6b36, 0x6b36, 0x080a, 0x080a,
    0x080a, 0x080a, 0x080a, 0x080a, 0x080a, 0x080a, 0x080a, 0x080a, 0x080a, 0x080a, 0x080a, 0x080a, 0x080a, 0x080a, 0x080a, 0x080a,
    0x080a, 0x080a, 0x080a, 0x080a, 0x080a, 0x080a, 0x080a, 0x080a, 0x080a, 0x080a, 0x080a, 0x080a, 0x080a, 0x080a, 0x080a, 0x080a,
    0x080a, 0x080a, 0x080a, 0x080a, 0x080a, 0x080a, 0x080a, 0x080a, 0x080a, 0x080a, 0x080a, 0x0000, 0x0000, 0x0000, 0x0000, 0x0000,
    0x0000, 0x0000, 0x0000, 0x0000, 0x0000, 0x0000, 0x0000, 0x0000, 0x0000, 0x0000, 0x0000, 0x0000, 0x0000, 0x0000, 0x0000, 0x0000,
    0x0000, 0x0000, 0x0000, 0x0000, 0x0000, 0x0000, 0x0000, 0x0000, 0x0000, 0x0000, 0x0000, 0x0000, 0x0000, 0x0000, 0x0000, 0x0000,
    0xf800, 0xf800, 0xf800, 0xf800, 0xf800, 0xf800, 0xf800, 0xf800, 0x05bf, 0x05bf, 0x05bf, 0x05bf, 0x05bf, 0x05bf, 0x05bf, 0x05bf,
    0x05bf, 0x05bf, 0x05bf, 0x05bf, 0x05bf, 0x05bf, 0x05bf, 0x05bf, 0x05bf, 0x05bf, 0x05bf, 0x05bf, 0x05bf, 0x05bf, 0x05bf, 0x05bf,
    0x05bf, 0x05bf, 0xf800, 0xf800, 0xf800, 0xf800, 0xf800, 0xf800, 0xf800, 0xf800, 0xf800, 0xf800, 0xf800, 0x05bf, 0x05bf, 0x05bf,
    0x05bf, 0x05bf, 0x05bf, 0x05bf, 0x05bf, 0x05bf, 0x05bf, 0x05bf, 0x05bf, 0x05bf, 0x05bf, 0x05bf, 0x05bf, 0x05bf, 0x05bf, 0x05bf,
    0x05bf, 0x05bf, 0x05bf, 0x05bf, 0xf800, 0xf800, 0xf800, 0xf800, 0xf800, 0xf800, 0xf800, 0xf800, 0xf800, 0xf800, 0xf800, 0x05bf,
    0x05bf, 0x05bf, 0x05bf, 0x05bf, 0x05bf, 0x05bf, 0x05bf, 0x05bf, 0x05bf, 0x05bf, 0x05bf, 0x05bf, 0x05bf, 0x05bf, 0x05bf, 0x05bf,
    0x05bf, 0x05bf, 0x2194, 0x2194, 0x2194, 0x2194, 0x2194, 0x2194, 0x2194, 0x2194, 0x2194, 0x2194, 0x2194, 0x2194, 0x2194, 0x2194,
    0x2194, 0x2194, 0x2194, 0x2194, 0x2194, 0x2194, 0x2194, 0x2194, 0x6b36, 0x6b36, 0x6b36, 0x6b36, 0x6b36, 0x6b36, 0x6b36, 0x6b36,
    0x6b36, 0x6b36, 0x6b36, 0x6b36, 0x6b36, 0x6b36, 0x6b36, 0x05bf, 0x05bf, 0x05bf, 0x05bf, 0x05bf, 0x05bf, 0x05bf, 0x05bf, 0x05bf,
    0x05bf, 0x05bf, 0x080a, 0x080a, 0x080a, 0x080a, 0x080a, 0x080a, 0x080a, 0x080a, 0x080a, 0x080a, 0x080a, 0x080a, 0x080a, 0x080a,
    0x080a, 0x080a, 0x080a, 0x080a, 0x080a, 0x080a, 0x080a, 0x080a, 0x080a, 0x080a, 0x080a, 0x080a, 0x080a, 0x080a, 0x080a, 0x080a,
    0x080a, 0x080a, 0x080a, 0x080a, 0x080a, 0x080a, 0x080a, 0x080a, 0x080a, 0x080a, 0x080a, 0x080a, 0x0000, 0x0000, 0x0000, 0x0000,
    0x0000, 0x0000, 0x0000, 0x0000, 0x0000, 0x0000, 0x0000, 0x0000, 0x0000, 0x0000, 0x0000, 0x0000, 0x0000, 0x0000, 0x0000, 0x0000,
    0x0000, 0x0000, 0x0000, 0x0000, 0x0000, 0x0000, 0x0000, 0x0000, 0x0000, 0x0000, 0xffff, 0xffff, 0xffff, 0xffff, 0xffff, 0xffff,
    0xffff, 0xffff, 0xffff, 0xffff, 0xffff, 0xffff, 0xffff, 0xffff, 0xffff, 0xffff, 0xffff, 0xffff, 0xffff, 0xffff, 0xffff, 0xffff,
    0xf800, 0xf800, 0xf800, 0xf800, 0xf800, 0xf800, 0xf800, 0xf800, 0x05bf, 0x05bf, 0x05bf, 0x05bf, 0x05bf, 0x05bf, 0x05bf, 0x05bf,
    0x05bf, 0x05bf, 0x05bf, 0x05bf, 0x05bf, 0x05bf, 0x05bf, 0x05bf, 0x05bf, 0x05bf, 0x05bf, 0x05bf, 0x05bf, 0x05bf, 0x05bf, 0x05bf,
    0x05bf, 0x05bf, 0xf800, 0xf800, 0xf800, 0xf800, 0xf800, 0xf800, 0xf800, 0xf800, 0xf800, 0xf800, 0xf800, 0x05bf, 0x05bf, 0x05bf,
    0x05bf, 0x05bf, 0x05bf, 0x05bf, 0x05bf, 0x05bf, 0x05bf, 0x05bf, 0x05bf, 0x05bf, 0x05bf, 0x05bf, 0x05bf, 0x05bf, 0x05bf, 0x05bf,
    0x05bf, 0x05bf, 0x05bf, 0x05bf, 0xf800, 0xf800, 0xf800, 0xf800, 0xf800, 0xf800, 0xf800, 0xf800, 0xf800, 0xf800, 0xf800, 0x05bf,
    0x05bf, 0x05bf, 0x05bf, 0x05bf, 0x05bf, 0x05bf, 0x05bf, 0x05bf, 0x05bf, 0x05bf, 0x05bf, 0x05bf, 0x05bf, 0x05bf, 0x05bf, 0x05bf,
    0x05bf, 0x05bf, 0x2194, 0x2194, 0x2194, 0x2194, 0x2194, 0x2194, 0x2194, 0x2194, 0x2194, 0x2194, 0x2194, 0x2194, 0x2194, 0x2194,
    0x2194, 0x2194, 0x2194, 0x2194, 0x2194, 0x2194, 0x2194, 0x2194, 0x6b36, 0x6b36, 0x6b36, 0x6b36, 0x6b36, 0x6b36, 0x6b36, 0x6b36,
    0x6b36, 0x6b36, 0x6b36, 0x6b36, 0x6b36, 0x6b36, 0x6b36, 0x05bf, 0x05bf, 0x05bf, 0x05bf, 0x05bf, 0x05bf, 0x05bf, 0x05bf, 0x05bf,
    0x05bf, 0x05bf, 0x080a, 0x080a, 0x080a, 0x080a, 0x080a, 0x080a, 0x080a, 0x080a, 0x080a, 0x080a, 0x080a, 0x080a, 0x080a, 0x080a,
    0x080a, 0x080a, 0x080a, 0x080a, 0x080a, 0x080a, 0x080a, 0x080a, 0x080a, 0x080a, 0x080a, 0x080a, 0x080a, 0x080a, 0x080a, 0x080a,
    0x080a, 0x080a, 0x080a, 0x080a, 0x080a, 0x080a, 0x080a, 0x080a, 0x080a, 0x080a, 0x080a, 0x080a, 0x0000, 0x0000, 0x0000, 0x0000,
    0x0000, 0x0000, 0x0000, 0x0000, 0x0000, 0x0000, 0x0000, 0x0000, 0x0000, 0x0000, 0x0000, 0x0000, 0x0000, 0x0000, 0x0000, 0x0000,
    0x0000, 0x0000, 0x0000, 0x0000, 0x0000, 0x0000, 0x0000, 0x0000, 0x0000, 0x0000, 0xffff, 0xffff, 0xffff, 0xffff, 0xffff, 0xffff,
    0xffff, 0xffff, 0xffff, 0xffff, 0xffff, 0xffff, 0xffff, 0xffff, 0xffff, 0xffff, 0xffff, 0xffff, 0xffff, 0xffff, 0xffff, 0xffff,
    0xf800, 0xf800, 0xf800, 0xf800, 0xf800, 0xf800, 0xf800, 0xf800, 0x05bf, 0x05bf, 0x05bf, 0x05bf, 0x05bf, 0x05bf, 0x05bf, 0x05bf,
    0x05bf, 0x05bf, 0x05bf, 0x05bf, 0x05bf, 0x05bf, 0x05bf, 0x05bf, 0x05bf, 0x05bf, 0x05bf, 0x05bf, 0x05bf, 0x05bf, 0x05bf, 0x05bf,
    0x05bf, 0x05bf, 0xf800, 0xf800, 0xf800, 0xf800, 0xf800, 0xf800, 0xf800, 0xf800, 0xf800, 0xf800, 0xf800, 0x05bf, 0x05bf, 0x05bf,
    0x05bf, 0x05bf, 0x05bf, 0x05bf, 0x05bf, 0x05bf, 0x05bf, 0x05bf, 0x05bf, 0x05bf, 0x05bf, 0x05bf, 0x05bf, 0x05bf, 0x05bf, 0x05bf,
    0x05bf, 0x05bf, 0x05bf, 0x05bf, 0xf800, 0xf800, 0xf800, 0xf800, 0xf800, 0xf800, 0xf800, 0xf800, 0xf800, 0xf800, 0xf800, 0x05bf,
    0x05bf, 0x05bf, 0x05bf, 0x05bf, 0x05bf, 0x05bf, 0x05bf, 0x05bf, 0x05bf, 0x05bf, 0x05bf, 0x05bf, 0x05bf, 0x05bf, 0x05bf, 0x05bf,
    0x05bf, 0x05bf, 0x2194, 0x2194, 0x2194, 0x2194, 0x2194, 0x2194, 0x2194, 0x2194, 0x2194, 0x2194, 0x2194, 0x2194, 0x2194, 0x2194,
    0x2194, 0x2194, 0x2194, 0x2194, 0x2194, 0x2194, 0x2194, 0x2194, 0x6b36, 0x6b36, 0x6b36, 0x6b36, 0x6b36, 0x6b36, 0x6b36, 0x6b36,
    0x6b36, 0x6b36, 0x6b36, 0x6b36, 0x6b36, 0x6b36, 0x6b36, 0x05bf, 0x05bf, 0x05bf, 0x05bf, 0x05bf, 0x05bf, 0x05bf, 0x05bf, 0x05bf,
    0x05bf, 0x05bf, 0x080a, 0x080a, 0x080a, 0x080a, 0x080a, 0x080a, 0x080a, 0x080a, 0x080a, 0x080a, 0x080a, 0x080a, 0x080a, 0x080a,
    0x080a, 0x080a, 0x080a, 0x080a, 0x080a, 0x080a, 0x080a, 0x080a, 0x080a, 0x080a, 0x080a, 0x080a, 0x080a, 0x080a, 0x080a, 0x080a,
    0x080a, 0x080a, 0x080a, 0x080a, 0x080a, 0x080a, 0x080a, 0x080a, 0x080a, 0x080a, 0x080a, 0x080a, 0x0000, 0x0000, 0x0000, 0x0000,
    0x0000, 0x0000, 0x0000, 0x0000, 0x0000, 0x0000, 0x0000, 0x0000, 0x0000, 0x0000, 0x0000, 0x0000, 0x0000, 0x0000, 0x0000, 0x0000,
    0x0000, 0x0000, 0x0000, 0x0000, 0x0000, 0x0000, 0x0000, 0x0000, 0x0000, 0x0000, 0xffff, 0xffff, 0xffff, 0xffff, 0xffff, 0xffff,
    0xffff, 0xffff, 0xffff, 0xffff, 0xffff, 0xffff, 0xffff, 0xffff, 0xffff, 0xffff, 0xffff, 0xffff, 0xffff, 0xffff, 0xffff, 0xffff,
    0xf800, 0xf800, 0xf800, 0xf800, 0xf800, 0xf800, 0xf800, 0xf800, 0x05bf, 0x05bf, 0x05bf, 0x05bf, 0x05bf, 0x05bf, 0x05bf, 0x05bf,
    0x05bf, 0x05bf, 0x05bf, 0x05bf, 0x05bf, 0x05bf, 0x05bf, 0x05bf, 0x05bf, 0x05bf, 0x05bf, 0x05bf, 0x05bf, 0x05bf, 0x05bf, 0x05bf,
    0x05bf, 0x05bf, 0xf800, 0xf800, 0xf800, 0xf800, 0xf800, 0xf800, 0xf800, 0xf800, 0xf800, 0xf800, 0xf800, 0x05bf, 0x05bf, 0x05bf,
    0x05bf, 0x05bf, 0x05bf, 0x05bf, 0x05bf, 0x05bf, 0x05bf, 0x05bf, 0x05bf, 0x05bf, 0x05bf, 0x05bf, 0x05bf, 0x05bf, 0x05bf, 0x05bf,
    0x05bf, 0x05bf, 0x05bf, 0x05bf, 0xf800, 0xf800, 0xf800, 0xf800, 0xf800, 0xf800, 0xf800, 0xf800, 0xf800, 0xf800, 0xf800, 0x05bf,
    0x05bf, 0x05bf, 0x05bf, 0x05bf, 0x05bf, 0x05bf, 0x05bf, 0x05bf, 0x05bf, 0x05bf, 0x05bf, 0x05bf, 0x05bf, 0x05bf, 0x05bf, 0x05bf,
    0x05bf, 0x05bf, 0x2194, 0x2194, 0x2194, 0x2194, 0x2194, 0x2194, 0x2194, 0x2194, 0x2194, 0x2194, 0x2194, 0x2194, 0x2194, 0x2194,
    0x2194, 0x2194, 0x2194, 0x2194, 0x2194, 0x2194, 0x2194, 0x2194, 0x6b36, 0x6b36, 0x6b36, 0x6b36, 0x6b36, 0x6b36, 0x6b36, 0x6b36,
    0x6b36, 0x6b36, 0x6b36, 0x6b36, 0x6b36, 0x6b36, 0x6b36, 0x05bf, 0x05bf, 0x05bf, 0x05bf, 0x05bf, 0x05bf, 0x05bf, 0x05bf, 0x05bf,
    0x05bf, 0x05bf, 0x080a, 0x080a, 0x080a, 0x080a, 0x080a, 0x080a, 0x080a, 0x080a, 0x080a, 0x080a, 0x080a, 0x080a, 0x080a, 0x080a,
    0x080a, 0x080a, 0x080a, 0x080a, 0x080a, 0x080a, 0x080a, 0x080a, 0x080a, 0x080a, 0x080a, 0x080a, 0x080a, 0x080a, 0x080a, 0x080a,
    0x080a, 0x080a, 0x080a, 0x080a, 0x080a, 0x080a, 0x080a, 0x080a, 0x080a, 0x080a, 0x080a, 0x080a, 0x0000, 0x0000, 0x0000, 0x0000,
    0x0000, 0x0000, 0x0000, 0x0000, 0x0000, 0x0000, 0x0000, 0x0000, 0x0000, 0x0000, 0x0000, 0x0000, 0x0000, 0x0000, 0x0000, 0x0000,
    0x0000, 0x0000, 0x0000, 0x0000, 0x0000, 0x0000, 0x0000, 0x0000, 0x0000, 0x0000, 0xffff, 0xffff, 0xffff, 0xffff, 0xffff, 0xffff,
    0xffff, 0xffff, 0xffff, 0xffff, 0xffff, 0xffff, 0xffff, 0xffff, 0xffff, 0xffff, 0xffff, 0xffff, 0xffff, 0xffff, 0xffff, 0xffff,
    0x05bf, 0x05bf, 0x05bf, 0x05bf, 0x05bf, 0x05bf, 0x05bf, 0x05bf, 0x05bf, 0x05bf, 0x05bf, 0x05bf, 0x05bf, 0x05bf, 0x05bf, 0x05bf,
    0x05bf, 0x05bf, 0x05bf, 0x05bf, 0x05bf, 0x05bf, 0x05bf, 0x05bf, 0x05bf, 0x05bf, 0x05bf, 0x05bf, 0x05bf, 0x05bf, 0xf800, 0xf800,
    0xf800, 0xf800, 0xf800, 0xf800, 0xf800, 0xf800, 0x05bf, 0x05bf, 0x05bf, 0x05bf, 0x05bf, 0x05bf, 0x05bf, 0x05bf, 0x05bf, 0x05bf,
    0x05bf, 0x05bf, 0x05bf, 0x05bf, 0x05bf, 0x05bf, 0x05bf, 0x05bf, 0x05bf, 0x05bf, 0x05bf, 0x05bf, 0xf800, 0xf800, 0xf800, 0xf800,
    0xf800, 0xf800, 0xf800, 0xf800, 0xf800, 0xf800, 0xf800, 0x05bf, 0x05bf, 0x05bf, 0x05bf, 0x05bf, 0x05bf, 0x05bf, 0x05bf, 0x05bf,
    0x05bf, 0x05bf, 0x05bf, 0x05bf, 0x05bf, 0x05bf, 0x05bf, 0x05bf, 0x05bf, 0x05bf, 0x05bf, 0x05bf, 0x05bf, 0x05bf, 0x05bf, 0x05bf,
    0x05bf, 0x05bf, 0x2194, 0x2194, 0x2194, 0x2194, 0x2194, 0x2194, 0x2194, 0x2194, 0x2194, 0x2194, 0x2194, 0x2194, 0x2194, 0x2194,
    0x2194, 0x2194, 0x2194, 0x2194, 0x2194, 0x2194, 0x2194, 0x2194, 0x6b36, 0x6b36, 0x6b36, 0x6b36, 0x6b36, 0x6b36, 0x6b36, 0x6b36,
    0x6b36, 0x6b36, 0x6b36, 0x05bf, 0x05bf, 0x05bf, 0x05bf, 0x05bf, 0x05bf, 0x05bf, 0x05bf, 0x080a, 0x080a, 0x080a, 0x080a, 0x080a,
    0x080a, 0x080a, 0x080a, 0x080a, 0x080a, 0x080a, 0x080a, 0x080a, 0x080a, 0x080a, 0x080a, 0x080a, 0x080a, 0x080a, 0x080a, 0x080a,
    0x080a, 0x080a, 0x080a, 0x080a, 0x080a, 0x080a, 0x080a, 0x080a, 0x080a, 0x080a, 0x080a, 0x080a, 0x080a, 0x080a, 0x080a, 0x080a,
    0x080a, 0x080a, 0x080a, 0x080a, 0x080a, 0x080a, 0x080a, 0x080a, 0x080a, 0x080a, 0x080a, 0x080a, 0x0000, 0x0000, 0x0000, 0x0000,
    0x0000, 0x0000, 0x0000, 0x0000, 0x0000, 0x0000, 0x0000, 0x0000, 0x0000, 0x0000, 0x0000, 0x0000, 0x0000, 0x0000, 0x0000, 0x0000,
    0x0000, 0x0000, 0x0000, 0x0000, 0x0000, 0x0000, 0x0000, 0x0000, 0x0000, 0x0000, 0xffff, 0xffff, 0xffff, 0xffff, 0xffff, 0xffff,
    0xffff, 0xffff, 0xffff, 0xffff, 0xffff, 0xffff, 0xffff, 0xffff, 0xffff, 0xffff, 0xffff, 0xffff, 0xffff, 0xffff, 0xffff, 0xffff,
    0x05bf, 0x05bf, 0x05bf, 0x05bf, 0x05bf, 0x05bf, 0x05bf, 0x05bf, 0x05bf, 0x05bf, 0x05bf, 0x05bf, 0x05bf, 0x05bf, 0x05bf, 0x05bf,
    0x05bf, 0x05bf, 0x05bf, 0x05bf, 0x05bf, 0x05bf, 0x05bf, 0x05bf, 0x05bf, 0x05bf, 0x05bf, 0x05bf, 0x05bf, 0x05bf, 0xf800, 0xf800,
    0xf800, 0xf800, 0xf800, 0xf800, 0xf800, 0xf800, 0x05bf, 0x05bf, 0x05bf, 0x05bf, 0x05bf, 0x05bf, 0x05bf, 0x05bf, 0x05bf, 0x05bf,
    0x05bf, 0x05bf, 0x05bf, 0x05bf, 0x05bf, 0x05bf, 0x05bf, 0x05bf, 0x05bf, 0x05bf, 0x05bf, 0x05bf, 0xf800, 0xf800, 0xf800, 0xf800,
    0xf800, 0xf800, 0xf800, 0xf800, 0xf800, 0xf800, 0xf800, 0x05bf, 0x05bf, 0x05bf, 0x05bf, 0x05bf, 0x05bf, 0x05bf, 0x05bf, 0x05bf,
    0x05bf, 0x05bf, 0x05bf, 0x05bf, 0x05bf, 0x05bf, 0x05bf, 0x05bf, 0x05bf, 0x05bf, 0x05bf, 0x05bf, 0x05bf, 0x05bf, 0x05bf, 0x05bf,
    0x05bf, 0x05bf, 0x2194, 0x2194, 0x2194, 0x2194, 0x2194, 0x2194, 0x2194, 0x2194, 0x2194, 0x2194, 0x2194, 0x2194, 0x2194, 0x2194,
    0x2194, 0x2194, 0x2194, 0x2194, 0x2194, 0x2194, 0x2194, 0x2194, 0x6b36, 0x6b36, 0x6b36, 0x6b36, 0x6b36, 0x6b36, 0x6b36, 0x6b36,
    0x6b36, 0x6b36, 0x6b36, 0x05bf, 0x05bf, 0x05bf, 0x05bf, 0x05bf, 0x05bf, 0x05bf, 0x05bf, 0x080a, 0x080a, 0x080a, 0x080a, 0x080a,
    0x080a, 0x080a, 0x080a, 0x080a, 0x080a, 0x080a, 0x080a, 0x080a, 0x080a, 0x080a, 0x080a, 0x080a, 0x080a, 0x080a, 0x080a, 0x080a,
    0x080a, 0x080a, 0x080a, 0x080a, 0x080a, 0x080a, 0x080a, 0x080a, 0x080a, 0x080a, 0x080a, 0x080a, 0x080a, 0x080a, 0x080a, 0x080a,
    0x080a, 0x080a, 0x080a, 0x080a, 0x080a, 0x080a, 0x080a, 0x080a, 0x080a, 0x080a, 0x080a, 0x080a, 0x0000, 0x0000, 0x0000, 0x0000,
    0x0000, 0x0000, 0x0000, 0x0000, 0x0000, 0x0000, 0x0000, 0x0000, 0x0000, 0x0000, 0x0000, 0x0000, 0x0000, 0x0000, 0x0000, 0x0000,
    0x0000, 0x0000, 0x0000, 0x0000, 0x0000, 0x0000, 0x0000, 0x0000, 0x0000, 0x0000, 0xffff, 0xffff, 0xffff, 0xffff, 0xffff, 0xffff,
    0xffff, 0xffff, 0xffff, 0xffff, 0xffff, 0xffff, 0xffff, 0xffff, 0xffff, 0xffff, 0xffff, 0xffff, 0xffff, 0xffff, 0xffff, 0xffff,
    0x05bf, 0x05bf, 0x05bf, 0x05bf, 0x05bf, 0x05bf, 0x05bf, 0x05bf, 0x05bf, 0x05bf, 0x05bf, 0x05bf, 0x05bf, 0x05bf, 0x05bf, 0x05bf,
    0x05bf, 0x05bf, 0x05bf, 0x05bf, 0x05bf, 0x05bf, 0x05bf, 0x05bf, 0x05bf, 0x05bf, 0x05bf, 0x05bf, 0x05bf, 0x05bf, 0xf800, 0xf800,
    0xf800, 0xf800, 0xf800, 0xf800, 0xf800, 0xf800, 0x05bf, 0x05bf, 0x05bf, 0x05bf, 0x05bf, 0x05bf, 0x05bf, 0x05bf, 0x05bf, 0x05bf,
    0x05bf, 0x05bf, 0x05bf, 0x05bf, 0x05bf, 0x05bf, 0x05bf, 0x05bf, 0x05bf, 0x05bf, 0x05bf, 0x05bf, 0xf800, 0xf800, 0xf800, 0xf800,
    0xf800, 0xf800, 0xf800, 0xf800, 0xf800, 0xf800, 0xf800, 0x05bf, 0x05bf, 0x05bf, 0x05bf, 0x05bf, 0x05bf, 0x05bf, 0x05bf, 0x05bf,
    0x05bf, 0x05bf, 0x05bf, 0x05bf, 0x05bf, 0x05bf, 0x05bf, 0x05bf, 0x05bf, 0x05bf, 0x05bf, 0x05bf, 0x05bf, 0x05bf, 0x05bf, 0x05bf,
    0x05bf, 0x05bf, 0x2194, 0x2194, 0x2194, 0x2194, 0x2194, 0x2194, 0x2194, 0x2194, 0x2194, 0x2194, 0x2194, 0x2194, 0x2194, 0x2194,
    0x2194, 0x2194, 0x2194, 0x2194, 0x2194, 0x2194, 0x2194, 0x2194, 0x6b36, 0x6b36, 0x6b36, 0x6b36, 0x6b36, 0x6b36, 0x6b36, 0x6b36,
    0x6b36, 0x6b36, 0x6b36, 0x05bf, 0x05bf, 0x05bf, 0x05bf, 0x05bf, 0x05bf, 0x05bf, 0x05bf, 0x080a, 0x080a, 0x080a, 0x080a, 0x080a,
    0x080a, 0x080a, 0x080a, 0x080a, 0x080a, 0x080a, 0x080a, 0x080a, 0x080a, 0x080a, 0x080a, 0x080a, 0x080a, 0x080a, 0x080a, 0x080a,
    0x080a, 0x080a, 0x080a, 0x080a, 0x080a, 0x080a, 0x080a, 0x080a, 0x080a, 0x080a, 0x080a, 0x080a, 0x080a, 0x080a, 0x080a, 0x080a,
    0x080a, 0x080a, 0x080a, 0x080a, 0x080a, 0x080a, 0x080a, 0x080a, 0x080a, 0x080a, 0x080a, 0x080a, 0x0000, 0x0000, 0x0000, 0x0000,
    0x0000, 0x0000, 0x0000, 0x0000, 0x0000, 0x0000, 0x0000, 0x0000, 0x0000, 0x0000, 0x0000, 0x0000, 0x0000, 0x0000, 0x0000, 0x0000,
    0x0000, 0x0000, 0x0000, 0x0000, 0x0000, 0x0000, 0x0000, 0x0000, 0x0000, 0x0000, 0xffff, 0xffff, 0xffff, 0xffff, 0xffff, 0xffff,
    0xffff, 0xffff, 0xffff, 0xffff, 0xffff, 0xffff, 0xffff, 0xffff, 0xffff, 0xffff, 0xffff, 0xffff, 0xffff, 0xffff, 0xffff, 0xffff,
    0x05bf, 0x05bf, 0x05bf, 0x05bf, 0x05bf, 0x05bf, 0x05bf, 0x05bf, 0x05bf, 0x05bf, 0x05bf, 0x05bf, 0x05bf, 0x05bf, 0x05bf, 0x05bf,
    0x05bf, 0x05bf, 0x05bf, 0x05bf, 0x05bf, 0x05bf, 0x05bf, 0x05bf, 0x05bf, 0x05bf, 0x05bf, 0x05bf, 0x05bf, 0x05bf, 0xf800, 0xf800,
    0xf800, 0xf800, 0xf800, 0xf800, 0xf800, 0xf800, 0x05bf, 0x05bf, 0x05bf, 0x05bf, 0x05bf, 0x05bf, 0x05bf, 0x05bf, 0x05bf, 0x05bf,
    0x05bf, 0x05bf, 0x05bf, 0x05bf, 0x05bf, 0x05bf, 0x05bf, 0x05bf, 0x05bf, 0x05bf, 0x05bf, 0x05bf, 0xf800, 0xf800, 0xf800, 0xf800,
    0xf800, 0xf800, 0xf800, 0xf800, 0xf800, 0xf800, 0xf800, 0x05bf, 0x05bf, 0x05bf, 0x05bf, 0x05bf, 0x05bf, 0x05bf, 0x05bf, 0x05bf,
    0x05bf, 0x05bf, 0x05bf, 0x05bf, 0x05bf, 0x05bf, 0x05bf, 0x05bf, 0x05bf, 0x05bf, 0x05bf, 0x05bf, 0x05bf, 0x05bf, 0x05bf, 0x05bf,
    0x05bf, 0x05bf, 0x2194, 0x2194, 0x2194, 0x2194, 0x2194, 0x2194, 0x2194, 0x2194, 0x2194, 0x2194, 0x2194, 0x2194, 0x2194, 0x2194,
    0x2194, 0x2194, 0x2194, 0x2194, 0x2194, 0x2194, 0x2194, 0x2194, 0x6b36, 0x6b36, 0x6b36, 0x6b36, 0x6b36, 0x6b36, 0x6b36, 0x6b36,
    0x6b36, 0x6b36, 0x6b36, 0x05bf, 0x05bf, 0x05bf, 0x05bf, 0x05bf, 0x05bf, 0x05bf, 0x05bf, 0x080a, 0x080a, 0x080a, 0x080a, 0x080a,
    0x080a, 0x080a, 0x080a, 0x080a, 0x080a, 0x080a, 0x080a, 0x080a, 0x080a, 0x080a, 0x080a, 0x080a, 0x080a, 0x080a, 0x080a, 0x080a,
    0x080a, 0x080a, 0x080a, 0x080a, 0x080a, 0x080a, 0x080a, 0x080a, 0x080a, 0x080a, 0x080a, 0x080a, 0x080a, 0x080a, 0x080a, 0x080a,
    0x080a, 0x080a, 0x080a, 0x080a, 0x080a, 0x080a, 0x080a, 0x080a, 0x080a, 0x080a, 0x080a, 0x080a, 0x0000, 0x0000, 0x0000, 0x0000,
    0x0000, 0x0000, 0x0000, 0x0000, 0x0000, 0x0000, 0x0000, 0x0000, 0x0000, 0x0000, 0x0000, 0x0000, 0x0000, 0x0000, 0x0000, 0x0000,
    0x0000, 0x0000, 0x0000, 0x0000, 0x0000, 0x0000, 0x0000, 0x0000, 0x0000, 0x0000, 0xffff, 0xffff, 0xffff, 0xffff, 0xffff, 0xffff,
    0xffff, 0xffff, 0xffff, 0xffff, 0xffff, 0xffff, 0xffff, 0xffff, 0xffff, 0xffff, 0xffff, 0xffff, 0xffff, 0xffff, 0xffff, 0xffff,
    0x05bf, 0x05bf, 0x05bf, 0x05bf, 0x05bf, 0x05bf, 0x05bf, 0x05bf, 0x05bf, 0x05bf, 0x05bf, 0x05bf, 0x05bf, 0x05bf, 0x05bf, 0x05bf,
    0x05bf, 0x05bf, 0x05bf, 0x05bf, 0x05bf, 0x05bf, 0x05bf, 0xf800, 0xf800, 0xf800, 0xf800, 0xf800, 0xf800, 0xf800, 0xf800, 0xf800,
    0xf800, 0xf800, 0x05bf, 0x05bf, 0x05bf, 0x05bf, 0x05bf, 0x05bf, 0x05bf, 0x05bf, 0x05bf, 0x05bf, 0x05bf, 0x05bf, 0x05bf, 0x05bf,
    0x05bf, 0x05bf, 0x05bf, 0x05bf, 0x05bf, 0xf800, 0xf800, 0xf800, 0xf800, 0xf800, 0xf800, 0xf800, 0xf800, 0xf800, 0xf800, 0xf800,
    0x05bf, 0x05bf, 0x05bf, 0x05bf, 0x05bf, 0x05bf, 0x05bf, 0x05bf, 0x05bf, 0x05bf, 0x05bf, 0x05bf, 0x05bf, 0x05bf, 0x05bf, 0x05bf,
    0x05bf, 0x05bf, 0x05bf, 0x2194, 0x2194, 0x2194, 0x2194, 0x2194, 0x2194, 0x2194, 0x2194, 0x2194, 0x2194, 0x2194, 0x2194, 0x2194,
    0x2194, 0x2194, 0x2194, 0x2194, 0x2194, 0x2194, 0x2194, 0x2194, 0x2194, 0x6b36, 0x6b36, 0x6b36, 0x6b36, 0x6b36, 0x6b36, 0x6b36,
    0x6b36, 0x6b36, 0x6b36, 0x6b36, 0x6b36, 0x6b36, 0x6b36, 0x6b36, 0x05bf, 0x05bf, 0x05bf, 0x05bf, 0x05bf, 0x05bf, 0x05bf, 0x05bf,
    0x05bf, 0x05bf, 0x05bf, 0x05bf, 0x05bf, 0x05bf, 0x05bf, 0x080a, 0x080a, 0x080a, 0x080a, 0x080a, 0x080a, 0x080a, 0x080a, 0x080a,
    0x080a, 0x080a, 0x080a, 0x080a, 0x080a, 0x080a, 0x080a, 0x080a, 0x080a, 0x080a, 0x080a, 0x080a, 0x080a, 0x080a, 0x080a, 0x080a,
    0x080a, 0x080a, 0x080a, 0x080a, 0x080a, 0x080a, 0x080a, 0x080a, 0x080a, 0x080a, 0x080a, 0x080a, 0x080a, 0x0000, 0x0000, 0x0000,
    0x0000, 0x0000, 0x0000, 0x0000, 0x0000, 0x0000, 0x0000, 0x0000, 0x0000, 0x0000, 0x0000, 0x0000, 0x0000, 0x0000, 0x0000, 0x0000,
    0x0000, 0x0000, 0x0000, 0xffff, 0xffff, 0xffff, 0xffff, 0xffff, 0xffff, 0xffff, 0xffff, 0xffff, 0xffff, 0xffff, 0xffff, 0xffff,
    0xffff, 0xffff, 0xffff, 0xffff, 0xffff, 0xffff, 0xffff, 0xffff, 0xffff, 0xffff, 0xffff, 0xffff, 0xffff, 0xffff, 0xffff, 0xffff,
    0xffff, 0xffff, 0xffff, 0xffff, 0xffff, 0xffff, 0xffff, 0xffff, 0xffff, 0xffff, 0xffff, 0xffff, 0xffff, 0xffff, 0xffff, 0xffff,
    0x05bf, 0x05bf, 0x05bf, 0x05bf, 0x05bf, 0x05bf, 0x05bf, 0x05bf, 0x05bf, 0x05bf, 0x05bf, 0x05bf, 0x05bf, 0x05bf, 0x05bf, 0x05bf,
    0x05bf, 0x05bf, 0x05bf, 0x05bf, 0x05bf, 0x05bf, 0x05bf, 0xf800, 0xf800, 0xf800, 0xf800, 0xf800, 0xf800, 0xf800, 0xf800, 0xf800,
    0xf800, 0xf800, 0x05bf, 0x05bf, 0x05bf, 0x05bf, 0x05bf, 0x05bf, 0x05bf, 0x05bf, 0x05bf, 0x05bf, 0x05bf, 0x05bf, 0x05bf, 0x05bf,
    0x05bf, 0x05bf, 0x05bf, 0x05bf, 0x05bf, 0xf800, 0xf800, 0xf800, 0xf800, 0xf800, 0xf800, 0xf800, 0xf800, 0xf800, 0xf800, 0xf800,
    0x05bf, 0x05bf, 0x05bf, 0x05bf, 0x05bf, 0x05bf, 0x05bf, 0x05bf, 0x05bf, 0x05bf, 0x05bf, 0x05bf, 0x05bf, 0x05bf, 0x05bf, 0x05bf,
    0x05bf, 0x05bf, 0x05bf, 0x2194, 0x2194, 0x2194, 0x2194, 0x2194, 0x2194, 0x2194, 0x2194, 0x2194, 0x2194, 0x2194, 0x2194, 0x2194,
    0x2194, 0x2194, 0x2194, 0x2194, 0x2194, 0x2194, 0x2194, 0x2194, 0x2194, 0x6b36, 0x6b36, 0x6b36, 0x6b36, 0x6b36, 0x6b36, 0x6b36,
    0x6b36, 0x6b36, 0x6b36, 0x6b36, 0x6b36, 0x6b36, 0x6b36, 0x6b36, 0x05bf, 0x05bf, 0x05bf, 0x05bf, 0x05bf, 0x05bf, 0x05bf, 0x05bf,
    0x05bf, 0x05bf, 0x05bf, 0x05bf, 0x05bf, 0x05bf, 0x05bf, 0x080a, 0x080a, 0x080a, 0x080a, 0x080a, 0x080a, 0x080a, 0x080a, 0x080a,
    0x080a, 0x080a, 0x080a, 0x080a, 0x080a, 0x080a, 0x080a, 0x080a, 0x080a, 0x080a, 0x080a, 0x080a, 0x080a, 0x080a, 0x080a, 0x080a,
    0x080a, 0x080a, 0x080a, 0x080a, 0x080a, 0x080a, 0x080a, 0x080a, 0x080a, 0x080a, 0x080a, 0x080a, 0x080a, 0x0000, 0x0000, 0x0000,
    0x0000, 0x0000, 0x0000, 0x0000, 0x0000, 0x0000, 0x0000, 0x0000, 0x0000, 0x0000, 0x0000, 0x0000, 0x0000, 0x0000, 0x0000, 0x0000,
    0x0000, 0x0000, 0x0000, 0xffff, 0xffff, 0xffff, 0xffff, 0xffff, 0xffff, 0xffff, 0xffff, 0xffff, 0xffff, 0xffff, 0xffff, 0xffff,
    0xffff, 0xffff, 0xffff, 0xffff, 0xffff, 0xffff, 0xffff, 0xffff, 0xffff, 0xffff, 0xffff, 0xffff, 0xffff, 0xffff, 0xffff, 0xffff,
    0xffff, 0xffff, 0xffff, 0xffff, 0xffff, 0xffff, 0xffff, 0xffff, 0xffff, 0xffff, 0xffff, 0xffff, 0xffff, 0xffff, 0xffff, 0xffff,
    0x05bf, 0x05bf, 0x05bf, 0x05bf, 0x05bf, 0x05bf, 0x05bf, 0x05bf, 0x05bf, 0x05bf, 0x05bf, 0x05bf, 0x05bf, 0x05bf, 0x05bf, 0x05bf,
    0x05bf, 0x05bf, 0x05bf, 0x05bf, 0x05bf, 0x05bf, 0x05bf, 0xf800, 0xf800, 0xf800, 0xf800, 0xf800, 0xf800, 0xf800, 0xf800, 0xf800,
    0xf800, 0xf800, 0x05bf, 0x05bf, 0x05bf, 0x05bf, 0x05bf, 0x05bf, 0x05bf, 0x05bf, 0x05bf, 0x05bf, 0x05bf, 0x05bf, 0x05bf, 0x05bf,
    0x05bf, 0x05bf, 0x05bf, 0x05bf, 0x05bf, 0xf800, 0xf800, 0xf800, 0xf800, 0xf800, 0xf800, 0xf800, 0xf800, 0xf800, 0xf800, 0xf800,
    0x05bf, 0x05bf, 0x05bf, 0x05bf, 0x05bf, 0x05bf, 0x05bf, 0x05bf, 0x05bf, 0x05bf, 0x05bf, 0x05bf, 0x05bf, 0x05bf, 0x05bf, 0x05bf,
    0x05bf, 0x05bf, 0x05bf, 0x2194, 0x2194, 0x2194, 0x2194, 0x2194, 0x2194, 0x2194, 0x2194, 0x2194, 0x2194, 0x2194, 0x2194, 0x2194,
    0x2194, 0x2194, 0x2194, 0x2194, 0x2194, 0x2194, 0x2194, 0x2194, 0x2194, 0x6b36, 0x6b36, 0x6b36, 0x6b36, 0x6b36, 0x6b36, 0x6b36,
    0x6b36, 0x6b36, 0x6b36, 0x6b36, 0x6b36, 0x6b36, 0x6b36, 0x6b36, 0x05bf, 0x05bf, 0x05bf, 0x05bf, 0x05bf, 0x05bf, 0x05bf, 0x05bf,
    0x05bf, 0x05bf, 0x05bf, 0x05bf, 0x05bf, 0x05bf, 0x05bf, 0x080a, 0x080a, 0x080a, 0x080a, 0x080a, 0x080a, 0x080a, 0x080a, 0x080a,
    0x080a, 0x080a, 0x080a, 0x080a, 0x080a, 0x080a, 0x080a, 0x080a, 0x080a, 0x080a, 0x080a, 0x080a, 0x080a, 0x080a, 0x080a, 0x080a,
    0x080a, 0x080a, 0x080a, 0x080a, 0x080a, 0x080a, 0x080a, 0x080a, 0x080a, 0x080a, 0x080a, 0x080a, 0x080a, 0x0000, 0x0000, 0x0000,
    0x0000, 0x0000, 0x0000, 0x0000, 0x0000, 0x0000, 0x0000, 0x0000, 0x0000, 0x0000, 0x0000, 0x0000, 0x0000, 0x0000, 0x0000, 0x0000,
    0x0000, 0x0000, 0x0000, 0xffff, 0xffff, 0xffff, 0xffff, 0xffff, 0xffff, 0xffff, 0xffff, 0xffff, 0xffff, 0xffff, 0xffff, 0xffff,
    0xffff, 0xffff, 0xffff, 0xffff, 0xffff, 0xffff, 0xffff, 0xffff, 0xffff, 0xffff, 0xffff, 0xffff, 0xffff, 0xffff, 0xffff, 0xffff,
    0xffff, 0xffff, 0xffff, 0xffff, 0xffff, 0xffff, 0xffff, 0xffff, 0xffff, 0xffff, 0xffff, 0xffff, 0xffff, 0xffff, 0xffff, 0xffff,
    0x05bf, 0x05bf, 0x05bf, 0x05bf, 0x05bf, 0x05bf, 0x05bf, 0x05bf, 0x05bf, 0x05bf, 0x05bf, 0xf800, 0xf800, 0xf800, 0xf800, 0xf800,
    0xf800, 0xf800, 0xf800, 0xf800, 0xf800, 0xf800, 0xf800, 0xf800, 0xf800, 0xf800, 0x05bf, 0x05bf, 0x05bf, 0x05bf, 0x05bf, 0x05bf,
    0x05bf, 0x05bf, 0x05bf, 0x05bf, 0x05bf, 0x05bf, 0x05bf, 0x05bf, 0x05bf, 0x05bf, 0x05bf, 0x05bf, 0x05bf, 0xf800, 0xf800, 0xf800,
    0xf800, 0xf800, 0xf800, 0xf800, 0xf800, 0xf800, 0xf800, 0xf800, 0x05bf, 0x05bf, 0x05bf, 0x05bf, 0x05bf, 0x05bf, 0x05bf, 0x05bf,
    0x05bf, 0x05bf, 0x05bf, 0x05bf, 0x05bf, 0x05bf, 0x05bf, 0x05bf, 0x05bf, 0x05bf, 0x05bf, 0x05bf, 0x05bf, 0x05bf, 0x05bf, 0x05bf,
    0x05bf, 0x05bf, 0x05bf, 0x2194, 0x2194, 0x2194, 0x2194, 0x2194, 0x2194, 0x2194, 0x2194, 0x2194, 0x2194, 0x2194, 0x2194, 0x2194,
    0x2194, 0x2194, 0x2194, 0x2194, 0x2194, 0x2194, 0x2194, 0x2194, 0x2194, 0x6b36, 0x6b36, 0x6b36, 0x6b36, 0x6b36, 0x6b36, 0x6b36,
    0x6b36, 0x6b36, 0x6b36, 0x6b36, 0x05bf, 0x05bf, 0x05bf, 0x05bf, 0x05bf, 0x05bf, 0x05bf, 0x05bf, 0x05bf, 0x05bf, 0x05bf, 0x05bf,
    0x080a, 0x080a, 0x080a, 0x080a, 0x080a, 0x080a, 0x080a, 0x080a, 0x080a, 0x080a, 0x080a, 0x080a, 0x080a, 0x080a, 0x080a, 0x080a,
    0x080a, 0x080a, 0x080a, 0x080a, 0x080a, 0x080a, 0x080a, 0x080a, 0x080a, 0x080a, 0x080a, 0x080a, 0x080a, 0x080a, 0x080a, 0x080a,
    0x080a, 0x080a, 0x080a, 0x080a, 0x080a, 0x080a, 0x080a, 0x080a, 0x080a, 0x080a, 0x080a, 0x080a, 0x080a, 0x0000, 0x0000, 0x0000,
    0x0000, 0x0000, 0x0000, 0x0000, 0x0000, 0x0000, 0x0000, 0x0000, 0x0000, 0x0000, 0x0000, 0x0000, 0x0000, 0x0000, 0x0000, 0x0000,
    0x0000, 0x0000, 0x0000, 0xffff, 0xffff, 0xffff, 0xffff, 0xffff, 0xffff, 0xffff, 0xffff, 0xffff, 0xffff, 0xffff, 0xffff, 0xffff,
    0xffff, 0xffff, 0xffff, 0xffff, 0xffff, 0xffff, 0xffff, 0xffff, 0xffff, 0xffff, 0xffff, 0xffff, 0xffff, 0xffff, 0xffff, 0xffff,
    0xffff, 0xffff, 0xffff, 0xffff, 0xffff, 0xffff, 0xffff, 0xffff, 0xffff, 0xffff, 0xffff, 0xffff, 0xffff, 0xffff, 0xffff, 0xffff,
    0x05bf, 0x05bf, 0x05bf, 0x05bf, 0x05bf, 0x05bf, 0x05bf, 0x05bf, 0x05bf, 0x05bf, 0x05bf, 0xf800, 0xf800, 0xf800, 0xf800, 0xf800,
    0xf800, 0xf800, 0xf800, 0xf800, 0xf800, 0xf800, 0xf800, 0xf800, 0xf800, 0xf800, 0x05bf, 0x05bf, 0x05bf, 0x05bf, 0x05bf, 0x05bf,
    0x05bf, 0x05bf, 0x05bf, 0x05bf, 0x05bf, 0x05bf, 0x05bf, 0x05bf, 0x05bf, 0x05bf, 0x05bf, 0x05bf, 0x05bf, 0xf800, 0xf800, 0xf800,
    0xf800, 0xf800, 0xf800, 0xf800, 0xf800, 0xf800, 0xf800, 0xf800, 0x05bf, 0x05bf, 0x05bf, 0x05bf, 0x05bf, 0x05bf, 0x05bf, 0x05bf,
    0x05bf, 0x05bf, 0x05bf, 0x05bf, 0x05bf, 0x05bf, 0x05bf, 0x05bf, 0x05bf, 0x05bf, 0x05bf, 0x05bf, 0x05bf, 0x05bf, 0x05bf, 0x05bf,
    0x05bf, 0x05bf, 0x05bf, 0x2194, 0x2194, 0x2194, 0x2194, 0x2194, 0x2194, 0x2194, 0x2194, 0x2194, 0x2194, 0x2194, 0x2194, 0x2194,
    0x2194, 0x2194, 0x2194, 0x2194, 0x2194, 0x2194, 0x2194, 0x2194, 0x2194, 0x6b36, 0x6b36, 0x6b36, 0x6b36, 0x6b36, 0x6b36, 0x6b36,
    0x6b36, 0x6b36, 0x6b36, 0x6b36, 0x05bf, 0x05bf, 0x05bf, 0x05bf, 0x05bf, 0x05bf, 0x05bf, 0x05bf, 0x05bf, 0x05bf, 0x05bf, 0x05bf,
    0x080a, 0x080a, 0x080a, 0x080a, 0x080a, 0x080a, 0x080a, 0x080a, 0x080a, 0x080a, 0x080a, 0x080a, 0x080a, 0x080a, 0x080a, 0x080a,
    0x080a, 0x080a, 0x080a, 0x080a, 0x080a, 0x080a, 0x080a, 0x080a, 0x080a, 0x080a, 0x080a, 0x080a, 0x080a, 0x080a, 0x080a, 0x080a,
    0x080a, 0x080a, 0x080a, 0x080a, 0x080a, 0x080a, 0x080a, 0x080a, 0x080a, 0x080a, 0x080a, 0x080a, 0x080a, 0x0000, 0x0000, 0x0000,
    0x0000, 0x0000, 0x0000, 0x0000, 0x0000, 0x0000, 0x0000, 0x0000, 0x0000, 0x0000, 0x0000, 0x0000, 0x0000, 0x0000, 0x0000, 0x0000,
    0x0000, 0x0000, 0x0000, 0xffff, 0xffff, 0xffff, 0xffff, 0xffff, 0xffff, 0xffff, 0xffff, 0xffff, 0xffff, 0xffff, 0xffff, 0xffff,
    0xffff, 0xffff, 0xffff, 0xffff, 0xffff, 0xffff, 0xffff, 0xffff, 0xffff, 0xffff, 0xffff, 0xffff, 0xffff, 0xffff, 0xffff, 0xffff,
    0xffff, 0xffff, 0xffff, 0xffff, 0xffff, 0xffff, 0xffff, 0xffff, 0xffff, 0xffff, 0xffff, 0xffff, 0xffff, 0xffff, 0xffff, 0xffff,
    0x05bf, 0x05bf, 0x05bf, 0x05bf, 0x05bf, 0x05bf, 0x05bf, 0x05bf, 0x05bf, 0x05bf, 0x05bf, 0xf800, 0xf800, 0xf800, 0xf800, 0xf800,
    0xf800, 0xf800, 0xf800, 0xf800, 0xf800, 0xf800, 0xf800, 0xf800, 0xf800, 0xf800, 0x05bf, 0x05bf, 0x05bf, 0x05bf, 0x05bf, 0x05bf,
    0x05bf, 0x05bf, 0x05bf, 0x05bf, 0x05bf, 0x05bf, 0x05bf, 0x05bf, 0x05bf, 0x05bf, 0x05bf, 0x05bf, 0x05bf, 0xf800, 0xf800, 0xf800,
    0xf800, 0xf800, 0xf800, 0xf800, 0xf800, 0xf800, 0xf800, 0xf800, 0x05bf, 0x05bf, 0x05bf, 0x05bf, 0x05bf, 0x05bf, 0x05bf, 0x05bf,
    0x05bf, 0x05bf, 0x05bf, 0x05bf, 0x05bf, 0x05bf, 0x05bf, 0x05bf, 0x05bf, 0x05bf, 0x05bf, 0x05bf, 0x05bf, 0x05bf, 0x05bf, 0x05bf,
    0x05bf, 0x05bf, 0x05bf, 0x2194, 0x2194, 0x2194, 0x2194, 0x2194, 0x2194, 0x2194, 0x2194, 0x2194, 0x2194, 0x2194, 0x2194, 0x2194,
    0x2194, 0x2194, 0x2194, 0x2194, 0x2194, 0x2194, 0x2194, 0x2194, 0x2194, 0x6b36, 0x6b36, 0x6b36, 0x6b36, 0x6b36, 0x6b36, 0x6b36,
    0x6b36, 0x6b36, 0x6b36, 0x6b36, 0x05bf, 0x05bf, 0x05bf, 0x05bf, 0x05bf, 0x05bf, 0x05bf, 0x05bf, 0x05bf, 0x05bf, 0x05bf, 0x05bf,
    0x080a, 0x080a, 0x080a, 0x080a, 0x080a, 0x080a, 0x080a, 0x080a, 0x080a, 0x080a, 0x080a, 0x080a, 0x080a, 0x080a, 0x080a, 0x080a,
    0x080a, 0x080a, 0x080a, 0x080a, 0x080a, 0x080a, 0x080a, 0x080a, 0x080a, 0x080a, 0x080a, 0x080a, 0x080a, 0x080a, 0x080a, 0x080a,
    0x080a, 0x080a, 0x080a, 0x080a, 0x080a, 0x080a, 0x080a, 0x080a, 0x080a, 0x080a, 0x080a, 0x080a, 0x080a, 0x0000, 0x0000, 0x0000,
    0x0000, 0x0000, 0x0000, 0x0000, 0x0000, 0x0000, 0x0000, 0x0000, 0x0000, 0x0000, 0x0000, 0x0000, 0x0000, 0x0000, 0x0000, 0x0000,
    0x0000, 0x0000, 0x0000, 0xffff, 0xffff, 0xffff, 0xffff, 0xffff, 0xffff, 0xffff, 0xffff, 0xffff, 0xffff, 0xffff, 0xffff, 0xffff,
    0xffff, 0xffff, 0xffff, 0xffff, 0xffff, 0xffff, 0xffff, 0xffff, 0xffff, 0xffff, 0xffff, 0xffff, 0xffff, 0xffff, 0xffff, 0xffff,
    0xffff, 0xffff, 0xffff, 0xffff, 0xffff, 0xffff, 0xffff, 0xffff, 0xffff, 0xffff, 0xffff, 0xffff, 0xffff, 0xffff, 0xffff, 0xffff,
    0x05bf, 0x05bf, 0x05bf, 0x05bf, 0x05bf, 0x05bf, 0x05bf, 0x05bf, 0x05bf, 0x05bf, 0x05bf, 0xf800, 0xf800, 0xf800, 0xf800, 0xf800,
    0xf800, 0xf800, 0xf800, 0xf800, 0xf800, 0xf800, 0xf800, 0xf800, 0xf800, 0xf800, 0x05bf, 0x05bf, 0x05bf, 0x05bf, 0x05bf, 0x05bf,
    0x05bf, 0x05bf, 0x05bf, 0x05bf, 0x05bf, 0x05bf, 0x05bf, 0x05bf, 0x05bf, 0x05bf, 0x05bf, 0x05bf, 0x05bf, 0xf800, 0xf800, 0xf800,
    0xf800, 0xf800, 0xf800, 0xf800, 0xf800, 0xf800, 0xf800, 0xf800, 0x05bf, 0x05bf, 0x05bf, 0x05bf, 0x05bf, 0x05bf, 0x05bf, 0x05bf,
    0x05bf, 0x05bf, 0x05bf, 0x05bf, 0x05bf, 0x05bf, 0x05bf, 0x05bf, 0x05bf, 0x05bf, 0x05bf, 0x05bf, 0x05bf, 0x05bf, 0x05bf, 0x05bf,
    0x05bf, 0x05bf, 0x05bf, 0x2194, 0x2194, 0x2194, 0x2194, 0x2194, 0x2194, 0x2194, 0x2194, 0x2194, 0x2194, 0x2194, 0x2194, 0x2194,
    0x2194, 0x2194, 0x2194, 0x2194, 0x2194, 0x2194, 0x2194, 0x2194, 0x2194, 0x6b36, 0x6b36, 0x6b36, 0x6b36, 0x6b36, 0x6b36, 0x6b36,
    0x6b36, 0x6b36, 0x6b36, 0x6b36, 0x05bf, 0x05bf, 0x05bf, 0x05bf, 0x05bf, 0x05bf, 0x05bf, 0x05bf, 0x05bf, 0x05bf, 0x05bf, 0x05bf,
    0x080a, 0x080a, 0x080a, 0x080a, 0x080a, 0x080a, 0x080a, 0x080a, 0x080a, 0x080a, 0x080a, 0x080a, 0x080a, 0x080a, 0x080a, 0x080a,
    0x080a, 0x080a, 0x080a, 0x080a, 0x080a, 0x080a, 0x080a, 0x080a, 0x080a, 0x080a, 0x080a, 0x080a, 0x080a, 0x080a, 0x080a, 0x080a,
    0x080a, 0x080a, 0x080a, 0x080a, 0x080a, 0x080a, 0x080a, 0x080a, 0x080a, 0x080a, 0x080a, 0x080a, 0x080a, 0x0000, 0x0000, 0x0000,
    0x0000, 0x0000, 0x0000, 0x0000, 0x0000, 0x0000, 0x0000, 0x0000, 0x0000, 0x0000, 0x0000, 0x0000, 0x0000, 0x0000, 0x0000, 0x0000,
    0x0000, 0x0000, 0x0000, 0xffff, 0xffff, 0xffff, 0xffff, 0xffff, 0xffff, 0xffff, 0xffff, 0xffff, 0xffff, 0xffff, 0xffff, 0xffff,
    0xffff, 0xffff, 0xffff, 0xffff, 0xffff, 0xffff, 0xffff, 0xffff, 0xffff, 0xffff, 0xffff, 0xffff, 0xffff, 0xffff, 0xffff, 0xffff,
    0xffff, 0xffff, 0xffff, 0xffff, 0xffff, 0xffff, 0xffff, 0xffff, 0xffff, 0xffff, 0xffff, 0xffff, 0xffff, 0xffff, 0xffff, 0xffff,
    0x05bf, 0x05bf, 0x05bf, 0x05bf, 0x05bf, 0x05bf, 0x05bf, 0x05bf, 0xf800, 0xf800, 0xf800, 0xf800, 0xf800, 0xf800, 0xf800, 0x05bf,
    0x05bf, 0x05bf, 0x05bf, 0x05bf, 0x05bf, 0x05bf, 0x05bf, 0x05bf, 0x05bf, 0x05bf, 0x05bf, 0x05bf, 0x05bf, 0x05bf, 0x05bf, 0x05bf,
    0x05bf, 0x05bf, 0x05bf, 0x05bf, 0x05bf, 0x05bf, 0xf800, 0xf800, 0xf800, 0xf800, 0xf800, 0xf800, 0xf800, 0xf800, 0xf800, 0xf800,
    0xf800, 0x05bf, 0x05bf, 0x05bf, 0x05bf, 0x05bf, 0x05bf, 0x05bf, 0x05bf, 0x05bf, 0x05bf, 0x05bf, 0x2194, 0x2194, 0x2194, 0x2194,
    0x2194, 0x2194, 0x2194, 0x2194, 0x2194, 0x2194, 0x2194, 0x2194, 0x2194, 0x2194, 0x2194, 0x2194, 0x2194, 0x2194, 0x2194, 0x2194,
    0x2194, 0x2194, 0x2194, 0x2194, 0x2194, 0x2194, 0x2194, 0x2194, 0x2194, 0x2194, 0x6b36, 0x6b36, 0x6b36, 0x6b36, 0x6b36, 0x6b36,
    0x6b36, 0x6b36, 0x6b36, 0x6b36, 0x6b36, 0x6b36, 0x6b36, 0x6b36, 0x6b36, 0x05bf, 0x05bf, 0x05bf, 0x05bf, 0x05bf, 0x05bf, 0x05bf,
    0x05bf, 0x05bf, 0x05bf, 0x05bf, 0x080a, 0x080a, 0x080a, 0x080a, 0x080a, 0x080a, 0x080a, 0x080a, 0x080a, 0x080a, 0x080a, 0x080a,
    0x080a, 0x080a, 0x080a, 0x080a, 0x080a, 0x080a, 0x080a, 0x080a, 0x080a, 0x080a, 0x080a, 0x080a, 0x080a, 0x080a, 0x080a, 0x080a,
    0x080a, 0x080a, 0x080a, 0x080a, 0x080a, 0x080a, 0x080a, 0x080a, 0x080a, 0x080a, 0x080a, 0x080a, 0x080a, 0x080a, 0x0000, 0x0000,
    0x0000, 0x0000, 0x0000, 0x0000, 0x0000, 0x0000, 0x0000, 0x0000, 0x0000, 0x0000, 0x0000, 0x0000, 0x0000, 0x0000, 0x0000, 0x0000,
    0x0000, 0x0000, 0x0000, 0x0000, 0xffff, 0xffff, 0xffff, 0xffff, 0xffff, 0xffff, 0xffff, 0xffff, 0xffff, 0xffff, 0xffff, 0xffff,
    0xffff, 0xffff, 0xffff, 0xffff, 0xffff, 0xffff, 0xffff, 0xffff, 0xffff, 0xffff, 0xffff, 0xf800, 0xf800, 0xf800, 0xf800, 0xf800,
    0xf800, 0xf800, 0xffff, 0xffff, 0xffff, 0xffff, 0xffff, 0xffff, 0xffff, 0xffff, 0xffff, 0xffff, 0xffff, 0xffff, 0xffff, 0xffff,
    0xffff, 0xffff, 0xffff, 0xffff, 0xffff, 0xffff, 0xffff, 0xffff, 0xffff, 0xffff, 0xffff, 0xffff, 0xffff, 0xffff, 0xffff, 0xffff,
    0x05bf, 0x05bf, 0x05bf, 0x05bf, 0x05bf, 0x05bf, 0x05bf, 0x05bf, 0xf800, 0xf800, 0xf800, 0xf800, 0xf800, 0xf800, 0xf800, 0x05bf,
    0x05bf, 0x05bf, 0x05bf, 0x05bf, 0x05bf, 0x05bf, 0x05bf, 0x05bf, 0x05bf, 0x05bf, 0x05bf, 0x05bf, 0x05bf, 0x05bf, 0x05bf, 0x05bf,
    0x05bf, 0x05bf, 0x05bf, 0x05bf, 0x05bf, 0x05bf, 0xf800, 0xf800, 0xf800, 0xf800, 0xf800, 0xf800, 0xf800, 0xf800, 0xf800, 0xf800,
    0xf800, 0x05bf, 0x05bf, 0x05bf, 0x05bf, 0x05bf, 0x05bf, 0x05bf, 0x05bf, 0x05bf, 0x05bf, 0x05bf, 0x2194, 0x2194, 0x2194, 0x2194,
    0x2194, 0x2194, 0x2194, 0x2194, 0x2194, 0x2194, 0x2194, 0x2194, 0x2194, 0x2194, 0x2194, 0x2194, 0x2194, 0x2194, 0x2194, 0x2194,
    0x2194, 0x2194, 0x2194, 0x2194, 0x2194, 0x2194, 0x2194, 0x2194, 0x2194, 0x2194, 0x6b36, 0x6b36, 0x6b36, 0x6b36, 0x6b36, 0x6b36,
    0x6b36, 0x6b36, 0x6b36, 0x6b36, 0x6b36, 0x6b36, 0x6b36, 0x6b36, 0x6b36, 0x05bf, 0x05bf, 0x05bf, 0x05bf, 0x05bf, 0x05bf, 0x05bf,
    0x05bf, 0x05bf, 0x05bf, 0x05bf, 0x080a, 0x080a, 0x080a, 0x080a, 0x080a, 0x080a, 0x080a, 0x080a, 0x080a, 0x080a, 0x080a, 0x080a,
    0x080a, 0x080a, 0x080a, 0x080a, 0x080a, 0x080a, 0x080a, 0x080a, 0x080a, 0x080a, 0x080a, 0x080a, 0x080a, 0x080a, 0x080a, 0x080a,
    0x080a, 0x080a, 0x080a, 0x080a, 0x080a, 0x080a, 0x080a, 0x080a, 0x080a, 0x080a, 0x080a, 0x080a, 0x080a, 0x080a, 0x0000, 0x0000,
    0x0000, 0x0000, 0x0000, 0x0000, 0x0000, 0x0000, 0x0000, 0x0000, 0x0000, 0x0000, 0x0000, 0x0000, 0x0000, 0x0000, 0x0000, 0x0000,
    0x0000, 0x0000, 0x0000, 0x0000, 0xffff, 0xffff, 0xffff, 0xffff, 0xffff, 0xffff, 0xffff, 0xffff, 0xffff, 0xffff, 0xffff, 0xffff,
    0xffff, 0xffff, 0xffff, 0xffff, 0xffff, 0xffff, 0xffff, 0xffff, 0xffff, 0xffff, 0xffff, 0xf800, 0xf800, 0xf800, 0xf800, 0xf800,
    0xf800, 0xf800, 0xffff, 0xffff, 0xffff, 0xffff, 0xffff, 0xffff, 0xffff, 0xffff, 0xffff, 0xffff, 0xffff, 0xffff, 0xffff, 0xffff,
    0xffff, 0xffff, 0xffff, 0xffff, 0xffff, 0xffff, 0xffff, 0xffff, 0xffff, 0xffff, 0xffff, 0xffff, 0xffff, 0xffff, 0xffff, 0xffff,
    0x05bf, 0x05bf, 0x05bf, 0x05bf, 0x05bf, 0x05bf, 0x05bf, 0x05bf, 0xf800, 0xf800, 0xf800, 0xf800, 0xf800, 0xf800, 0xf800, 0x05bf,
    0x05bf, 0x05bf, 0x05bf, 0x05bf, 0x05bf, 0x05bf, 0x05bf, 0x05bf, 0x05bf, 0x05bf, 0x05bf, 0x05bf, 0x05bf, 0x05bf, 0x05bf, 0x05bf,
    0x05bf, 0x05bf, 0x05bf, 0x05bf, 0x05bf, 0x05bf, 0xf800, 0xf800, 0xf800, 0xf800, 0xf800, 0xf800, 0xf800, 0xf800, 0xf800, 0xf800,
    0xf800, 0x05bf, 0x05bf, 0x05bf, 0x05bf, 0x05bf, 0x05bf, 0x05bf, 0x05bf, 0x05bf, 0x05bf, 0x05bf, 0x2194, 0x2194, 0x2194, 0x2194,
    0x2194, 0x2194, 0x2194, 0x2194, 0x2194, 0x2194, 0x2194, 0x2194, 0x2194, 0x2194, 0x2194, 0x2194, 0x2194, 0x2194, 0x2194, 0x2194,
    0x2194, 0x2194, 0x2194, 0x2194, 0x2194, 0x2194, 0x2194, 0x2194, 0x2194, 0x2194, 0x6b36, 0x6b36, 0x6b36, 0x6b36, 0x6b36, 0x6b36,
    0x6b36, 0x6b36, 0x6b36, 0x6b36, 0x6b36, 0x6b36, 0x6b36, 0x6b36, 0x6b36, 0x05bf, 0x05bf, 0x05bf, 0x05bf, 0x05bf, 0x05bf, 0x05bf,
    0x05bf, 0x05bf, 0x05bf, 0x05bf, 0x080a, 0x080a, 0x080a, 0x080a, 0x080a, 0x080a, 0x080a, 0x080a, 0x080a, 0x080a, 0x080a, 0x080a,
    0x080a, 0x080a, 0x080a, 0x080a, 0x080a, 0x080a, 0x080a, 0x080a, 0x080a, 0x080a, 0x080a, 0x080a, 0x080a, 0x080a, 0x080a, 0x080a,
    0x080a, 0x080a, 0x080a, 0x080a, 0x080a, 0x080a, 0x080a, 0x080a, 0x080a, 0x080a, 0x080a, 0x080a, 0x080a, 0x080a, 0x0000, 0x0000,
    0x0000, 0x0000, 0x0000, 0x0000, 0x0000, 0x0000, 0x0000, 0x0000, 0x0000, 0x0000, 0x0000, 0x0000, 0x0000, 0x0000, 0x0000, 0x0000,
    0x0000, 0x0000, 0x0000, 0x0000, 0xffff, 0xffff, 0xffff, 0xffff, 0xffff, 0xffff, 0xffff, 0xffff, 0xffff, 0xffff, 0xffff, 0xffff,
    0xffff, 0xffff, 0xffff, 0xffff, 0xffff, 0xffff, 0xffff, 0xffff, 0xffff, 0xffff, 0xffff, 0xf800, 0xf800, 0xf800, 0xf800, 0xf800,
    0xf800, 0xf800, 0xffff, 0xffff, 0xffff, 0xffff, 0xffff, 0xffff, 0xffff, 0xffff, 0xffff, 0xffff, 0xffff, 0xffff, 0xffff, 0xffff,
    0xffff, 0xffff, 0xffff, 0xffff, 0xffff, 0xffff, 0xffff, 0xffff, 0xffff, 0xffff, 0xffff, 0xffff, 0xffff, 0xffff, 0xffff, 0xffff,
    0x05bf, 0x05bf, 0x05bf, 0x05bf, 0x05bf, 0x05bf, 0x05bf, 0x05bf, 0xf800, 0xf800, 0xf800, 0xf800, 0xf800, 0xf800, 0xf800, 0x05bf,
    0x05bf, 0x05bf, 0x05bf, 0x05bf, 0x05bf, 0x05bf, 0x05bf, 0x05bf, 0x05bf, 0x05bf, 0x05bf, 0x05bf, 0x05bf, 0x05bf, 0x05bf, 0x05bf,
    0x05bf, 0x05bf, 0x05bf, 0x05bf, 0x05bf, 0x05bf, 0xf800, 0xf800, 0xf800, 0xf800, 0xf800, 0xf800, 0xf800, 0xf800, 0xf800, 0xf800,
    0xf800, 0x05bf, 0x05bf, 0x05bf, 0x05bf, 0x05bf, 0x05bf, 0x05bf, 0x05bf, 0x05bf, 0x05bf, 0x05bf, 0x2194, 0x2194, 0x2194, 0x2194,
    0x2194, 0x2194, 0x2194, 0x2194, 0x2194, 0x2194, 0x2194, 0x2194, 0x2194, 0x2194, 0x2194, 0x2194, 0x2194, 0x2194, 0x2194, 0x2194,
    0x2194, 0x2194, 0x2194, 0x2194, 0x2194, 0x2194, 0x2194, 0x2194, 0x2194, 0x2194, 0x6b36, 0x6b36, 0x6b36, 0x6b36, 0x6b36, 0x6b36,
    0x6b36, 0x6b36, 0x6b36, 0x6b36, 0x6b36, 0x6b36, 0x6b36, 0x6b36, 0x6b36, 0x05bf, 0x05bf, 0x05bf, 0x05bf, 0x05bf, 0x05bf, 0x05bf,
    0x05bf, 0x05bf, 0x05bf, 0x05bf, 0x080a, 0x080a, 0x080a, 0x080a, 0x080a, 0x080a, 0x080a, 0x080a, 0x080a, 0x080a, 0x080a, 0x080a,
    0x080a, 0x080a, 0x080a, 0x080a, 0x080a, 0x080a, 0x080a, 0x080a, 0x080a, 0x080a, 0x080a, 0x080a, 0x080a, 0x080a, 0x080a, 0x080a,
    0x080a, 0x080a, 0x080a, 0x080a, 0x080a, 0x080a, 0x080a, 0x080a, 0x080a, 0x080a, 0x080a, 0x080a, 0x080a, 0x080a, 0x0000, 0x0000,
    0x0000, 0x0000, 0x0000, 0x0000, 0x0000, 0x0000, 0x0000, 0x0000, 0x0000, 0x0000, 0x0000, 0x0000, 0x0000, 0x0000, 0x0000, 0x0000,
    0x0000, 0x0000, 0x0000, 0x0000, 0xffff, 0xffff, 0xffff, 0xffff, 0xffff, 0xffff, 0xffff, 0xffff, 0xffff, 0xffff, 0xffff, 0xffff,
    0xffff, 0xffff, 0xffff, 0xffff, 0xffff, 0xffff, 0xffff, 0xffff, 0xffff, 0xffff, 0xffff, 0xf800, 0xf800, 0xf800, 0xf800, 0xf800,
    0xf800, 0xf800, 0xffff, 0xffff, 0xffff, 0xffff, 0xffff, 0xffff, 0xffff, 0xffff, 0xffff, 0xffff, 0xffff, 0xffff, 0xffff, 0xffff,
    0xffff, 0xffff, 0xffff, 0xffff, 0xffff, 0xffff, 0xffff, 0xffff, 0xffff, 0xffff, 0xffff, 0xffff, 0xffff, 0xffff, 0xffff, 0xffff,
    0xf800, 0xf800, 0xf800, 0xf800, 0xf800, 0xf800, 0xf800, 0xf800, 0x05bf, 0x05bf, 0x05bf, 0x05bf, 0x05bf, 0x05bf, 0x05bf, 0x05bf,
    0x05bf, 0x05bf, 0x05bf, 0x05bf, 0x05bf, 0x05bf, 0x05bf, 0x05bf, 0x05bf, 0x05bf, 0x05bf, 0x05bf, 0x05bf, 0x05bf, 0xf800, 0xf800,
    0xf800, 0xf800, 0xf800, 0xf800, 0xf800, 0xf800, 0xf800, 0xf800, 0xf800, 0x05bf, 0x05bf, 0x05bf, 0x05bf, 0x05bf, 0x05bf, 0x05bf,
    0x05bf, 0x05bf, 0x05bf, 0x05bf, 0x05bf, 0x05bf, 0x05bf, 0x05bf, 0x05bf, 0x05bf, 0x05bf, 0x05bf, 0x2194, 0x2194, 0x2194, 0x2194,
    0x2194, 0x2194, 0x2194, 0x2194, 0x2194, 0x2194, 0x2194, 0x2194, 0x2194, 0x2194, 0x2194, 0x2194, 0x2194, 0x2194, 0x2194, 0x2194,
    0x2194, 0x2194, 0x2194, 0x2194, 0x2194, 0x2194, 0x2194, 0x2194, 0x2194, 0x2194, 0x6b36, 0x6b36, 0x6b36, 0x6b36, 0x6b36, 0x6b36,
    0x6b36, 0x6b36, 0x6b36, 0x6b36, 0x6b36, 0x05bf, 0x05bf, 0x05bf, 0x05bf, 0x05bf, 0x05bf, 0x05bf, 0x05bf, 0x080a, 0x080a, 0x080a,
    0x080a, 0x080a, 0x080a, 0x080a, 0x080a, 0x080a, 0x080a, 0x080a, 0x080a, 0x080a, 0x080a, 0x080a, 0x080a, 0x080a, 0x080a, 0x080a,
    0x080a, 0x080a, 0x080a, 0x080a, 0x080a, 0x080a, 0x080a, 0x080a, 0x080a, 0x080a, 0x080a, 0x080a, 0x080a, 0x080a, 0x080a, 0x080a,
    0x080a, 0x080a, 0x080a, 0x080a, 0x080a, 0x080a, 0x080a, 0x080a, 0x080a, 0x080a, 0x080a, 0x080a, 0x080a, 0x080a, 0x0000, 0x0000,
    0x0000, 0x0000, 0x0000, 0x0000, 0x0000, 0x0000, 0x0000, 0x0000, 0x0000, 0x0000, 0x0000, 0x0000, 0x0000, 0x0000, 0x0000, 0x0000,
    0x0000, 0x0000, 0x0000, 0x0000, 0xffff, 0xffff, 0xffff, 0xffff, 0xffff, 0xffff, 0xffff, 0xffff, 0xffff, 0xffff, 0xffff, 0xffff,
    0xffff, 0xffff, 0xffff, 0xffff, 0xffff, 0xffff, 0xffff, 0xffff, 0xffff, 0xffff, 0xffff, 0xf800, 0xf800, 0xf800, 0xf800, 0xf800,
    0xf800, 0xf800, 0xffff, 0xffff, 0xffff, 0xffff, 0xffff, 0xffff, 0xffff, 0xffff, 0xffff, 0xffff, 0xffff, 0xffff, 0xffff, 0xffff,
    0xffff, 0xffff, 0xffff, 0xffff, 0xffff, 0xffff, 0xffff, 0xffff, 0xffff, 0xffff, 0xffff, 0xffff, 0xffff, 0xffff, 0xffff, 0xffff,
    0xf800, 0xf800, 0xf800, 0xf800, 0xf800, 0xf800, 0xf800, 0xf800, 0x05bf, 0x05bf, 0x05bf, 0x05bf, 0x05bf, 0x05bf, 0x05bf, 0x05bf,
    0x05bf, 0x05bf, 0x05bf, 0x05bf, 0x05bf, 0x05bf, 0x05bf, 0x05bf, 0x05bf, 0x05bf, 0x05bf, 0x05bf, 0x05bf, 0x05bf, 0xf800, 0xf800,
    0xf800, 0xf800, 0xf800, 0xf800, 0xf800, 0xf800, 0xf800, 0xf800, 0xf800, 0x05bf, 0x05bf, 0x05bf, 0x05bf, 0x05bf, 0x05bf, 0x05bf,
    0x05bf, 0x05bf, 0x05bf, 0x05bf, 0x05bf, 0x05bf, 0x05bf, 0x05bf, 0x05bf, 0x05bf, 0x05bf, 0x05bf, 0x2194, 0x2194, 0x2194, 0x2194,
    0x2194, 0x2194, 0x2194, 0x2194, 0x2194, 0x2194, 0x2194, 0x2194, 0x2194, 0x2194, 0x2194, 0x2194, 0x2194, 0x2194, 0x2194, 0x2194,
    0x2194, 0x2194, 0x2194, 0x2194, 0x2194, 0x2194, 0x2194, 0x2194, 0x2194, 0x2194, 0x6b36, 0x6b36, 0x6b36, 0x6b36, 0x6b36, 0x6b36,
    0x6b36, 0x6b36, 0x6b36, 0x6b36, 0x6b36, 0x05bf, 0x05bf, 0x05bf, 0x05bf, 0x05bf, 0x05bf, 0x05bf, 0x05bf, 0x080a, 0x080a, 0x080a,
    0x080a, 0x080a, 0x080a, 0x080a, 0x080a, 0x080a, 0x080a, 0x080a, 0x080a, 0x080a, 0x080a, 0x080a, 0x080a, 0x080a, 0x080a, 0x080a,
    0x080a, 0x080a, 0x080a, 0x080a, 0x080a, 0x080a, 0x080a, 0x080a, 0x080a, 0x080a, 0x080a, 0x080a, 0x080a, 0x080a, 0x080a, 0x080a,
    0x080a, 0x080a, 0x080a, 0x080a, 0x080a, 0x080a, 0x080a, 0x080a, 0x080a, 0x080a, 0x080a, 0x080a, 0x080a, 0x080a, 0x0000, 0x0000,
    0x0000, 0x0000, 0x0000, 0x0000, 0x0000, 0x0000, 0x0000, 0x0000, 0x0000, 0x0000, 0x0000, 0x0000, 0x0000, 0x0000, 0x0000, 0x0000,
    0x0000, 0x0000, 0x0000, 0x0000, 0xffff, 0xffff, 0xffff, 0xffff, 0xffff, 0xffff, 0xffff, 0xffff, 0xffff, 0xffff, 0xffff, 0xffff,
    0xffff, 0xffff, 0xffff, 0xffff, 0xffff, 0xffff, 0xffff, 0xffff, 0xffff, 0xffff, 0xffff, 0xf800, 0xf800, 0xf800, 0xf800, 0xf800,
    0xf800, 0xf800, 0xffff, 0xffff, 0xffff, 0xffff, 0xffff, 0xffff, 0xffff, 0xffff, 0xffff, 0xffff, 0xffff, 0xffff, 0xffff, 0xffff,
    0xffff, 0xffff, 0xffff, 0xffff, 0xffff, 0xffff, 0xffff, 0xffff, 0xffff, 0xffff, 0xffff, 0xffff, 0xffff, 0xffff, 0xffff, 0xffff,
    0xf800, 0xf800, 0xf800, 0xf800, 0xf800, 0xf800, 0xf800, 0xf800, 0x05bf, 0x05bf, 0x05bf, 0x05bf, 0x05bf, 0x05bf, 0x05bf, 0x05bf,
    0x05bf, 0x05bf, 0x05bf, 0x05bf, 0x05bf, 0x05bf, 0x05bf, 0x05bf, 0x05bf, 0x05bf, 0x05bf, 0x05bf, 0x05bf, 0x05bf, 0xf800, 0xf800,
    0xf800, 0xf800, 0xf800, 0xf800, 0xf800, 0xf800, 0xf800, 0xf800, 0xf800, 0x05bf, 0x05bf, 0x05bf, 0x05bf, 0x05bf, 0x05bf, 0x05bf,
    0x05bf, 0x05bf, 0x05bf, 0x05bf, 0x05bf, 0x05bf, 0x05bf, 0x05bf, 0x05bf, 0x05bf, 0x05bf, 0x05bf, 0x2194, 0x2194, 0x2194, 0x2194,
    0x2194, 0x2194, 0x2194, 0x2194, 0x2194, 0x2194, 0x2194, 0x2194, 0x2194, 0x2194, 0x2194, 0x2194, 0x2194, 0x2194, 0x2194, 0x2194,
    0x2194, 0x2194, 0x2194, 0x2194, 0x2194, 0x2194, 0x2194, 0x2194, 0x2194, 0x2194, 0x6b36, 0x6b36, 0x6b36, 0x6b36, 0x6b36, 0x6b36,
    0x6b36, 0x6b36, 0x6b36, 0x6b36, 0x6b36, 0x05bf, 0x05bf, 0x05bf, 0x05bf, 0x05bf, 0x05bf, 0x05bf, 0x05bf, 0x080a, 0x080a, 0x080a,
    0x080a, 0x080a, 0x080a, 0x080a, 0x080a, 0x080a, 0x080a, 0x080a, 0x080a, 0x080a, 0x080a, 0x080a, 0x080a, 0x080a, 0x080a, 0x080a,
    0x080a, 0x080a, 0x080a, 0x080a, 0x080a, 0x080a, 0x080a, 0x080a, 0x080a, 0x080a, 0x080a, 0x080a, 0x080a, 0x080a, 0x080a, 0x080a,
    0x080a, 0x080a, 0x080a, 0x080a, 0x080a, 0x080a, 0x080a, 0x080a, 0x080a, 0x080a, 0x080a, 0x080a, 0x080a, 0x080a, 0x0000, 0x0000,
    0x0000, 0x0000, 0x0000, 0x0000, 0x0000, 0x0000, 0x0000, 0x0000, 0x0000, 0x0000, 0x0000, 0x0000, 0x0000, 0x0000, 0x0000, 0x0000,
    0x0000, 0x0000, 0x0000, 0x0000, 0xffff, 0xffff, 0xffff, 0xffff, 0xffff, 0xffff, 0xffff, 0xffff, 0xffff, 0xffff, 0xffff, 0xffff,
    0xffff, 0xffff, 0xffff, 0xffff, 0xffff, 0xffff, 0xffff, 0xffff, 0xffff, 0xffff, 0xffff, 0xf800, 0xf800, 0xf800, 0xf800, 0xf800,
    0xf800, 0xf800, 0xffff, 0xffff, 0xffff, 0xffff, 0xffff, 0xffff, 0xffff, 0xffff, 0xffff, 0xffff, 0xffff, 0xffff, 0xffff, 0xffff,
    0xffff, 0xffff, 0xffff, 0xffff, 0xffff, 0xffff, 0xffff, 0xffff, 0xffff, 0xffff, 0xffff, 0xffff, 0xffff, 0xffff, 0xffff, 0xffff,
    0xf800, 0xf800, 0xf800, 0xf800, 0xf800, 0xf800, 0xf800, 0xf800, 0x05bf, 0x05bf, 0x05bf, 0x05bf, 0x05bf, 0x05bf, 0x05bf, 0x05bf,
    0x05bf, 0x05bf, 0x05bf, 0x05bf, 0x05bf, 0x05bf, 0x05bf, 0x05bf, 0x05bf, 0x05bf, 0x05bf, 0x05bf, 0x05bf, 0x05bf, 0xf800, 0xf800,
    0xf800, 0xf800, 0xf800, 0xf800, 0xf800, 0xf800, 0xf800, 0xf800, 0xf800, 0x05bf, 0x05bf, 0x05bf, 0x05bf, 0x05bf, 0x05bf, 0x05bf,
    0x05bf, 0x05bf, 0x05bf, 0x05bf, 0x05bf, 0x05bf, 0x05bf, 0x05bf, 0x05bf, 0x05bf, 0x05bf, 0x05bf, 0x2194, 0x2194, 0x2194, 0x2194,
    0x2194, 0x2194, 0x2194, 0x2194, 0x2194, 0x2194, 0x2194, 0x2194, 0x2194, 0x2194, 0x2194, 0x2194, 0x2194, 0x2194, 0x2194, 0x2194,
    0x2194, 0x2194, 0x2194, 0x2194, 0x2194, 0x2194, 0x2194, 0x2194, 0x2194, 0x2194, 0x6b36, 0x6b36, 0x6b36, 0x6b36, 0x6b36, 0x6b36,
    0x6b36, 0x6b36, 0x6b36, 0x6b36, 0x6b36, 0x05bf, 0x05bf, 0x05bf, 0x05bf, 0x05bf, 0x05bf, 0x05bf, 0x05bf, 0x080a, 0x080a, 0x080a,
    0x080a, 0x080a, 0x080a, 0x080a, 0x080a, 0x080a, 0x080a, 0x080a, 0x080a, 0x080a, 0x080a, 0x080a, 0x080a, 0x080a, 0x080a, 0x080a,
    0x080a, 0x080a, 0x080a, 0x080a, 0x080a, 0x080a, 0x080a, 0x080a, 0x080a, 0x080a, 0x080a, 0x080a, 0x080a, 0x080a, 0x080a, 0x080a,
    0x080a, 0x080a, 0x080a, 0x080a, 0x080a, 0x080a, 0x080a, 0x080a, 0x080a, 0x080a, 0x080a, 0x080a, 0x080a, 0x080a, 0x0000, 0x0000,
    0x0000, 0x0000, 0x0000, 0x0000, 0x0000, 0x0000, 0x0000, 0x0000, 0x0000, 0x0000, 0x0000, 0x0000, 0x0000, 0x0000, 0x0000, 0x0000,
    0x0000, 0x0000, 0x0000, 0x0000, 0xffff, 0xffff, 0xffff, 0xffff, 0xffff, 0xffff, 0xffff, 0xffff, 0xffff, 0xffff, 0xffff, 0xffff,
    0xffff, 0xffff, 0xffff, 0xffff, 0xffff, 0xffff, 0xffff, 0xffff, 0xffff, 0xffff, 0xffff, 0xf800, 0xf800, 0xf800, 0xf800, 0xf800,
    0xf800, 0xf800, 0xffff, 0xffff, 0xffff, 0xffff, 0xffff, 0xffff, 0xffff, 0xffff, 0xffff, 0xffff, 0xffff, 0xffff, 0xffff, 0xffff,
    0xffff, 0xffff, 0xffff, 0xffff, 0xffff, 0xffff, 0xffff, 0xffff, 0xffff, 0xffff, 0xffff, 0xffff, 0xffff, 0xffff, 0xffff, 0xffff,
    0x05bf, 0x05bf, 0x05bf, 0x05bf, 0x05bf, 0x05bf, 0x05bf, 0x05bf, 0x05bf, 0x05bf, 0x05bf, 0x05bf, 0x05bf, 0x05bf, 0x05bf, 0xf800,
    0xf800, 0xf800, 0xf800, 0xf800, 0xf800, 0xf800, 0xf800, 0xf800, 0xf800, 0xf800, 0xf800, 0xf800, 0xf800, 0xf800, 0x05bf, 0x05bf,
    0x05bf, 0x05bf, 0x05bf, 0x05bf, 0x05bf, 0x05bf, 0x2194, 0x2194, 0x2194, 0x2194, 0x2194, 0x2194, 0x2194, 0x2194, 0x2194, 0x2194,
    0x2194, 0x2194, 0x2194, 0x2194, 0x2194, 0x2194, 0x2194, 0x2194, 0x2194, 0x2194, 0x2194, 0x2194, 0x2194, 0x2194, 0x2194, 0x2194,
    0x2194, 0x2194, 0x2194, 0x2194, 0x2194, 0x2194, 0x2194, 0x2194, 0x2194, 0x2194, 0x2194, 0x6b36, 0x6b36, 0x6b36, 0x6b36, 0x6b36,
    0x6b36, 0x6b36, 0x6b36, 0x6b36, 0x6b36, 0x6b36, 0x6b36, 0x6b36, 0x6b36, 0x6b36, 0x05bf, 0x05bf, 0x05bf, 0x05bf, 0x05bf, 0x05bf,
    0x05bf, 0x05bf, 0x05bf, 0x05bf, 0x05bf, 0x080a, 0x080a, 0x080a, 0x080a, 0x080a, 0x080a, 0x080a, 0x080a, 0x080a, 0x080a, 0x080a,
    0x080a, 0x080a, 0x080a, 0x080a, 0x080a, 0x080a, 0x080a, 0x080a, 0x080a, 0x080a, 0x080a, 0x080a, 0x080a, 0x080a, 0x080a, 0x080a,
    0x080a, 0x080a, 0x080a, 0x080a, 0x080a, 0x080a, 0x080a, 0x0000, 0x0000, 0x0000, 0x0000, 0x0000, 0x0000, 0x0000, 0x0000, 0x0000,
    0x0000, 0x0000, 0x0000, 0x0000, 0x0000, 0x0000, 0x0000, 0x0000, 0x0000, 0x0000, 0x0000, 0x0000, 0x0000, 0x0000, 0xffff, 0xffff,
    0xffff, 0xffff, 0xffff, 0xffff, 0xffff, 0xffff, 0xffff, 0xffff, 0xffff, 0xffff, 0xffff, 0xffff, 0xffff, 0xffff, 0xffff, 0xffff,
    0xffff, 0xffff, 0xffff, 0xffff, 0xffff, 0xffff, 0xffff, 0xffff, 0xffff, 0xffff, 0xffff, 0xffff, 0xf800, 0xf800, 0xf800, 0xf800,
    0xf800, 0xf800, 0xf800, 0xf800, 0xf800, 0xf800, 0xf800, 0xf800, 0xf800, 0xf800, 0xf800, 0xf800, 0xf800, 0xf800, 0xf800, 0xf800,
    0xf800, 0xf800, 0xf800, 0xf800, 0xf800, 0xf800, 0xf800, 0xf800, 0xf800, 0xf800, 0xffff, 0xffff, 0xffff, 0xffff, 0xffff, 0xffff,
    0xffff, 0xffff, 0xffff, 0xffff, 0xffff, 0xffff, 0xffff, 0xffff, 0xffff, 0xffff, 0xffff, 0xffff, 0xffff, 0xffff, 0xffff, 0xffff,
    0x05bf, 0x05bf, 0x05bf, 0x05bf, 0x05bf, 0x05bf, 0x05bf, 0x05bf, 0x05bf, 0x05bf, 0x05bf, 0x05bf, 0x05bf, 0x05bf, 0x05bf, 0xf800,
    0xf800, 0xf800, 0xf800, 0xf800, 0xf800, 0xf800, 0xf800, 0xf800, 0xf800, 0xf800, 0xf800, 0xf800, 0xf800, 0xf800, 0x05bf, 0x05bf,
    0x05bf, 0x05bf, 0x05bf, 0x05bf, 0x05bf, 0x05bf, 0x2194, 0x2194, 0x2194, 0x2194, 0x2194, 0x2194, 0x2194, 0x2194, 0x2194, 0x2194,
    0x2194, 0x2194, 0x2194, 0x2194, 0x2194, 0x2194, 0x2194, 0x2194, 0x2194, 0x2194, 0x2194, 0x2194, 0x2194, 0x2194, 0x2194, 0x2194,
    0x2194, 0x2194, 0x2194, 0x2194, 0x2194, 0x2194, 0x2194, 0x2194, 0x2194, 0x2194, 0x2194, 0x6b36, 0x6b36, 0x6b36, 0x6b36, 0x6b36,
    0x6b36, 0x6b36, 0x6b36, 0x6b36, 0x6b36, 0x6b36, 0x6b36, 0x6b36, 0x6b36, 0x6b36, 0x05bf, 0x05bf, 0x05bf, 0x05bf, 0x05bf, 0x05bf,
    0x05bf, 0x05bf, 0x05bf, 0x05bf, 0x05bf, 0x080a, 0x080a, 0x080a, 0x080a, 0x080a, 0x080a, 0x080a, 0x080a, 0x080a, 0x080a, 0x080a,
    0x080a, 0x080a, 0x080a, 0x080a, 0x080a, 0x080a, 0x080a, 0x080a, 0x080a, 0x080a, 0x080a, 0x080a, 0x080a, 0x080a, 0x080a, 0x080a,
    0x080a, 0x080a, 0x080a, 0x080a, 0x080a, 0x080a, 0x080a, 0x0000, 0x0000, 0x0000, 0x0000, 0x0000, 0x0000, 0x0000, 0x0000, 0x0000,
    0x0000, 0x0000, 0x0000, 0x0000, 0x0000, 0x0000, 0x0000, 0x0000, 0x0000, 0x0000, 0x0000, 0x0000, 0x0000, 0x0000, 0xffff, 0xffff,
    0xffff, 0xffff, 0xffff, 0xffff, 0xffff, 0xffff, 0xffff, 0xffff, 0xffff, 0xffff, 0xffff, 0xffff, 0xffff, 0xffff, 0xffff, 0xffff,
    0xffff, 0xffff, 0xffff, 0xffff, 0xffff, 0xffff, 0xffff, 0xffff, 0xffff, 0xffff, 0xffff, 0xffff, 0xf800, 0xf800, 0xf800, 0xf800,
    0xf800, 0xf800, 0xf800, 0xf800, 0xf800, 0xf800, 0xf800, 0xf800, 0xf800, 0xf800, 0xf800, 0xf800, 0xf800, 0xf800, 0xf800, 0xf800,
    0xf800, 0xf800, 0xf800, 0xf800, 0xf800, 0xf800, 0xf800, 0xf800, 0xf800, 0xf800, 0xffff, 0xffff, 0xffff, 0xffff, 0xffff, 0xffff,
    0xffff, 0xffff, 0xffff, 0xffff, 0xffff, 0xffff, 0xffff, 0xffff, 0xffff, 0xffff, 0xffff, 0xffff, 0xffff, 0xffff, 0xffff, 0xffff,
    0x05bf, 0x05bf, 0x05bf, 0x05bf, 0x05bf, 0x05bf, 0x05bf, 0x05bf, 0x05bf, 0x05bf, 0x05bf, 0x05bf, 0x05bf, 0x05bf, 0x05bf, 0xf800,
    0xf800, 0xf800, 0xf800, 0xf800, 0xf800, 0xf800, 0xf800, 0xf800, 0xf800, 0xf800, 0xf800, 0xf800, 0xf800, 0xf800, 0x05bf, 0x05bf,
    0x05bf, 0x05bf, 0x05bf, 0x05bf, 0x05bf, 0x05bf, 0x2194, 0x2194, 0x2194, 0x2194, 0x2194, 0x2194, 0x2194, 0x2194, 0x2194, 0x2194,
    0x2194, 0x2194, 0x2194, 0x2194, 0x2194, 0x2194, 0x2194, 0x2194, 0x2194, 0x2194, 0x2194, 0x2194, 0x2194, 0x2194, 0x2194, 0x2194,
    0x2194, 0x2194, 0x2194, 0x2194, 0x2194, 0x2194, 0x2194, 0x2194, 0x2194, 0x2194, 0x2194, 0x6b36, 0x6b36, 0x6b36, 0x6b36, 0x6b36,
    0x6b36, 0x6b36, 0x6b36, 0x6b36, 0x6b36, 0x6b36, 0x6b36, 0x6b36, 0x6b36, 0x6b36, 0x05bf, 0x05bf, 0x05bf, 0x05bf, 0x05bf, 0x05bf,
    0x05bf, 0x05bf, 0x05bf, 0x05bf, 0x05bf, 0x080a, 0x080a, 0x080a, 0x080a, 0x080a, 0x080a, 0x080a, 0x080a, 0x080a, 0x080a, 0x080a,
    0x080a, 0x080a, 0x080a, 0x080a, 0x080a, 0x080a, 0x080a, 0x080a, 0x080a, 0x080a, 0x080a, 0x080a, 0x080a, 0x080a, 0x080a, 0x080a,
    0x080a, 0x080a, 0x080a, 0x080a, 0x080a, 0x080a, 0x080a, 0x0000, 0x0000, 0x0000, 0x0000, 0x0000, 0x0000, 0x0000, 0x0000, 0x0000,
    0x0000, 0x0000, 0x0000, 0x0000, 0x0000, 0x0000, 0x0000, 0x0000, 0x0000, 0x0000, 0x0000, 0x0000, 0x0000, 0x0000, 0xffff, 0xffff,
    0xffff, 0xffff, 0xffff, 0xffff, 0xffff, 0xffff, 0xffff, 0xffff, 0xffff, 0xffff, 0xffff, 0xffff, 0xffff, 0xffff, 0xffff, 0xffff,
    0xffff, 0xffff, 0xffff, 0xffff, 0xffff, 0xffff, 0xffff, 0xffff, 0xffff, 0xffff, 0xffff, 0xffff, 0xf800, 0xf800, 0xf800, 0xf800,
    0xf800, 0xf800, 0xf800, 0xf800, 0xf800, 0xf800, 0xf800, 0xf800, 0xf800, 0xf800, 0xf800, 0xf800, 0xf800, 0xf800, 0xf800, 0xf800,
    0xf800, 0xf800, 0xf800, 0xf800, 0xf800, 0xf800, 0xf800, 0xf800, 0xf800, 0xf800, 0xffff, 0xffff, 0xffff, 0xffff, 0xffff, 0xffff,
    0xffff, 0xffff, 0xffff, 0xffff, 0xffff, 0xffff, 0xffff, 0xffff, 0xffff, 0xffff, 0xffff, 0xffff, 0xffff, 0xffff, 0xffff, 0xffff,
    0x05bf, 0x05bf, 0x05bf, 0x05bf, 0x05bf, 0x05bf, 0x05bf, 0x05bf, 0xf800, 0xf800, 0xf800, 0xf800, 0xf800, 0xf800, 0xf800, 0x05bf,
    0x05bf, 0x05bf, 0x05bf, 0x05bf, 0x05bf, 0x05bf, 0x05bf, 0x05bf, 0x05bf, 0x05bf, 0x05bf, 0x05bf, 0x05bf, 0x05bf, 0x05bf, 0x05bf,
    0x05bf, 0x05bf, 0x05bf, 0x05bf, 0x05bf, 0x05bf, 0x2194, 0x2194, 0x2194, 0x2194, 0x2194, 0x2194, 0x2194, 0x2194, 0x2194, 0x2194,
    0x2194, 0x2194, 0x2194, 0x2194, 0x2194, 0x2194, 0x2194, 0x2194, 0x2194, 0x2194, 0x2194, 0x2194, 0x2194, 0x2194, 0x2194, 0x2194,
    0x2194, 0x2194, 0x2194, 0x2194, 0x2194, 0x2194, 0x2194, 0x2194, 0x2194, 0x2194, 0x2194, 0x6b36, 0x6b36, 0x6b36, 0x6b36, 0x6b36,
    0x6b36, 0x6b36, 0x6b36, 0x05bf, 0x05bf, 0x05bf, 0x05bf, 0x05bf, 0x05bf, 0x05bf, 0x05bf, 0x05bf, 0x05bf, 0x05bf, 0x080a, 0x080a,
    0x080a, 0x080a, 0x080a, 0x080a, 0x080a, 0x080a, 0x080a, 0x080a, 0x080a, 0x080a, 0x080a, 0x080a, 0x080a, 0x080a, 0x080a, 0x080a,
    0x080a, 0x080a, 0x080a, 0x080a, 0x080a, 0x080a, 0x080a, 0x080a, 0x080a, 0x080a, 0x080a, 0x080a, 0x080a, 0x080a, 0x080a, 0x080a,
    0x080a, 0x080a, 0x080a, 0x080a, 0x080a, 0x080a, 0x080a, 0x0000, 0x0000, 0x0000, 0x0000, 0x0000, 0x0000, 0x0000, 0x0000, 0x0000,
    0x0000, 0x0000, 0x0000, 0x0000, 0x0000, 0x0000, 0x0000, 0x0000, 0x0000, 0x0000, 0x0000, 0x0000, 0x0000, 0x0000, 0xffff, 0xffff,
    0xffff, 0xffff, 0xffff, 0xffff, 0xffff, 0xffff, 0xffff, 0xffff, 0xffff, 0xffff, 0xffff, 0xffff, 0xffff, 0xffff, 0xffff, 0xffff,
    0xffff, 0xffff, 0xffff, 0xffff, 0xffff, 0xffff, 0xffff, 0xffff, 0xffff, 0xffff, 0xffff, 0xffff, 0xf800, 0xf800, 0xf800, 0xf800,
    0xf800, 0xf800, 0xf800, 0xf800, 0xf800, 0xf800, 0xf800, 0xf800, 0xf800, 0xf800, 0xf800, 0xf800, 0xf800, 0xf800, 0xf800, 0xf800,
    0xf800, 0xf800, 0xf800, 0xf800, 0xf800, 0xf800, 0xf800, 0xf800, 0xf800, 0xf800, 0xffff, 0xffff, 0xffff, 0xffff, 0xffff, 0xffff,
    0xffff, 0xffff, 0xffff, 0xffff, 0xffff, 0xffff, 0xffff, 0xffff, 0xffff, 0xffff, 0xffff, 0xffff, 0xffff, 0xffff, 0xffff, 0xffff,
    0x05bf, 0x05bf, 0x05bf, 0x05bf, 0x05bf, 0x05bf, 0x05bf, 0x05bf, 0xf800, 0xf800, 0xf800, 0xf800, 0xf800, 0xf800, 0xf800, 0x05bf,
    0x05bf, 0x05bf, 0x05bf, 0x05bf, 0x05bf, 0x05bf, 0x05bf, 0x05bf, 0x05bf, 0x05bf, 0x05bf, 0x05bf, 0x05bf, 0x05bf, 0x05bf, 0x05bf,
    0x05bf, 0x05bf, 0x05bf, 0x05bf, 0x05bf, 0x05bf, 0x2194, 0x2194, 0x2194, 0x2194, 0x2194, 0x2194, 0x2194, 0x2194, 0x2194, 0x2194,
    0x2194, 0x2194, 0x2194, 0x2194, 0x2194, 0x2194, 0x2194, 0x2194, 0x2194, 0x2194, 0x2194, 0x2194, 0x2194, 0x2194, 0x2194, 0x2194,
    0x2194, 0x2194, 0x2194, 0x2194, 0x2194, 0x2194, 0x2194, 0x2194, 0x2194, 0x2194, 0x2194, 0x6b36, 0x6b36, 0x6b36, 0x6b36, 0x6b36,
    0x6b36, 0x6b36, 0x6b36, 0x05bf, 0x05bf, 0x05bf, 0x05bf, 0x05bf, 0x05bf, 0x05bf, 0x05bf, 0x05bf, 0x05bf, 0x05bf, 0x080a, 0x080a,
    0x080a, 0x080a, 0x080a, 0x080a, 0x080a, 0x080a, 0x080a, 0x080a, 0x080a, 0x080a, 0x080a, 0x080a, 0x080a, 0x080a, 0x080a, 0x080a,
    0x080a, 0x080a, 0x080a, 0x080a, 0x080a, 0x080a, 0x080a, 0x080a, 0x080a, 0x080a, 0x080a, 0x080a, 0x080a, 0x080a, 0x080a, 0x080a,
    0x080a, 0x080a, 0x080a, 0x080a, 0x080a, 0x080a, 0x080a, 0x0000, 0x0000, 0x0000, 0x0000, 0x0000, 0x0000, 0x0000, 0x0000, 0x0000,
    0x0000, 0x0000, 0x0000, 0x0000, 0x0000, 0x0000, 0x0000, 0x0000, 0x0000, 0x0000, 0x0000, 0x0000, 0x0000, 0x0000, 0xffff, 0xffff,
    0xffff, 0xffff, 0xffff, 0xffff, 0xffff, 0xffff, 0xffff, 0xffff, 0xffff, 0xffff, 0xffff, 0xffff, 0xffff, 0xffff, 0xffff, 0xffff,
    0xffff, 0xffff, 0xffff, 0xffff, 0xffff, 0xffff, 0xffff, 0xffff, 0xffff, 0xffff, 0xffff, 0xffff, 0xf800, 0xf800, 0xf800, 0xf800,
    0xf800, 0xf800, 0xf800, 0xf800, 0xf800, 0xf800, 0xf800, 0xf800, 0xf800, 0xf800, 0xf800, 0xf800, 0xf800, 0xf800, 0xf800, 0xf800,
    0xf800, 0xf800, 0xf800, 0xf800, 0xf800, 0xf800, 0xf800, 0xf800, 0xf800, 0xf800, 0xffff, 0xffff, 0xffff, 0xffff, 0xffff, 0xffff,
    0xffff, 0xffff, 0xffff, 0xffff, 0xffff, 0xffff, 0xffff, 0xffff, 0xffff, 0xffff, 0xffff, 0xffff, 0xffff, 0xffff, 0xffff, 0xffff,
    0x05bf, 0x05bf, 0x05bf, 0x05bf, 0x05bf, 0x05bf, 0x05bf, 0x05bf, 0xf800, 0xf800, 0xf800, 0xf800, 0xf800, 0xf800, 0xf800, 0x05bf,
    0x05bf, 0x05bf, 0x05bf, 0x05bf, 0x05bf, 0x05bf, 0x05bf, 0x05bf, 0x05bf, 0x05bf, 0x05bf, 0x05bf, 0x05bf, 0x05bf, 0x05bf, 0x05bf,
    0x05bf, 0x05bf, 0x05bf, 0x05bf, 0x05bf, 0x05bf, 0x2194, 0x2194, 0x2194, 0x2194, 0x2194, 0x2194, 0x2194, 0x2194, 0x2194, 0x2194,
    0x2194, 0x2194, 0x2194, 0x2194, 0x2194, 0x2194, 0x2194, 0x2194, 0x2194, 0x2194, 0x2194, 0x2194, 0x2194, 0x2194, 0x2194, 0x2194,
    0x2194, 0x2194, 0x2194, 0x2194, 0x2194, 0x2194, 0x2194, 0x2194, 0x2194, 0x2194, 0x2194, 0x6b36, 0x6b36, 0x6b36, 0x6b36, 0x6b36,
    0x6b36, 0x6b36, 0x6b36, 0x05bf, 0x05bf, 0x05bf, 0x05bf, 0x05bf, 0x05bf, 0x05bf, 0x05bf, 0x05bf, 0x05bf, 0x05bf, 0x080a, 0x080a,
    0x080a, 0x080a, 0x080a, 0x080a, 0x080a, 0x080a, 0x080a, 0x080a, 0x080a, 0x080a, 0x080a, 0x080a, 0x080a, 0x080a, 0x080a, 0x080a,
    0x080a, 0x080a, 0x080a, 0x080a, 0x080a, 0x080a, 0x080a, 0x080a, 0x080a, 0x080a, 0x080a, 0x080a, 0x080a, 0x080a, 0x080a, 0x080a,
    0x080a, 0x080a, 0x080a, 0x080a, 0x080a, 0x080a, 0x080a, 0x0000, 0x0000, 0x0000, 0x0000, 0x0000, 0x0000, 0x0000, 0x0000, 0x0000,
    0x0000, 0x0000, 0x0000, 0x0000, 0x0000, 0x0000, 0x0000, 0x0000, 0x0000, 0x0000, 0x0000, 0x0000, 0x0000, 0x0000, 0xffff, 0xffff,
    0xffff, 0xffff, 0xffff, 0xffff, 0xffff, 0xffff, 0xffff, 0xffff, 0xffff, 0xffff, 0xffff, 0xffff, 0xffff, 0xffff, 0xffff, 0xffff,
    0xffff, 0xffff, 0xffff, 0xffff, 0xffff, 0xffff, 0xffff, 0xffff, 0xffff, 0xffff, 0xffff, 0xffff, 0xf800, 0xf800, 0xf800, 0xf800,
    0xf800, 0xf800, 0xf800, 0xf800, 0xf800, 0xf800, 0xf800, 0xf800, 0xf800, 0xf800, 0xf800, 0xf800, 0xf800, 0xf800, 0xf800, 0xf800,
    0xf800, 0xf800, 0xf800, 0xf800, 0xf800, 0xf800, 0xf800, 0xf800, 0xf800, 0xf800, 0xffff, 0xffff, 0xffff, 0xffff, 0xffff, 0xffff,
    0xffff, 0xffff, 0xffff, 0xffff, 0xffff, 0xffff, 0xffff, 0xffff, 0xffff, 0xffff, 0xffff, 0xffff, 0xffff, 0xffff, 0xffff, 0xffff,
    0x05bf, 0x05bf, 0x05bf, 0x05bf, 0x05bf, 0x05bf, 0x05bf, 0x05bf, 0xf800, 0xf800, 0xf800, 0xf800, 0xf800, 0xf800, 0xf800, 0x05bf,
    0x05bf, 0x05bf, 0x05bf, 0x05bf, 0x05bf, 0x05bf, 0x05bf, 0x05bf, 0x05bf, 0x05bf, 0x05bf, 0x05bf, 0x05bf, 0x05bf, 0x05bf, 0x05bf,
    0x05bf, 0x05bf, 0x05bf, 0x05bf, 0x05bf, 0x05bf, 0x2194, 0x2194, 0x2194, 0x2194, 0x2194, 0x2194, 0x2194, 0x2194, 0x2194, 0x2194,
    0x2194, 0x2194, 0x2194, 0x2194, 0x2194, 0x2194, 0x2194, 0x2194, 0x2194, 0x2194, 0x2194, 0x2194, 0x2194, 0x2194, 0x2194, 0x2194,
    0x2194, 0x2194, 0x2194, 0x2194, 0x2194, 0x2194, 0x2194, 0x2194, 0x2194, 0x2194, 0x2194, 0x6b36, 0x6b36, 0x6b36, 0x6b36, 0x6b36,
    0x6b36, 0x6b36, 0x6b36, 0x05bf, 0x05bf, 0x05bf, 0x05bf, 0x05bf, 0x05bf, 0x05bf, 0x05bf, 0x05bf, 0x05bf, 0x05bf, 0x080a, 0x080a,
    0x080a, 0x080a, 0x080a, 0x080a, 0x080a, 0x080a, 0x080a, 0x080a, 0x080a, 0x080a, 0x080a, 0x080a, 0x080a, 0x080a, 0x080a, 0x080a,
    0x080a, 0x080a, 0x080a, 0x080a, 0x080a, 0x080a, 0x080a, 0x080a, 0x080a, 0x080a, 0x080a, 0x080a, 0x080a, 0x080a, 0x080a, 0x080a,
    0x080a, 0x080a, 0x080a, 0x080a, 0x080a, 0x080a, 0x080a, 0x0000, 0x0000, 0x0000, 0x0000, 0x0000, 0x0000, 0x0000, 0x0000, 0x0000,
    0x0000, 0x0000, 0x0000, 0x0000, 0x0000, 0x0000, 0x0000, 0x0000, 0x0000, 0x0000, 0x0000, 0x0000, 0x0000, 0x0000, 0xffff, 0xffff,
    0xffff, 0xffff, 0xffff, 0xffff, 0xffff, 0xffff, 0xffff, 0xffff, 0xffff, 0xffff, 0xffff, 0xffff, 0xffff, 0xffff, 0xffff, 0xffff,
    0xffff, 0xffff, 0xffff, 0xffff, 0xffff, 0xffff, 0xffff, 0xffff, 0xffff, 0xffff, 0xffff, 0xffff, 0xf800, 0xf800, 0xf800, 0xf800,
    0xf800, 0xf800, 0xf800, 0xf800, 0xf800, 0xf800, 0xf800, 0xf800, 0xf800, 0xf800, 0xf800, 0xf800, 0xf800, 0xf800, 0xf800, 0xf800,
    0xf800, 0xf800, 0xf800, 0xf800, 0xf800, 0xf800, 0xf800, 0xf800, 0xf800, 0xf800, 0xffff, 0xffff, 0xffff, 0xffff, 0xffff, 0xffff,
    0xffff, 0xffff, 0xffff, 0xffff, 0xffff, 0xffff, 0xffff, 0xffff, 0xffff, 0xffff, 0xffff, 0xffff, 0xffff, 0xffff, 0xffff, 0xffff,
    0xf800, 0xf800, 0xf800, 0xf800, 0xf800, 0xf800, 0xf800, 0xf800, 0x05bf, 0x05bf, 0x05bf, 0x05bf, 0x05bf, 0x05bf, 0x05bf, 0x05bf,
    0x05bf, 0x05bf, 0x05bf, 0x05bf, 0x05bf, 0x05bf, 0x05bf, 0x2194, 0x2194, 0x2194, 0x2194, 0x2194, 0x2194, 0x2194, 0x2194, 0x2194,
    0x2194, 0x2194, 0x2194, 0x2194, 0x2194, 0x2194, 0x2194, 0x2194, 0x2194, 0x2194, 0x2194, 0x2194, 0x2194, 0x6b36, 0x6b36, 0x6b36,
    0x6b36, 0x6b36, 0x6b36, 0x6b36, 0x6b36, 0x6b36, 0x6b36, 0x6b36, 0x6b36, 0x6b36, 0x6b36, 0x6b36, 0x6b36, 0x6b36, 0x6b36, 0x6b36,
    0x6b36, 0x6b36, 0x6b36, 0x6b36, 0x6b36, 0x6b36, 0x6b36, 0x05bf, 0x05bf, 0x05bf, 0x05bf, 0x05bf, 0x05bf, 0x05bf, 0x05bf, 0x05bf,
    0x05bf, 0x05bf, 0x05bf, 0x05bf, 0x05bf, 0x05bf, 0x080a, 0x080a, 0x080a, 0x080a, 0x080a, 0x080a, 0x080a, 0x080a, 0x080a, 0x080a,
    0x080a, 0x080a, 0x080a, 0x080a, 0x080a, 0x080a, 0x080a, 0x080a, 0x080a, 0x080a, 0x080a, 0x080a, 0x080a, 0x080a, 0x080a, 0x080a,
    0x080a, 0x080a, 0x080a, 0x080a, 0x080a, 0x080a, 0x080a, 0x080a, 0x0000, 0x0000, 0x0000, 0x0000, 0x0000, 0x0000, 0x0000, 0x0000,
    0x0000, 0x0000, 0x0000, 0x0000, 0x0000, 0x0000, 0x0000, 0x0000, 0x0000, 0x0000, 0x0000, 0x0000, 0x0000, 0x0000, 0x0000, 0xffff,
    0xffff, 0xffff, 0xffff, 0xffff, 0xffff, 0xffff, 0xffff, 0xffff, 0xffff, 0xffff, 0xffff, 0xffff, 0xffff, 0xffff, 0xffff, 0xffff,
    0xffff, 0xffff, 0xffff, 0xffff, 0xffff, 0xffff, 0xffff, 0xffff, 0xffff, 0xffff, 0xffff, 0xffff, 0xffff, 0xf800, 0xf800, 0xf800,
    0xf800, 0xf800, 0xf800, 0xf800, 0xf800, 0xf800, 0xf800, 0xf800, 0xf800, 0xf800, 0xf800, 0xf800, 0xf800, 0xf800, 0xf800, 0xf800,
    0xf800, 0xf800, 0xf800, 0xf800, 0xf800, 0xf800, 0xf800, 0xf800, 0xf800, 0xf800, 0xf800, 0xf800, 0xf800, 0xf800, 0xf800, 0xf800,
    0xf800, 0xf800, 0xf800, 0xf800, 0xf800, 0xf800, 0xf800, 0xf800, 0xf800, 0xf800, 0xf800, 0xf800, 0xf800, 0xf800, 0xf800, 0xf800,
    0xf800, 0xffff, 0xffff, 0xffff, 0xffff, 0xffff, 0xffff, 0xffff, 0xffff, 0xffff, 0xffff, 0xffff, 0xffff, 0xffff, 0xffff, 0xffff,
    0xf800, 0xf800, 0xf800, 0xf800, 0xf800, 0xf800, 0xf800, 0xf800, 0x05bf, 0x05bf, 0x05bf, 0x05bf, 0x05bf, 0x05bf, 0x05bf, 0x05bf,
    0x05bf, 0x05bf, 0x05bf, 0x05bf, 0x05bf, 0x05bf, 0x05bf, 0x2194, 0x2194, 0x2194, 0x2194, 0x2194, 0x2194, 0x2194, 0x2194, 0x2194,
    0x2194, 0x2194, 0x2194, 0x2194, 0x2194, 0x2194, 0x2194, 0x2194, 0x2194, 0x2194, 0x2194, 0x2194, 0x2194, 0x6b36, 0x6b36, 0x6b36,
    0x6b36, 0x6b36, 0x6b36, 0x6b36, 0x6b36, 0x6b36, 0x6b36, 0x6b36, 0x6b36, 0x6b36, 0x6b36, 0x6b36, 0x6b36, 0x6b36, 0x6b36, 0x6b36,
    0x6b36, 0x6b36, 0x6b36, 0x6b36, 0x6b36, 0x6b36, 0x6b36, 0x05bf, 0x05bf, 0x05bf, 0x05bf, 0x05bf, 0x05bf, 0x05bf, 0x05bf, 0x05bf,
    0x05bf, 0x05bf, 0x05bf, 0x05bf, 0x05bf, 0x05bf, 0x080a, 0x080a, 0x080a, 0x080a, 0x080a, 0x080a, 0x080a, 0x080a, 0x080a, 0x080a,
    0x080a, 0x080a, 0x080a, 0x080a, 0x080a, 0x080a, 0x080a, 0x080a, 0x080a, 0x080a, 0x080a, 0x080a, 0x080a, 0x080a, 0x080a, 0x080a,
    0x080a, 0x080a, 0x080a, 0x080a, 0x080a, 0x080a, 0x080a, 0x080a, 0x0000, 0x0000, 0x0000, 0x0000, 0x0000, 0x0000, 0x0000, 0x0000,
    0x0000, 0x0000, 0x0000, 0x0000, 0x0000, 0x0000, 0x0000, 0x0000, 0x0000, 0x0000, 0x0000, 0x0000, 0x0000, 0x0000, 0x0000, 0xffff,
    0xffff, 0xffff, 0xffff, 0xffff, 0xffff, 0xffff, 0xffff, 0xffff, 0xffff, 0xffff, 0xffff, 0xffff, 0xffff, 0xffff, 0xffff, 0xffff,
    0xffff, 0xffff, 0xffff, 0xffff, 0xffff, 0xffff, 0xffff, 0xffff, 0xffff, 0xffff, 0xffff, 0xffff, 0xffff, 0xf800, 0xf800, 0xf800,
    0xf800, 0xf800, 0xf800, 0xf800, 0xf800, 0xf800, 0xf800, 0xf800, 0xf800, 0xf800, 0xf800, 0xf800, 0xf800, 0xf800, 0xf800, 0xf800,
    0xf800, 0xf800, 0xf800, 0xf800, 0xf800, 0xf800, 0xf800, 0xf800, 0xf800, 0xf800, 0xf800, 0xf800, 0xf800, 0xf800, 0xf800, 0xf800,
    0xf800, 0xf800, 0xf800, 0xf800, 0xf800, 0xf800, 0xf800, 0xf800, 0xf800, 0xf800, 0xf800, 0xf800, 0xf800, 0xf800, 0xf800, 0xf800,
    0xf800, 0xffff, 0xffff, 0xffff, 0xffff, 0xffff, 0xffff, 0xffff, 0xffff, 0xffff, 0xffff, 0xffff, 0xffff, 0xffff, 0xffff, 0xffff,
    0xf800, 0xf800, 0xf800, 0xf800, 0xf800, 0xf800, 0xf800, 0xf800, 0x05bf, 0x05bf, 0x05bf, 0x05bf, 0x05bf, 0x05bf, 0x05bf, 0x05bf,
    0x05bf, 0x05bf, 0x05bf, 0x05bf, 0x05bf, 0x05bf, 0x05bf, 0x2194, 0x2194, 0x2194, 0x2194, 0x2194, 0x2194, 0x2194, 0x2194, 0x2194,
    0x2194, 0x2194, 0x2194, 0x2194, 0x2194, 0x2194, 0x2194, 0x2194, 0x2194, 0x2194, 0x2194, 0x2194, 0x2194, 0x6b36, 0x6b36, 0x6b36,
    0x6b36, 0x6b36, 0x6b36, 0x6b36, 0x6b36, 0x6b36, 0x6b36, 0x6b36, 0x6b36, 0x6b36, 0x6b36, 0x6b36, 0x6b36, 0x6b36, 0x6b36, 0x6b36,
    0x6b36, 0x6b36, 0x6b36, 0x6b36, 0x6b36, 0x6b36, 0x6b36, 0x05bf, 0x05bf, 0x05bf, 0x05bf, 0x05bf, 0x05bf, 0x05bf, 0x05bf, 0x05bf,
    0x05bf, 0x05bf, 0x05bf, 0x05bf, 0x05bf, 0x05bf, 0x080a, 0x080a, 0x080a, 0x080a, 0x080a, 0x080a, 0x080a, 0x080a, 0x080a, 0x080a,
    0x080a, 0x080a, 0x080a, 0x080a, 0x080a, 0x080a, 0x080a, 0x080a, 0x080a, 0x080a, 0x080a, 0x080a, 0x080a, 0x080a, 0x080a, 0x080a,
    0x080a, 0x080a, 0x080a, 0x080a, 0x080a, 0x080a, 0x080a, 0x080a, 0x0000, 0x0000, 0x0000, 0x0000, 0x0000, 0x0000, 0x0000, 0x0000,
    0x0000, 0x0000, 0x0000, 0x0000, 0x0000, 0x0000, 0x0000, 0x0000, 0x0000, 0x0000, 0x0000, 0x0000, 0x0000, 0x0000, 0x0000, 0xffff,
    0xffff, 0xffff, 0xffff, 0xffff, 0xffff, 0xffff, 0xffff, 0xffff, 0xffff, 0xffff, 0xffff, 0xffff, 0xffff, 0xffff, 0xffff, 0xffff,
    0xffff, 0xffff, 0xffff, 0xffff, 0xffff, 0xffff, 0xffff, 0xffff, 0xffff, 0xffff, 0xffff, 0xffff, 0xffff, 0xf800, 0xf800, 0xf800,
    0xf800, 0xf800, 0xf800, 0xf800, 0xf800, 0xf800, 0xf800, 0xf800, 0xf800, 0xf800, 0xf800, 0xf800, 0xf800, 0xf800, 0xf800, 0xf800,
    0xf800, 0xf800, 0xf800, 0xf800, 0xf800, 0xf800, 0xf800, 0xf800, 0xf800, 0xf800, 0xf800, 0xf800, 0xf800, 0xf800, 0xf800, 0xf800,
    0xf800, 0xf800, 0xf800, 0xf800, 0xf800, 0xf800, 0xf800, 0xf800, 0xf800, 0xf800, 0xf800, 0xf800, 0xf800, 0xf800, 0xf800, 0xf800,
    0xf800, 0xffff, 0xffff, 0xffff, 0xffff, 0xffff, 0xffff, 0xffff, 0xffff, 0xffff, 0xffff, 0xffff, 0xffff, 0xffff, 0xffff, 0xffff,
    0xf800, 0xf800, 0xf800, 0xf800, 0xf800, 0xf800, 0xf800, 0xf800, 0x05bf, 0x05bf, 0x05bf, 0x05bf, 0x05bf, 0x05bf, 0x05bf, 0x05bf,
    0x05bf, 0x05bf, 0x05bf, 0x05bf, 0x05bf, 0x05bf, 0x05bf, 0x2194, 0x2194, 0x2194, 0x2194, 0x2194, 0x2194, 0x2194, 0x2194, 0x2194,
    0x2194, 0x2194, 0x2194, 0x2194, 0x2194, 0x2194, 0x2194, 0x2194, 0x2194, 0x2194, 0x2194, 0x2194, 0x2194, 0x6b36, 0x6b36, 0x6b36,
    0x6b36, 0x6b36, 0x6b36, 0x6b36, 0x6b36, 0x6b36, 0x6b36, 0x6b36, 0x6b36, 0x6b36, 0x6b36, 0x6b36, 0x6b36, 0x6b36, 0x6b36, 0x6b36,
    0x6b36, 0x6b36, 0x6b36, 0x6b36, 0x6b36, 0x6b36, 0x6b36, 0x05bf, 0x05bf, 0x05bf, 0x05bf, 0x05bf, 0x05bf, 0x05bf, 0x05bf, 0x05bf,
    0x05bf, 0x05bf, 0x05bf, 0x05bf, 0x05bf, 0x05bf, 0x080a, 0x080a, 0x080a, 0x080a, 0x080a, 0x080a, 0x080a, 0x080a, 0x080a, 0x080a,
    0x080a, 0x080a, 0x080a, 0x080a, 0x080a, 0x080a, 0x080a, 0x080a, 0x080a, 0x080a, 0x080a, 0x080a, 0x080a, 0x080a, 0x080a, 0x080a,
    0x080a, 0x080a, 0x080a, 0x080a, 0x080a, 0x080a, 0x080a, 0x080a, 0x0000, 0x0000, 0x0000, 0x0000, 0x0000, 0x0000, 0x0000, 0x0000,
    0x0000, 0x0000, 0x0000, 0x0000, 0x0000, 0x0000, 0x0000, 0x0000, 0x0000, 0x0000, 0x0000, 0x0000, 0x0000, 0x0000, 0x0000, 0xffff,
    0xffff, 0xffff, 0xffff, 0xffff, 0xffff, 0xffff, 0xffff, 0xffff, 0xffff, 0xffff, 0xffff, 0xffff, 0xffff, 0xffff, 0xffff, 0xffff,
    0xffff, 0xffff, 0xffff, 0xffff, 0xffff, 0xffff, 0xffff, 0xffff, 0xffff, 0xffff, 0xffff, 0xffff, 0xffff, 0xf800, 0xf800, 0xf800,
    0xf800, 0xf800, 0xf800, 0xf800, 0xf800, 0xf800, 0xf800, 0xf800, 0xf800, 0xf800, 0xf800, 0xf800, 0xf800, 0xf800, 0xf800, 0xf800,
    0xf800, 0xf800, 0xf800, 0xf800, 0xf800, 0xf800, 0xf800, 0xf800, 0xf800, 0xf800, 0xf800, 0xf800, 0xf800, 0xf800, 0xf800, 0xf800,
    0xf800, 0xf800, 0xf800, 0xf800, 0xf800, 0xf800, 0xf800, 0xf800, 0xf800, 0xf800, 0xf800, 0xf800, 0xf800, 0xf800, 0xf800, 0xf800,
    0xf800, 0xffff, 0xffff, 0xffff, 0xffff, 0xffff, 0xffff, 0xffff, 0xffff, 0xffff, 0xffff, 0xffff, 0xffff, 0xffff, 0xffff, 0xffff,
    0xf800, 0xf800, 0xf800, 0xf800, 0x05bf, 0x05bf, 0x05bf, 0x05bf, 0x05bf, 0x05bf, 0x05bf, 0x05bf, 0x05bf, 0x05bf, 0x05bf, 0x05bf,
    0x05bf, 0x05bf, 0x05bf, 0x05bf, 0x05bf, 0x05bf, 0x05bf, 0x2194, 0x2194, 0x2194, 0x2194, 0x2194, 0x2194, 0x2194, 0x2194, 0x2194,
    0x2194, 0x2194, 0x2194, 0x2194, 0x2194, 0x2194, 0x2194, 0x2194, 0x2194, 0x2194, 0x2194, 0x2194, 0x2194, 0x6b36, 0x6b36, 0x6b36,
    0x6b36, 0x6b36, 0x6b36, 0x6b36, 0x6b36, 0x6b36, 0x6b36, 0x6b36, 0x6b36, 0x6b36, 0x6b36, 0x6b36, 0x6b36, 0x6b36, 0x6b36, 0x6b36,
    0x05bf, 0x05bf, 0x05bf, 0x05bf, 0x05bf, 0x05bf, 0x05bf, 0x05bf, 0x05bf, 0x05bf, 0x05bf, 0x080a, 0x080a, 0x080a, 0x080a, 0x080a,
    0x080a, 0x080a, 0x080a, 0x080a, 0x080a, 0x080a, 0x080a, 0x080a, 0x080a, 0x080a, 0x080a, 0x080a, 0x080a, 0x080a, 0x080a, 0x080a,
    0x080a, 0x080a, 0x080a, 0x080a, 0x080a, 0x080a, 0x080a, 0x080a, 0x080a, 0x080a, 0x080a, 0x080a, 0x080a, 0x080a, 0x080a, 0x080a,
    0x080a, 0x080a, 0x080a, 0x080a, 0x080a, 0x080a, 0x080a, 0x080a, 0x0000, 0x0000, 0x0000, 0x0000, 0x0000, 0x0000, 0x0000, 0x0000,
    0x0000, 0x0000, 0x0000, 0x0000, 0x0000, 0x0000, 0x0000, 0x0000, 0x0000, 0x0000, 0x0000, 0x0000, 0x0000, 0x0000, 0x0000, 0xffff,
    0xffff, 0xffff, 0xffff, 0xffff, 0xffff, 0xffff, 0xffff, 0xffff, 0xffff, 0xffff, 0xffff, 0xffff, 0xffff, 0xffff, 0xffff, 0xffff,
    0xffff, 0xffff, 0xffff, 0xffff, 0xffff, 0xffff, 0xffff, 0xffff, 0xffff, 0xffff, 0xffff, 0xffff, 0xffff, 0xf800, 0xf800, 0xf800,
    0xf800, 0xf800, 0xf800, 0xf800, 0xf800, 0xf800, 0xf800, 0xf800, 0xf800, 0xf800, 0xf800, 0xf800, 0xf800, 0xf800, 0xf800, 0xf800,
    0xf800, 0xf800, 0xf800, 0xf800, 0xf800, 0xf800, 0xf800, 0xf800, 0xf800, 0xf800, 0xf800, 0xf800, 0xf800, 0xf800, 0xf800, 0xf800,
    0xf800, 0xf800, 0xf800, 0xf800, 0xf800, 0xf800, 0xf800, 0xf800, 0xf800, 0xf800, 0xf800, 0xf800, 0xf800, 0xf800, 0xf800, 0xf800,
    0xf800, 0xffff, 0xffff, 0xffff, 0xffff, 0xffff, 0xffff, 0xffff, 0xffff, 0xffff, 0xffff, 0xffff, 0xffff, 0xffff, 0xffff, 0xffff,
    0xf800, 0xf800, 0xf800, 0xf800, 0x05bf, 0x05bf, 0x05bf, 0x05bf, 0x05bf, 0x05bf, 0x05bf, 0x05bf, 0x05bf, 0x05bf, 0x05bf, 0x05bf,
    0x05bf, 0x05bf, 0x05bf, 0x05bf, 0x05bf, 0x05bf, 0x05bf, 0x2194, 0x2194, 0x2194, 0x2194, 0x2194, 0x2194, 0x2194, 0x2194, 0x2194,
    0x2194, 0x2194, 0x2194, 0x2194, 0x2194, 0x2194, 0x2194, 0x2194, 0x2194, 0x2194, 0x2194, 0x2194, 0x2194, 0x6b36, 0x6b36, 0x6b36,
    0x6b36, 0x6b36, 0x6b36, 0x6b36, 0x6b36, 0x6b36, 0x6b36, 0x6b36, 0x6b36, 0x6b36, 0x6b36, 0x6b36, 0x6b36, 0x6b36, 0x6b36, 0x6b36,
    0x05bf, 0x05bf, 0x05bf, 0x05bf, 0x05bf, 0x05bf, 0x05bf, 0x05bf, 0x05bf, 0x05bf, 0x05bf, 0x080a, 0x080a, 0x080a, 0x080a, 0x080a,
    0x080a, 0x080a, 0x080a, 0x080a, 0x080a, 0x080a, 0x080a, 0x080a, 0x080a, 0x080a, 0x080a, 0x080a, 0x080a, 0x080a, 0x080a, 0x080a,
    0x080a, 0x080a, 0x080a, 0x080a, 0x080a, 0x080a, 0x080a, 0x080a, 0x080a, 0x080a, 0x080a, 0x080a, 0x080a, 0x080a, 0x080a, 0x080a,
    0x080a, 0x080a, 0x080a, 0x080a, 0x080a, 0x080a, 0x080a, 0x080a, 0x0000, 0x0000, 0x0000, 0x0000, 0x0000, 0x0000, 0x0000, 0x0000,
    0x0000, 0x0000, 0x0000, 0x0000, 0x0000, 0x0000, 0x0000, 0x0000, 0x0000, 0x0000, 0x0000, 0x0000, 0x0000, 0x0000, 0x0000, 0xffff,
    0xffff, 0xffff, 0xffff, 0xffff, 0xffff, 0xffff, 0xffff, 0xffff, 0xffff, 0xffff, 0xffff, 0xffff, 0xffff, 0xffff, 0xffff, 0xffff,
    0xffff, 0xffff, 0xffff, 0xffff, 0xffff, 0xffff, 0xffff, 0xffff, 0xffff, 0xffff, 0xffff, 0xffff, 0xffff, 0xf800, 0xf800, 0xf800,
    0xf800, 0xf800, 0xf800, 0xf800, 0xf800, 0xf800, 0xf800, 0xf800, 0xf800, 0xf800, 0xf800, 0xf800, 0xf800, 0xf800, 0xf800, 0xf800,
    0xf800, 0xf800, 0xf800, 0xf800, 0xf800, 0xf800, 0xf800, 0xf800, 0xf800, 0xf800, 0xf800, 0xf800, 0xf800, 0xf800, 0xf800, 0xf800,
    0xf800, 0xf800, 0xf800, 0xf800, 0xf800, 0xf800, 0xf800, 0xf800, 0xf800, 0xf800, 0xf800, 0xf800, 0xf800, 0xf800, 0xf800, 0xf800,
    0xf800, 0xffff, 0xffff, 0xffff, 0xffff, 0xffff, 0xffff, 0xffff, 0xffff, 0xffff, 0xffff, 0xffff, 0xffff, 0xffff, 0xffff, 0xffff,
    0xf800, 0xf800, 0xf800, 0xf800, 0x05bf, 0x05bf, 0x05bf, 0x05bf, 0x05bf, 0x05bf, 0x05bf, 0x05bf, 0x05bf, 0x05bf, 0x05bf, 0x05bf,
    0x05bf, 0x05bf, 0x05bf, 0x05bf, 0x05bf, 0x05bf, 0x05bf, 0x2194, 0x2194, 0x2194, 0x2194, 0x2194, 0x2194, 0x2194, 0x2194, 0x2194,
    0x2194, 0x2194, 0x2194, 0x2194, 0x2194, 0x2194, 0x2194, 0x2194, 0x2194, 0x2194, 0x2194, 0x2194, 0x2194, 0x6b36, 0x6b36, 0x6b36,
    0x6b36, 0x6b36, 0x6b36, 0x6b36, 0x6b36, 0x6b36, 0x6b36, 0x6b36, 0x6b36, 0x6b36, 0x6b36, 0x6b36, 0x6b36, 0x6b36, 0x6b36, 0x6b36,
    0x05bf, 0x05bf, 0x05bf, 0x05bf, 0x05bf, 0x05bf, 0x05bf, 0x05bf, 0x05bf, 0x05bf, 0x05bf, 0x080a, 0x080a, 0x080a, 0x080a, 0x080a,
    0x080a, 0x080a, 0x080a, 0x080a, 0x080a, 0x080a, 0x080a, 0x080a, 0x080a, 0x080a, 0x080a, 0x080a, 0x080a, 0x080a, 0x080a, 0x080a,
    0x080a, 0x080a, 0x080a, 0x080a, 0x080a, 0x080a, 0x080a, 0x080a, 0x080a, 0x080a, 0x080a, 0x080a, 0x080a, 0x080a, 0x080a, 0x080a,
    0x080a, 0x080a, 0x080a, 0x080a, 0x080a, 0x080a, 0x080a, 0x080a, 0x0000, 0x0000, 0x0000, 0x0000, 0x0000, 0x0000, 0x0000, 0x0000,
    0x0000, 0x0000, 0x0000, 0x0000, 0x0000, 0x0000, 0x0000, 0x0000, 0x0000, 0x0000, 0x0000, 0x0000, 0x0000, 0x0000, 0x0000, 0xffff,
    0xffff, 0xffff, 0xffff, 0xffff, 0xffff, 0xffff, 0xffff, 0xffff, 0xffff, 0xffff, 0xffff, 0xffff, 0xffff, 0xffff, 0xffff, 0xffff,
    0xffff, 0xffff, 0xffff, 0xffff, 0xffff, 0xffff, 0xffff, 0xffff, 0xffff, 0xffff, 0xffff, 0xffff, 0xffff, 0xf800, 0xf800, 0xf800,
    0xf800, 0xf800, 0xf800, 0xf800, 0xf800, 0xf800, 0xf800, 0xf800, 0xf800, 0xf800, 0xf800, 0xf800, 0xf800, 0xf800, 0xf800, 0xf800,
    0xf800, 0xf800, 0xf800, 0xf800, 0xf800, 0xf800, 0xf800, 0xf800, 0xf800, 0xf800, 0xf800, 0xf800, 0xf800, 0xf800, 0xf800, 0xf800,
    0xf800, 0xf800, 0xf800, 0xf800, 0xf800, 0xf800, 0xf800, 0xf800, 0xf800, 0xf800, 0xf800, 0xf800, 0xf800, 0xf800, 0xf800, 0xf800,
    0xf800, 0xffff, 0xffff, 0xffff, 0xffff, 0xffff, 0xffff, 0xffff, 0xffff, 0xffff, 0xffff, 0xffff, 0xffff, 0xffff, 0xffff, 0xffff,
    0xf800, 0xf800, 0xf800, 0xf800, 0x05bf, 0x05bf, 0x05bf, 0x05bf, 0x05bf, 0x05bf, 0x05bf, 0x05bf, 0x05bf, 0x05bf, 0x05bf, 0x05bf,
    0x05bf, 0x05bf, 0x05bf, 0x05bf, 0x05bf, 0x05bf, 0x05bf, 0x2194, 0x2194, 0x2194, 0x2194, 0x2194, 0x2194, 0x2194, 0x2194, 0x2194,
    0x2194, 0x2194, 0x2194, 0x2194, 0x2194, 0x2194, 0x2194, 0x2194, 0x2194, 0x2194, 0x2194, 0x2194, 0x2194, 0x6b36, 0x6b36, 0x6b36,
    0x6b36, 0x6b36, 0x6b36, 0x6b36, 0x6b36, 0x6b36, 0x6b36, 0x6b36, 0x6b36, 0x6b36, 0x6b36, 0x6b36, 0x6b36, 0x6b36, 0x6b36, 0x6b36,
    0x05bf, 0x05bf, 0x05bf, 0x05bf, 0x05bf, 0x05bf, 0x05bf, 0x05bf, 0x05bf, 0x05bf, 0x05bf, 0x080a, 0x080a, 0x080a, 0x080a, 0x080a,
    0x080a, 0x080a, 0x080a, 0x080a, 0x080a, 0x080a, 0x080a, 0x080a, 0x080a, 0x080a, 0x080a, 0x080a, 0x080a, 0x080a, 0x080a, 0x080a,
    0x080a, 0x080a, 0x080a, 0x080a, 0x080a, 0x080a, 0x080a, 0x080a, 0x080a, 0x080a, 0x080a, 0x080a, 0x080a, 0x080a, 0x080a, 0x080a,
    0x080a, 0x080a, 0x080a, 0x080a, 0x080a, 0x080a, 0x080a, 0x080a, 0x0000, 0x0000, 0x0000, 0x0000, 0x0000, 0x0000, 0x0000, 0x0000,
    0x0000, 0x0000, 0x0000, 0x0000, 0x0000, 0x0000, 0x0000, 0x0000, 0x0000, 0x0000, 0x0000, 0x0000, 0x0000, 0x0000, 0x0000, 0xffff,
    0xffff, 0xffff, 0xffff, 0xffff, 0xffff, 0xffff, 0xffff, 0xffff, 0xffff, 0xffff, 0xffff, 0xffff, 0xffff, 0xffff, 0xffff, 0xffff,
    0xffff, 0xffff, 0xffff, 0xffff, 0xffff, 0xffff, 0xffff, 0xffff, 0xffff, 0xffff, 0xffff, 0xffff, 0xffff, 0xf800, 0xf800, 0xf800,
    0xf800, 0xf800, 0xf800, 0xf800, 0xf800, 0xf800, 0xf800, 0xf800, 0xf800, 0xf800, 0xf800, 0xf800, 0xf800, 0xf800, 0xf800, 0xf800,
    0xf800, 0xf800, 0xf800, 0xf800, 0xf800, 0xf800, 0xf800, 0xf800, 0xf800, 0xf800, 0xf800, 0xf800, 0xf800, 0xf800, 0xf800, 0xf800,
    0xf800, 0xf800, 0xf800, 0xf800, 0xf800, 0xf800, 0xf800, 0xf800, 0xf800, 0xf800, 0xf800, 0xf800, 0xf800, 0xf800, 0xf800, 0xf800,
    0xf800, 0xffff, 0xffff, 0xffff, 0xffff, 0xffff, 0xffff, 0xffff, 0xffff, 0xffff, 0xffff, 0xffff, 0xffff, 0xffff, 0xffff, 0xffff,
    0x05bf, 0x05bf, 0x05bf, 0x05bf, 0x05bf, 0x05bf, 0x05bf, 0x05bf, 0x2194, 0x2194, 0x2194, 0x2194, 0x2194, 0x2194, 0x2194, 0x2194,
    0x2194, 0x2194, 0x2194, 0x2194, 0x2194, 0x2194, 0x2194, 0x2194, 0x2194, 0x2194, 0x2194, 0x2194, 0x2194, 0x2194, 0x6b36, 0x6b36,
    0x6b36, 0x6b36, 0x6b36, 0x6b36, 0x6b36, 0x6b36, 0x6b36, 0x6b36, 0x6b36, 0x6b36, 0x6b36, 0x6b36, 0x6b36, 0x6b36, 0x6b36, 0x6b36,
    0x6b36, 0x6b36, 0x6b36, 0x6b36, 0x6b36, 0x05bf, 0x05bf, 0x05bf, 0x05bf, 0x05bf, 0x05bf, 0x05bf, 0x05bf, 0x05bf, 0x05bf, 0x05bf,
    0x05bf, 0x05bf, 0x05bf, 0x05bf, 0x080a, 0x080a, 0x080a, 0x080a, 0x080a, 0x080a, 0x080a, 0x080a, 0x080a, 0x080a, 0x080a, 0x080a,
    0x080a, 0x080a, 0x080a, 0x080a, 0x080a, 0x080a, 0x080a, 0x080a, 0x080a, 0x080a, 0x080a, 0x080a, 0x080a, 0x080a, 0x080a, 0x080a,
    0x080a, 0x080a, 0x080a, 0x080a, 0x080a, 0x080a, 0x080a, 0x080a, 0x080a, 0x0000, 0x0000, 0x0000, 0x0000, 0x0000, 0x0000, 0x0000,
    0x0000, 0x0000, 0x0000, 0x0000, 0x0000, 0x0000, 0x0000, 0x0000, 0x0000, 0x0000, 0x0000, 0x0000, 0x0000, 0x0000, 0x0000, 0x0000,
    0xffff, 0xffff, 0xffff, 0xffff, 0xffff, 0xffff, 0xffff, 0xffff, 0xffff, 0xffff, 0xffff, 0xffff, 0xffff, 0xffff, 0xffff, 0xffff,
    0xffff, 0xffff, 0xffff, 0xffff, 0xffff, 0xffff, 0xffff, 0xffff, 0xffff, 0xffff, 0xffff, 0xffff, 0xffff, 0xffff, 0xffff, 0xffff,
    0xffff, 0xffff, 0xffff, 0xffff, 0xffff, 0xf800, 0xf800, 0xf800, 0xf800, 0xf800, 0xf800, 0xf800, 0xf800, 0xf800, 0xf800, 0xf800,
    0xf800, 0xf800, 0xf800, 0xf800, 0x05bf, 0x05bf, 0x05bf, 0x05bf, 0x05bf, 0x05bf, 0x05bf, 0x05bf, 0xf800, 0xf800, 0xf800, 0xf800,
    0xf800, 0xf800, 0xf800, 0xf800, 0xf800, 0xf800, 0xf800, 0xf800, 0xf800, 0xf800, 0xf800, 0xf800, 0xf800, 0xf800, 0xf800, 0xf800,
    0xf800, 0xf800, 0xf800, 0xf800, 0xf800, 0xf800, 0xf800, 0xf800, 0xf800, 0xf800, 0xf800, 0xf800, 0xf800, 0xf800, 0xf800, 0xf800,
    0xf800, 0xf800, 0xf800, 0xf800, 0xf800, 0xf800, 0xf800, 0xf800, 0xf800, 0xffff, 0xffff, 0xffff, 0xffff, 0xffff, 0xffff, 0xffff,
    0x05bf, 0x05bf, 0x05bf, 0x05bf, 0x05bf, 0x05bf, 0x05bf, 0x05bf, 0x2194, 0x2194, 0x2194, 0x2194, 0x2194, 0x2194, 0x2194, 0x2194,
    0x2194, 0x2194, 0x2194, 0x2194, 0x2194, 0x2194, 0x2194, 0x2194, 0x2194, 0x2194, 0x2194, 0x2194, 0x2194, 0x2194, 0x6b36, 0x6b36,
    0x6b36, 0x6b36, 0x6b36, 0x6b36, 0x6b36, 0x6b36, 0x6b36, 0x6b36, 0x6b36, 0x6b36, 0x6b36, 0x6b36, 0x6b36, 0x6b36, 0x6b36, 0x6b36,
    0x6b36, 0x6b36, 0x6b36, 0x6b36, 0x6b36, 0x05bf, 0x05bf, 0x05bf, 0x05bf, 0x05bf, 0x05bf, 0x05bf, 0x05bf, 0x05bf, 0x05bf, 0x05bf,
    0x05bf, 0x05bf, 0x05bf, 0x05bf, 0x080a, 0x080a, 0x080a, 0x080a, 0x080a, 0x080a, 0x080a, 0x080a, 0x080a, 0x080a, 0x080a, 0x080a,
    0x080a, 0x080a, 0x080a, 0x080a, 0x080a, 0x080a, 0x080a, 0x080a, 0x080a, 0x080a, 0x080a, 0x080a, 0x080a, 0x080a, 0x080a, 0x080a,
    0x080a, 0x080a, 0x080a, 0x080a, 0x080a, 0x080a, 0x080a, 0x080a, 0x080a, 0x0000, 0x0000, 0x0000, 0x0000, 0x0000, 0x0000, 0x0000,
    0x0000, 0x0000, 0x0000, 0x0000, 0x0000, 0x0000, 0x0000, 0x0000, 0x0000, 0x0000, 0x0000, 0x0000, 0x0000, 0x0000, 0x0000, 0x0000,
    0xffff, 0xffff, 0xffff, 0xffff, 0xffff, 0xffff, 0xffff, 0xffff, 0xffff, 0xffff, 0xffff, 0xffff, 0xffff, 0xffff, 0xffff, 0xffff,
    0xffff, 0xffff, 0xffff, 0xffff, 0xffff, 0xffff, 0xffff, 0xffff, 0xffff, 0xffff, 0xffff, 0xffff, 0xffff, 0xffff, 0xffff, 0xffff,
    0xffff, 0xffff, 0xffff, 0xffff, 0xffff, 0xf800, 0xf800, 0xf800, 0xf800, 0xf800, 0xf800, 0xf800, 0xf800, 0xf800, 0xf800, 0xf800,
    0xf800, 0xf800, 0xf800, 0xf800, 0x05bf, 0x05bf, 0x05bf, 0x05bf, 0x05bf, 0x05bf, 0x05bf, 0x05bf, 0xf800, 0xf800, 0xf800, 0xf800,
    0xf800, 0xf800, 0xf800, 0xf800, 0xf800, 0xf800, 0xf800, 0xf800, 0xf800, 0xf800, 0xf800, 0xf800, 0xf800, 0xf800, 0xf800, 0xf800,
    0xf800, 0xf800, 0xf800, 0xf800, 0xf800, 0xf800, 0xf800, 0xf800, 0xf800, 0xf800, 0xf800, 0xf800, 0xf800, 0xf800, 0xf800, 0xf800,
    0xf800, 0xf800, 0xf800, 0xf800, 0xf800, 0xf800, 0xf800, 0xf800, 0xf800, 0xffff, 0xffff, 0xffff, 0xffff, 0xffff, 0xffff, 0xffff,
    0x05bf, 0x05bf, 0x05bf, 0x05bf, 0x05bf, 0x05bf, 0x05bf, 0x05bf, 0x2194, 0x2194, 0x2194, 0x2194, 0x2194, 0x2194, 0x2194, 0x2194,
    0x2194, 0x2194, 0x2194, 0x2194, 0x2194, 0x2194, 0x2194, 0x2194, 0x2194, 0x2194, 0x2194, 0x2194, 0x2194, 0x2194, 0x6b36, 0x6b36,
    0x6b36, 0x6b36, 0x6b36, 0x6b36, 0x6b36, 0x6b36, 0x6b36, 0x6b36, 0x6b36, 0x6b36, 0x6b36, 0x6b36, 0x6b36, 0x6b36, 0x6b36, 0x6b36,
    0x6b36, 0x6b36, 0x6b36, 0x6b36, 0x6b36, 0x05bf, 0x05bf, 0x05bf, 0x05bf, 0x05bf, 0x05bf, 0x05bf, 0x05bf, 0x05bf, 0x05bf, 0x05bf,
    0x05bf, 0x05bf, 0x05bf, 0x05bf, 0x080a, 0x080a, 0x080a, 0x080a, 0x080a, 0x080a, 0x080a, 0x080a, 0x080a, 0x080a, 0x080a, 0x080a,
    0x080a, 0x080a, 0x080a, 0x080a, 0x080a, 0x080a, 0x080a, 0x080a, 0x080a, 0x080a, 0x080a, 0x080a, 0x080a, 0x080a, 0x080a, 0x080a,
    0x080a, 0x080a, 0x080a, 0x080a, 0x080a, 0x080a, 0x080a, 0x080a, 0x080a, 0x0000, 0x0000, 0x0000, 0x0000, 0x0000, 0x0000, 0x0000,
    0x0000, 0x0000, 0x0000, 0x0000, 0x0000, 0x0000, 0x0000, 0x0000, 0x0000, 0x0000, 0x0000, 0x0000, 0x0000, 0x0000, 0x0000, 0x0000,
    0xffff, 0xffff, 0xffff, 0xffff, 0xffff, 0xffff, 0xffff, 0xffff, 0xffff, 0xffff, 0xffff, 0xffff, 0xffff, 0xffff, 0xffff, 0xffff,
    0xffff, 0xffff, 0xffff, 0xffff, 0xffff, 0xffff, 0xffff, 0xffff, 0xffff, 0xffff, 0xffff, 0xffff, 0xffff, 0xffff, 0xffff, 0xffff,
    0xffff, 0xffff, 0xffff, 0xffff, 0xffff, 0xf800, 0xf800, 0xf800, 0xf800, 0xf800, 0xf800, 0xf800, 0xf800, 0xf800, 0xf800, 0xf800,
    0xf800, 0xf800, 0xf800, 0xf800, 0x05bf, 0x05bf, 0x05bf, 0x05bf, 0x05bf, 0x05bf, 0x05bf, 0x05bf, 0xf800, 0xf800, 0xf800, 0xf800,
    0xf800, 0xf800, 0xf800, 0xf800, 0xf800, 0xf800, 0xf800, 0xf800, 0xf800, 0xf800, 0xf800, 0xf800, 0xf800, 0xf800, 0xf800, 0xf800,
    0xf800, 0xf800, 0xf800, 0xf800, 0xf800, 0xf800, 0xf800, 0xf800, 0xf800, 0xf800, 0xf800, 0xf800, 0xf800, 0xf800, 0xf800, 0xf800,
    0xf800, 0xf800, 0xf800, 0xf800, 0xf800, 0xf800, 0xf800, 0xf800, 0xf800, 0xffff, 0xffff, 0xffff, 0xffff, 0xffff, 0xffff, 0xffff,
    0x05bf, 0x05bf, 0x05bf, 0x05bf, 0x05bf, 0x05bf, 0x05bf, 0x05bf, 0x2194, 0x2194, 0x2194, 0x2194, 0x2194, 0x2194, 0x2194, 0x2194,
    0x2194, 0x2194, 0x2194, 0x2194, 0x2194, 0x2194, 0x2194, 0x2194, 0x2194, 0x2194, 0x2194, 0x2194, 0x2194, 0x2194, 0x6b36, 0x6b36,
    0x6b36, 0x6b36, 0x6b36, 0x6b36, 0x6b36, 0x6b36, 0x6b36, 0x6b36, 0x6b36, 0x6b36, 0x6b36, 0x6b36, 0x6b36, 0x6b36, 0x6b36, 0x6b36,
    0x6b36, 0x05bf, 0x05bf, 0x05bf, 0x05bf, 0x05bf, 0x05bf, 0x05bf, 0x080a, 0x080a, 0x080a, 0x080a, 0x080a, 0x080a, 0x080a, 0x080a,
    0x080a, 0x080a, 0x080a, 0x080a, 0x080a, 0x080a, 0x080a, 0x080a, 0x080a, 0x080a, 0x080a, 0x080a, 0x080a, 0x080a, 0x080a, 0x080a,
    0x080a, 0x080a, 0x080a, 0x080a, 0x080a, 0x080a, 0x080a, 0x080a, 0x080a, 0x080a, 0x080a, 0x080a, 0x080a, 0x080a, 0x080a, 0x080a,
    0x080a, 0x080a, 0x080a, 0x080a, 0x080a, 0x080a, 0x080a, 0x080a, 0x080a, 0x0000, 0x0000, 0x0000, 0x0000, 0x0000, 0x0000, 0x0000,
    0x0000, 0x0000, 0x0000, 0x0000, 0x0000, 0x0000, 0x0000, 0x0000, 0x0000, 0x0000, 0x0000, 0x0000, 0x0000, 0x0000, 0x0000, 0x0000,
    0xffff, 0xffff, 0xffff, 0xffff, 0xffff, 0xffff, 0xffff, 0xffff, 0xffff, 0xffff, 0xffff, 0xffff, 0xffff, 0xffff, 0xffff, 0xffff,
    0xffff, 0xffff, 0xffff, 0xffff, 0xffff, 0xffff, 0xffff, 0xffff, 0xffff, 0xffff, 0xffff, 0xffff, 0xffff, 0xffff, 0xffff, 0xffff,
    0xffff, 0xffff, 0xffff, 0xffff, 0xffff, 0xf800, 0xf800, 0xf800, 0xf800, 0xf800, 0xf800, 0xf800, 0xf800, 0xf800, 0xf800, 0xf800,
    0xf800, 0xf800, 0xf800, 0xf800, 0x05bf, 0x05bf, 0x05bf, 0x0000, 0x05bf, 0x05bf, 0x05bf, 0x05bf, 0xf800, 0xf800, 0xf800, 0xf800,
    0xf800, 0xf800, 0xf800, 0xf800, 0xf800, 0xf800, 0xf800, 0xf800, 0xf800, 0xf800, 0xf800, 0xf800, 0xf800, 0xf800, 0xf800, 0xf800,
    0xf800, 0xf800, 0xf800, 0xf800, 0xf800, 0xf800, 0xf800, 0xf800, 0xf800, 0xf800, 0xf800, 0xf800, 0xf800, 0xf800, 0xf800, 0xf800,
    0xf800, 0xf800, 0xf800, 0xf800, 0xf800, 0xf800, 0xf800, 0xf800, 0xf800, 0xffff, 0xffff, 0xffff, 0xffff, 0xffff, 0xffff, 0xffff,
    0x05bf, 0x05bf, 0x05bf, 0x05bf, 0x05bf, 0x05bf, 0x05bf, 0x05bf, 0x2194, 0x2194, 0x2194, 0x2194, 0x2194, 0x2194, 0x2194, 0x2194,
    0x2194, 0x2194, 0x2194, 0x2194, 0x2194, 0x2194, 0x2194, 0x2194, 0x2194, 0x2194, 0x2194, 0x2194, 0x2194, 0x2194, 0x6b36, 0x6b36,
    0x6b36, 0x6b36, 0x6b36, 0x6b36, 0x6b36, 0x6b36, 0x6b36, 0x6b36, 0x6b36, 0x6b36, 0x6b36, 0x6b36, 0x6b36, 0x6b36, 0x6b36, 0x6b36,
    0x6b36, 0x05bf, 0x05bf, 0x05bf, 0x05bf, 0x05bf, 0x05bf, 0x05bf, 0x080a, 0x080a, 0x080a, 0x080a, 0x080a, 0x080a, 0x080a, 0x080a,
    0x080a, 0x080a, 0x080a, 0x080a, 0x080a, 0x080a, 0x080a, 0x080a, 0x080a, 0x080a, 0x080a, 0x080a, 0x080a, 0x080a, 0x080a, 0x080a,
    0x080a, 0x080a, 0x080a, 0x080a, 0x080a, 0x080a, 0x080a, 0x080a, 0x080a, 0x080a, 0x080a, 0x080a, 0x080a, 0x080a, 0x080a, 0x080a,
    0x080a, 0x080a, 0x080a, 0x080a, 0x080a, 0x080a, 0x080a, 0x080a, 0x080a, 0x0000, 0x0000, 0x0000, 0x0000, 0x0000, 0x0000, 0x0000,
    0x0000, 0x0000, 0x0000, 0x0000, 0x0000, 0x0000, 0x0000, 0x0000, 0x0000, 0x0000, 0x0000, 0x0000, 0x0000, 0x0000, 0x0000, 0x0000,
    0xffff, 0xffff, 0xffff, 0xffff, 0xffff, 0xffff, 0xffff, 0xffff, 0xffff, 0xffff, 0xffff, 0xffff, 0xffff, 0xffff, 0xffff, 0xffff,
    0xffff, 0xffff, 0xffff, 0xffff, 0xffff, 0xffff, 0xffff, 0xffff, 0xffff, 0xffff, 0xffff, 0xffff, 0xffff, 0xffff, 0xffff, 0xffff,
    0xffff, 0xffff, 0xffff, 0xffff, 0xffff, 0xf800, 0xf800, 0xf800, 0xf800, 0xf800, 0xf800, 0xf800, 0xf800, 0xf800, 0xf800, 0xf800,
    0xf800, 0xf800, 0xf800, 0xf800, 0x05bf, 0x05bf, 0x05bf, 0x05bf, 0x05bf, 0x05bf, 0x05bf, 0x05bf, 0xf800, 0xf800, 0xf800, 0xf800,
    0xf800, 0xf800, 0xf800, 0xf800, 0xf800, 0xf800, 0xf800, 0xf800, 0xf800, 0xf800, 0xf800, 0xf800, 0xf800, 0xf800, 0xf800, 0xf800,
    0xf800, 0xf800, 0xf800, 0xf800, 0xf800, 0xf800, 0xf800, 0xf800, 0xf800, 0xf800, 0xf800, 0xf800, 0xf800, 0xf800, 0xf800, 0xf800,
    0xf800, 0xf800, 0xf800, 0xf800, 0xf800, 0xf800, 0xf800, 0xf800, 0xf800, 0xffff, 0xffff, 0xffff, 0xffff, 0xffff, 0xffff, 0xffff,
    0x05bf, 0x05bf, 0x05bf, 0x05bf, 0x05bf, 0x05bf, 0x05bf, 0x05bf, 0x2194, 0x2194, 0x2194, 0x2194, 0x2194, 0x2194, 0x2194, 0x2194,
    0x2194, 0x2194, 0x2194, 0x2194, 0x2194, 0x2194, 0x2194, 0x2194, 0x2194, 0x2194, 0x2194, 0x2194, 0x2194, 0x2194, 0x6b36, 0x6b36,
    0x6b36, 0x6b36, 0x6b36, 0x6b36, 0x6b36, 0x6b36, 0x6b36, 0x6b36, 0x6b36, 0x6b36, 0x6b36, 0x6b36, 0x6b36, 0x6b36, 0x6b36, 0x6b36,
    0x6b36, 0x05bf, 0x05bf, 0x05bf, 0x05bf, 0x05bf, 0x05bf, 0x05bf, 0x080a, 0x080a, 0x080a, 0x080a, 0x080a, 0x080a, 0x080a, 0x080a,
    0x080a, 0x080a, 0x080a, 0x080a, 0x080a, 0x080a, 0x080a, 0x080a, 0x080a, 0x080a, 0x080a, 0x080a, 0x080a, 0x080a, 0x080a, 0x080a,
    0x080a, 0x080a, 0x080a, 0x080a, 0x080a, 0x080a, 0x080a, 0x080a, 0x080a, 0x080a, 0x080a, 0x080a, 0x080a, 0x080a, 0x080a, 0x080a,
    0x080a, 0x080a, 0x080a, 0x080a, 0x080a, 0x080a, 0x080a, 0x080a, 0x080a, 0x0000, 0x0000, 0x0000, 0x0000, 0x0000, 0x0000, 0x0000,
    0x0000, 0x0000, 0x0000, 0x0000, 0x0000, 0x0000, 0x0000, 0x0000, 0x0000, 0x0000, 0x0000, 0x0000, 0x0000, 0x0000, 0x0000, 0x0000,
    0xffff, 0xffff, 0xffff, 0xffff, 0xffff, 0xffff, 0xffff, 0xffff, 0xffff, 0xffff, 0xffff, 0xffff, 0xffff, 0xffff, 0xffff, 0xffff,
    0xffff, 0xffff, 0xffff, 0xffff, 0xffff, 0xffff, 0xffff, 0xffff, 0xffff, 0xffff, 0xffff, 0xffff, 0xffff, 0xffff, 0xffff, 0xffff,
    0xffff, 0xffff, 0xffff, 0xffff, 0xffff, 0xf800, 0xf800, 0xf800, 0xf800, 0xf800, 0xf800, 0xf800, 0xf800, 0xf800, 0xf800, 0xf800,
    0xf800, 0xf800, 0xf800, 0xf800, 0x05bf, 0x05bf, 0x05bf, 0x05bf, 0x05bf, 0x05bf, 0x05bf, 0x05bf, 0xf800, 0xf800, 0xf800, 0xf800,
    0xf800, 0xf800, 0xf800, 0xf800, 0xf800, 0xf800, 0xf800, 0xf800, 0xf800, 0xf800, 0xf800, 0xf800, 0xf800, 0xf800, 0xf800, 0xf800,
    0xf800, 0xf800, 0xf800, 0xf800, 0xf800, 0xf800, 0xf800, 0xf800, 0xf800, 0xf800, 0xf800, 0xf800, 0xf800, 0xf800, 0xf800, 0xf800,
    0xf800, 0xf800, 0xf800, 0xf800, 0xf800, 0xf800, 0xf800, 0xf800, 0xf800, 0xffff, 0xffff, 0xffff, 0xffff, 0xffff, 0xffff, 0xffff,
    0x05bf, 0x05bf, 0x05bf, 0x05bf, 0x05bf, 0x05bf, 0x05bf, 0x05bf, 0x2194, 0x2194, 0x2194, 0x2194, 0x2194, 0x2194, 0x2194, 0x2194,
    0x2194, 0x2194, 0x2194, 0x2194, 0x2194, 0x2194, 0x2194, 0x2194, 0x2194, 0x2194, 0x2194, 0x2194, 0x2194, 0x2194, 0x6b36, 0x6b36,
    0x6b36, 0x6b36, 0x6b36, 0x6b36, 0x6b36, 0x6b36, 0x6b36, 0x6b36, 0x6b36, 0x6b36, 0x6b36, 0x6b36, 0x6b36, 0x6b36, 0x6b36, 0x6b36,
    0x6b36, 0x05bf, 0x05bf, 0x05bf, 0x05bf, 0x05bf, 0x05bf, 0x05bf, 0x080a, 0x080a, 0x080a, 0x080a, 0x080a, 0x080a, 0x080a, 0x080a,
    0x080a, 0x080a, 0x080a, 0x080a, 0x080a, 0x080a, 0x080a, 0x080a, 0x080a, 0x080a, 0x080a, 0x080a, 0x080a, 0x080a, 0x080a, 0x080a,
    0x080a, 0x080a, 0x080a, 0x080a, 0x080a, 0x080a, 0x080a, 0x080a, 0x080a, 0x080a, 0x080a, 0x080a, 0x080a, 0x080a, 0x080a, 0x080a,
    0x080a, 0x080a, 0x080a, 0x080a, 0x080a, 0x080a, 0x080a, 0x080a, 0x080a, 0x0000, 0x0000, 0x0000, 0x0000, 0x0000, 0x0000, 0x0000,
    0x0000, 0x0000, 0x0000, 0x0000, 0x0000, 0x0000, 0x0000, 0x0000, 0x0000, 0x0000, 0x0000, 0x0000, 0x0000, 0x0000, 0x0000, 0x0000,
    0xffff, 0xffff, 0xffff, 0xffff, 0xffff, 0xffff, 0xffff, 0xffff, 0xffff, 0xffff, 0xffff, 0xffff, 0xffff, 0xffff, 0xffff, 0xffff,
    0xffff, 0xffff, 0xffff, 0xffff, 0xffff, 0xffff, 0xffff, 0xffff, 0xffff, 0xffff, 0xffff, 0xffff, 0xffff, 0xffff, 0xffff, 0xffff,
    0xffff, 0xffff, 0xffff, 0xffff, 0xffff, 0xf800, 0xf800, 0xf800, 0xf800, 0xf800, 0xf800, 0xf800, 0xf800, 0xf800, 0xf800, 0xf800,
    0xf800, 0xf800, 0xf800, 0xf800, 0x05bf, 0x05bf, 0x05bf, 0x05bf, 0x05bf, 0x05bf, 0x05bf, 0x05bf, 0xf800, 0xf800, 0xf800, 0xf800,
    0xf800, 0xf800, 0xf800, 0xf800, 0xf800, 0xf800, 0xf800, 0xf800, 0xf800, 0xf800, 0xf800, 0xf800, 0xf800, 0xf800, 0xf800, 0xf800,
    0xf800, 0xf800, 0xf800, 0xf800, 0xf800, 0xf800, 0xf800, 0xf800, 0xf800, 0xf800, 0xf800, 0xf800, 0xf800, 0xf800, 0xf800, 0xf800,
    0xf800, 0xf800, 0xf800, 0xf800, 0xf800, 0xf800, 0xf800, 0xf800, 0xf800, 0xffff, 0xffff, 0xffff, 0xffff, 0xffff, 0xffff, 0xffff,
    0x2194, 0x2194, 0x2194, 0x2194, 0x2194, 0x2194, 0x2194, 0x2194, 0x2194, 0x2194, 0x2194, 0x2194, 0x2194, 0x2194, 0x2194, 0x6b36,
    0x6b36, 0x6b36, 0x6b36, 0x6b36, 0x6b36, 0x6b36, 0x6b36, 0x6b36, 0x6b36, 0x6b36, 0x6b36, 0x6b36, 0x6b36, 0x6b36, 0x6b36, 0x6b36,
    0x6b36, 0x6b36, 0x6b36, 0x6b36, 0x6b36, 0x6b36, 0x05bf, 0x05bf, 0x05bf, 0x05bf, 0x05bf, 0x05bf, 0x05bf, 0x05bf, 0x05bf, 0x05bf,
    0x05bf, 0x080a, 0x080a, 0x080a, 0x080a, 0x080a, 0x080a, 0x080a, 0x080a, 0x080a, 0x080a, 0x080a, 0x080a, 0x080a, 0x080a, 0x080a,
    0x080a, 0x080a, 0x080a, 0x080a, 0x080a, 0x080a, 0x080a, 0x080a, 0x080a, 0x080a, 0x080a, 0x080a, 0x080a, 0x080a, 0x080a, 0x080a,
    0x080a, 0x080a, 0x080a, 0x080a, 0x080a, 0x080a, 0x080a, 0x080a, 0x080a, 0x080a, 0x0000, 0x0000, 0x0000, 0x0000, 0x0000, 0x0000,
    0x0000, 0x0000, 0x0000, 0x0000, 0x0000, 0x0000, 0x0000, 0x0000, 0x0000, 0x0000, 0x0000, 0x0000, 0x0000, 0x0000, 0x0000, 0x0000,
    0x0000, 0xffff, 0xffff, 0xffff, 0xffff, 0xffff, 0xffff, 0xffff, 0xffff, 0xffff, 0xffff, 0xffff, 0xffff, 0xffff, 0xffff, 0xffff,
    0xffff, 0xffff, 0xffff, 0xffff, 0xffff, 0xffff, 0xffff, 0xffff, 0xffff, 0xffff, 0xffff, 0xffff, 0xffff, 0xffff, 0xffff, 0xffff,
    0xffff, 0xffff, 0xffff, 0xffff, 0xffff, 0xffff, 0xf800, 0xf800, 0xf800, 0xf800, 0xf800, 0xf800, 0xf800, 0xf800, 0xf800, 0xf800,
    0xf800, 0xf800, 0xf800, 0xf800, 0xf800, 0x4594, 0x4594, 0x4594, 0x4594, 0x4594, 0x4594, 0x4594, 0x4594, 0x4594, 0x4594, 0x4594,
    0x4594, 0x4594, 0x4594, 0x4594, 0xf800, 0xf800, 0xf800, 0xf800, 0xf800, 0xf800, 0xf800, 0xf800, 0xf800, 0xf800, 0xf800, 0xf800,
    0xf800, 0xf800, 0xf800, 0xf800, 0xf800, 0xf800, 0xf800, 0xf800, 0xf800, 0xf800, 0xf800, 0xf800, 0xf800, 0xf800, 0xf800, 0xf800,
    0xf800, 0xf800, 0xf800, 0xf800, 0xf800, 0xf800, 0xf800, 0xf800, 0xf800, 0xf800, 0xf800, 0xf800, 0xf800, 0xf800, 0xf800, 0xf800,
    0xf800, 0xffff, 0xffff, 0xffff, 0xffff, 0xffff, 0xffff, 0xffff, 0xffff, 0xffff, 0xffff, 0xffff, 0xffff, 0xffff, 0xffff, 0xffff,
    0x2194, 0x2194, 0x2194, 0x2194, 0x2194, 0x2194, 0x2194, 0x2194, 0x2194, 0x2194, 0x2194, 0x2194, 0x2194, 0x2194, 0x2194, 0x6b36,
    0x6b36, 0x6b36, 0x6b36, 0x6b36, 0x6b36, 0x6b36, 0x6b36, 0x6b36, 0x6b36, 0x6b36, 0x6b36, 0x6b36, 0x6b36, 0x6b36, 0x6b36, 0x6b36,
    0x6b36, 0x6b36, 0x6b36, 0x6b36, 0x6b36, 0x6b36, 0x05bf, 0x05bf, 0x05bf, 0x05bf, 0x05bf, 0x05bf, 0x05bf, 0x05bf, 0x05bf, 0x05bf,
    0x05bf, 0x080a, 0x080a, 0x080a, 0x080a, 0x080a, 0x080a, 0x080a, 0x080a, 0x080a, 0x080a, 0x080a, 0x080a, 0x080a, 0x080a, 0x080a,
    0x080a, 0x080a, 0x080a, 0x080a, 0x080a, 0x080a, 0x080a, 0x080a, 0x080a, 0x080a, 0x080a, 0x080a, 0x080a, 0x080a, 0x080a, 0x080a,
    0x080a, 0x080a, 0x080a, 0x080a, 0x080a, 0x080a, 0x080a, 0x080a, 0x080a, 0x080a, 0x0000, 0x0000, 0x0000, 0x0000, 0x0000, 0x0000,
    0x0000, 0x0000, 0x0000, 0x0000, 0x0000, 0x0000, 0x0000, 0x0000, 0x0000, 0x0000, 0x0000, 0x0000, 0x0000, 0x0000, 0x0000, 0x0000,
    0x0000, 0xffff, 0xffff, 0xffff, 0xffff, 0xffff, 0xffff, 0xffff, 0xffff, 0xffff, 0xffff, 0xffff, 0xffff, 0xffff, 0xffff, 0xffff,
    0xffff, 0xffff, 0xffff, 0xffff, 0xffff, 0xffff, 0xffff, 0xffff, 0xffff, 0xffff, 0xffff, 0xffff, 0xffff, 0xffff, 0xffff, 0xffff,
    0xffff, 0xffff, 0xffff, 0xffff, 0xffff, 0xffff, 0xf800, 0xf800, 0xf800, 0xf800, 0xf800, 0xf800, 0xf800, 0xf800, 0xf800, 0xf800,
    0xf800, 0xf800, 0xf800, 0xf800, 0xf800, 0x4594, 0x4594, 0x4594, 0x4594, 0x4594, 0x4594, 0x4594, 0x4594, 0x4594, 0x4594, 0x4594,
    0x4594, 0x4594, 0x4594, 0x4594, 0xf800, 0xf800, 0xf800, 0xf800, 0xf800, 0xf800, 0xf800, 0xf800, 0xf800, 0xf800, 0xf800, 0xf800,
    0xf800, 0xf800, 0xf800, 0xf800, 0xf800, 0xf800, 0xf800, 0xf800, 0xf800, 0xf800, 0xf800, 0xf800, 0xf800, 0xf800, 0xf800, 0xf800,
    0xf800, 0xf800, 0xf800, 0xf800, 0xf800, 0xf800, 0xf800, 0xf800, 0xf800, 0xf800, 0xf800, 0xf800, 0xf800, 0xf800, 0xf800, 0xf800,
    0xf800, 0xffff, 0xffff, 0xffff, 0xffff, 0xffff, 0xffff, 0xffff, 0xffff, 0xffff, 0xffff, 0xffff, 0xffff, 0xffff, 0xffff, 0xffff,
    0x2194, 0x2194, 0x2194, 0x2194, 0x2194, 0x2194, 0x2194, 0x2194, 0x2194, 0x2194, 0x2194, 0x2194, 0x2194, 0x2194, 0x2194, 0x6b36,
    0x6b36, 0x6b36, 0x6b36, 0x6b36, 0x6b36, 0x6b36, 0x6b36, 0x6b36, 0x6b36, 0x6b36, 0x6b36, 0x6b36, 0x6b36, 0x6b36, 0x6b36, 0x6b36,
    0x6b36, 0x6b36, 0x6b36, 0x6b36, 0x6b36, 0x6b36, 0x05bf, 0x05bf, 0x05bf, 0x05bf, 0x05bf, 0x05bf, 0x05bf, 0x05bf, 0x05bf, 0x05bf,
    0x05bf, 0x080a, 0x080a, 0x080a, 0x080a, 0x080a, 0x080a, 0x080a, 0x080a, 0x080a, 0x080a, 0x080a, 0x080a, 0x080a, 0x080a, 0x080a,
    0x080a, 0x080a, 0x080a, 0x080a, 0x080a, 0x080a, 0x080a, 0x080a, 0x080a, 0x080a, 0x080a, 0x080a, 0x080a, 0x080a, 0x080a, 0x080a,
    0x080a, 0x080a, 0x080a, 0x080a, 0x080a, 0x080a, 0x080a, 0x080a, 0x080a, 0x080a, 0x0000, 0x0000, 0x0000, 0x0000, 0x0000, 0x0000,
    0x0000, 0x0000, 0x0000, 0x0000, 0x0000, 0x0000, 0x0000, 0x0000, 0x0000, 0x0000, 0x0000, 0x0000, 0x0000, 0x0000, 0x0000, 0x0000,
    0x0000, 0xffff, 0xffff, 0xffff, 0xffff, 0xffff, 0xffff, 0xffff, 0xffff, 0xffff, 0xffff, 0xffff, 0xffff, 0xffff, 0xffff, 0xffff,
    0xffff, 0xffff, 0xffff, 0xffff, 0xffff, 0xffff, 0xffff, 0xffff, 0xffff, 0xffff, 0xffff, 0xffff, 0xffff, 0xffff, 0xffff, 0xffff,
    0xffff, 0xffff, 0xffff, 0xffff, 0xffff, 0xffff, 0xf800, 0xf800, 0xf800, 0xf800, 0xf800, 0xf800, 0xf800, 0xf800, 0xf800, 0xf800,
    0xf800, 0xf800, 0xf800, 0xf800, 0xf800, 0x4594, 0x4594, 0x4594, 0x4594, 0x4594, 0x4594, 0x4594, 0x4594, 0x4594, 0x4594, 0x4594,
    0x4594, 0x4594, 0x4594, 0x4594, 0xf800, 0xf800, 0xf800, 0xf800, 0xf800, 0xf800, 0xf800, 0xf800, 0xf800, 0xf800, 0xf800, 0xf800,
    0xf800, 0xf800, 0xf800, 0xf800, 0xf800, 0xf800, 0xf800, 0xf800, 0xf800, 0xf800, 0xf800, 0xf800, 0xf800, 0xf800, 0xf800, 0xf800,
    0xf800, 0xf800, 0xf800, 0xf800, 0xf800, 0xf800, 0xf800, 0xf800, 0xf800, 0xf800, 0xf800, 0xf800, 0xf800, 0xf800, 0xf800, 0xf800,
    0xf800, 0xffff, 0xffff, 0xffff, 0xffff, 0xffff, 0xffff, 0xffff, 0xffff, 0xffff, 0xffff, 0xffff, 0xffff, 0xffff, 0xffff, 0xffff,
    0x2194, 0x2194, 0x2194, 0x2194, 0x2194, 0x2194, 0x2194, 0x2194, 0x2194, 0x2194, 0x2194, 0x2194, 0x2194, 0x2194, 0x2194, 0x6b36,
    0x6b36, 0x6b36, 0x6b36, 0x6b36, 0x6b36, 0x6b36, 0x6b36, 0x6b36, 0x6b36, 0x6b36, 0x6b36, 0x6b36, 0x6b36, 0x6b36, 0x6b36, 0x6b36,
    0x6b36, 0x6b36, 0x6b36, 0x6b36, 0x6b36, 0x6b36, 0x05bf, 0x05bf, 0x05bf, 0x05bf, 0x05bf, 0x05bf, 0x05bf, 0x05bf, 0x05bf, 0x05bf,
    0x05bf, 0x080a, 0x080a, 0x080a, 0x080a, 0x080a, 0x080a, 0x080a, 0x080a, 0x080a, 0x080a, 0x080a, 0x080a, 0x080a, 0x080a, 0x080a,
    0x080a, 0x080a, 0x080a, 0x080a, 0x080a, 0x080a, 0x080a, 0x080a, 0x080a, 0x080a, 0x080a, 0x080a, 0x080a, 0x080a, 0x080a, 0x080a,
    0x080a, 0x080a, 0x080a, 0x080a, 0x080a, 0x080a, 0x080a, 0x080a, 0x080a, 0x080a, 0x0000, 0x0000, 0x0000, 0x0000, 0x0000, 0x0000,
    0x0000, 0x0000, 0x0000, 0x0000, 0x0000, 0x0000, 0x0000, 0x0000, 0x0000, 0x0000, 0x0000, 0x0000, 0x0000, 0x0000, 0x0000, 0x0000,
    0x0000, 0xffff, 0xffff, 0xffff, 0xffff, 0xffff, 0xffff, 0xffff, 0xffff, 0xffff, 0xffff, 0xffff, 0xffff, 0xffff, 0xffff, 0xffff,
    0xffff, 0xffff, 0xffff, 0xffff, 0xffff, 0xffff, 0xffff, 0xffff, 0xffff, 0xffff, 0xffff, 0xffff, 0xffff, 0xffff, 0xffff, 0xffff,
    0xffff, 0xffff, 0xffff, 0xffff, 0xffff, 0xffff, 0xf800, 0xf800, 0xf800, 0xf800, 0xf800, 0xf800, 0xf800, 0xf800, 0xf800, 0xf800,
    0xf800, 0xf800, 0xf800, 0xf800, 0xf800, 0x4594, 0x4594, 0x4594, 0x4594, 0x4594, 0x4594, 0x4594, 0x4594, 0x4594, 0x4594, 0x4594,
    0x4594, 0x4594, 0x4594, 0x4594, 0xf800, 0xf800, 0xf800, 0xf800, 0xf800, 0xf800, 0xf800, 0xf800, 0xf800, 0xf800, 0xf800, 0xf800,
    0xf800, 0xf800, 0xf800, 0xf800, 0xf800, 0xf800, 0xf800, 0xf800, 0xf800, 0xf800, 0xf800, 0xf800, 0xf800, 0xf800, 0xf800, 0xf800,
    0xf800, 0xf800, 0xf800, 0xf800, 0xf800, 0xf800, 0xf800, 0xf800, 0xf800, 0xf800, 0xf800, 0xf800, 0xf800, 0xf800, 0xf800, 0xf800,
    0xf800, 0xffff, 0xffff, 0xffff, 0xffff, 0xffff, 0xffff, 0xffff, 0xffff, 0xffff, 0xffff, 0xffff, 0xffff, 0xffff, 0xffff, 0xffff,
    0x2194, 0x2194, 0x2194, 0x2194, 0x2194, 0x2194, 0x2194, 0x2194, 0x2194, 0x2194, 0x2194, 0x2194, 0x2194, 0x2194, 0x2194, 0x6b36,
    0x6b36, 0x6b36, 0x6b36, 0x6b36, 0x6b36, 0x6b36, 0x6b36, 0x6b36, 0x6b36, 0x6b36, 0x6b36, 0x6b36, 0x6b36, 0x6b36, 0x6b36, 0x6b36,
    0x6b36, 0x6b36, 0x05bf, 0x05bf, 0x05bf, 0x05bf, 0x05bf, 0x05bf, 0x05bf, 0x05bf, 0x05bf, 0x05bf, 0x05bf, 0x080a, 0x080a, 0x080a,
    0x080a, 0x080a, 0x080a, 0x080a, 0x080a, 0x080a, 0x080a, 0x080a, 0x080a, 0x080a, 0x080a, 0x080a, 0x080a, 0x080a, 0x080a, 0x080a,
    0x080a, 0x080a, 0x080a, 0x080a, 0x080a, 0x080a, 0x080a, 0x080a, 0x080a, 0x080a, 0x080a, 0x080a, 0x080a, 0x080a, 0x080a, 0x080a,
    0x080a, 0x080a, 0x080a, 0x080a, 0x080a, 0x080a, 0x080a, 0x080a, 0x080a, 0x080a, 0x0000, 0x0000, 0x0000, 0x0000, 0x0000, 0x0000,
    0x0000, 0x0000, 0x0000, 0x0000, 0x0000, 0x0000, 0x0000, 0x0000, 0x0000, 0x0000, 0x0000, 0x0000, 0x0000, 0x0000, 0x0000, 0x0000,
    0x0000, 0xffff, 0xffff, 0xffff, 0xffff, 0xffff, 0xffff, 0xffff, 0xffff, 0xffff, 0xffff, 0xffff, 0xffff, 0xffff, 0xffff, 0xffff,
    0xffff, 0xffff, 0xffff, 0xffff, 0xffff, 0xffff, 0xffff, 0xffff, 0xffff, 0xffff, 0xffff, 0xffff, 0xffff, 0xffff, 0xffff, 0xffff,
    0xffff, 0xffff, 0xffff, 0xffff, 0xffff, 0xffff, 0xf800, 0xf800, 0xf800, 0xf800, 0xf800, 0xf800, 0xf800, 0xf800, 0xf800, 0xf800,
    0xf800, 0xf800, 0xf800, 0xf800, 0xf800, 0x4594, 0x4594, 0x4594, 0x4594, 0x4594, 0x4594, 0x4594, 0x4594, 0x4594, 0x4594, 0x4594,
    0x4594, 0x4594, 0x4594, 0x4594, 0xf800, 0xf800, 0xf800, 0xf800, 0xf800, 0xf800, 0xf800, 0xf800, 0xf800, 0xf800, 0xf800, 0xf800,
    0xf800, 0xf800, 0xf800, 0xf800, 0xf800, 0xf800, 0xf800, 0xf800, 0xf800, 0xf800, 0xf800, 0xf800, 0xf800, 0xf800, 0xf800, 0xf800,
    0xf800, 0xf800, 0xf800, 0xf800, 0xf800, 0xf800, 0xf800, 0xf800, 0xf800, 0xf800, 0xf800, 0xf800, 0xf800, 0xf800, 0xf800, 0xf800,
    0xf800, 0xffff, 0xffff, 0xffff, 0xffff, 0xffff, 0xffff, 0xffff, 0xffff, 0xffff, 0xffff, 0xffff, 0xffff, 0xffff, 0xffff, 0xffff,
    0x2194, 0x2194, 0x2194, 0x2194, 0x2194, 0x2194, 0x2194, 0x2194, 0x2194, 0x2194, 0x2194, 0x2194, 0x2194, 0x2194, 0x2194, 0x6b36,
    0x6b36, 0x6b36, 0x6b36, 0x6b36, 0x6b36, 0x6b36, 0x6b36, 0x6b36, 0x6b36, 0x6b36, 0x6b36, 0x6b36, 0x6b36, 0x6b36, 0x6b36, 0x6b36,
    0x6b36, 0x6b36, 0x05bf, 0x05bf, 0x05bf, 0x05bf, 0x05bf, 0x05bf, 0x05bf, 0x05bf, 0x05bf, 0x05bf, 0x05bf, 0x080a, 0x080a, 0x080a,
    0x080a, 0x080a, 0x080a, 0x080a, 0x080a, 0x080a, 0x080a, 0x080a, 0x080a, 0x080a, 0x080a, 0x080a, 0x080a, 0x080a, 0x080a, 0x080a,
    0x080a, 0x080a, 0x080a, 0x080a, 0x080a, 0x080a, 0x080a, 0x080a, 0x080a, 0x080a, 0x080a, 0x080a, 0x080a, 0x080a, 0x080a, 0x080a,
    0x080a, 0x080a, 0x080a, 0x080a, 0x080a, 0x080a, 0x080a, 0x080a, 0x080a, 0x080a, 0x0000, 0x0000, 0x0000, 0x0000, 0x0000, 0x0000,
    0x0000, 0x0000, 0x0000, 0x0000, 0x0000, 0x0000, 0x0000, 0x0000, 0x0000, 0x0000, 0x0000, 0x0000, 0x0000, 0x0000, 0x0000, 0x0000,
    0x0000, 0xffff, 0xffff, 0xffff, 0xffff, 0xffff, 0xffff, 0xffff, 0xffff, 0xffff, 0xffff, 0xffff, 0xffff, 0xffff, 0xffff, 0xffff,
    0xffff, 0xffff, 0xffff, 0xffff, 0xffff, 0xffff, 0xffff, 0xffff, 0xffff, 0xffff, 0xffff, 0xffff, 0xffff, 0xffff, 0xffff, 0xffff,
    0xffff, 0xffff, 0xffff, 0xffff, 0xffff, 0xffff, 0xf800, 0xf800, 0xf800, 0xf800, 0xf800, 0xf800, 0xf800, 0xf800, 0xf800, 0xf800,
    0xf800, 0xf800, 0xf800, 0xf800, 0xf800, 0x4594, 0x4594, 0x4594, 0x4594, 0x4594, 0x4594, 0x4594, 0x4594, 0x4594, 0x4594, 0x4594,
    0x4594, 0x4594, 0x4594, 0x4594, 0xf800, 0xf800, 0xf800, 0xf800, 0xf800, 0xf800, 0xf800, 0xf800, 0xf800, 0xf800, 0xf800, 0xf800,
    0xf800, 0xf800, 0xf800, 0xf800, 0xf800, 0xf800, 0xf800, 0xf800, 0xf800, 0xf800, 0xf800, 0xf800, 0xf800, 0xf800, 0xf800, 0xf800,
    0xf800, 0xf800, 0xf800, 0xf800, 0xf800, 0xf800, 0xf800, 0xf800, 0xf800, 0xf800, 0xf800, 0xf800, 0xf800, 0xf800, 0xf800, 0xf800,
    0xf800, 0xffff, 0xffff, 0xffff, 0xffff, 0xffff, 0xffff, 0xffff, 0xffff, 0xffff, 0xffff, 0xffff, 0xffff, 0xffff, 0xffff, 0xffff,
    0x2194, 0x2194, 0x2194, 0x2194, 0x2194, 0x2194, 0x2194, 0x2194, 0x2194, 0x2194, 0x2194, 0x2194, 0x2194, 0x2194, 0x2194, 0x6b36,
    0x6b36, 0x6b36, 0x6b36, 0x6b36, 0x6b36, 0x6b36, 0x6b36, 0x6b36, 0x6b36, 0x6b36, 0x6b36, 0x6b36, 0x6b36, 0x6b36, 0x6b36, 0x6b36,
    0x6b36, 0x6b36, 0x05bf, 0x05bf, 0x05bf, 0x05bf, 0x05bf, 0x05bf, 0x05bf, 0x05bf, 0x05bf, 0x05bf, 0x05bf, 0x080a, 0x080a, 0x080a,
    0x080a, 0x080a, 0x080a, 0x080a, 0x080a, 0x080a, 0x080a, 0x080a, 0x080a, 0x080a, 0x080a, 0x080a, 0x080a, 0x080a, 0x080a, 0x080a,
    0x080a, 0x080a, 0x080a, 0x080a, 0x080a, 0x080a, 0x080a, 0x080a, 0x080a, 0x080a, 0x080a, 0x080a, 0x080a, 0x080a, 0x080a, 0x080a,
    0x080a, 0x080a, 0x080a, 0x080a, 0x080a, 0x080a, 0x080a, 0x080a, 0x080a, 0x080a, 0x0000, 0x0000, 0x0000, 0x0000, 0x0000, 0x0000,
    0x0000, 0x0000, 0x0000, 0x0000, 0x0000, 0x0000, 0x0000, 0x0000, 0x0000, 0x0000, 0x0000, 0x0000, 0x0000, 0x0000, 0x0000, 0x0000,
    0x0000, 0xffff, 0xffff, 0xffff, 0xffff, 0xffff, 0xffff, 0xffff, 0xffff, 0xffff, 0xffff, 0xffff, 0xffff, 0xffff, 0xffff, 0xffff,
    0xffff, 0xffff, 0xffff, 0xffff, 0xffff, 0xffff, 0xffff, 0xffff, 0xffff, 0xffff, 0xffff, 0xffff, 0xffff, 0xffff, 0xffff, 0xffff,
    0xffff, 0xffff, 0xffff, 0xffff, 0xffff, 0xffff, 0xf800, 0xf800, 0xf800, 0xf800, 0xf800, 0xf800, 0xf800, 0xf800, 0xf800, 0xf800,
    0xf800, 0xf800, 0xf800, 0xf800, 0xf800, 0x4594, 0x4594, 0x4594, 0x4594, 0x4594, 0x4594, 0x4594, 0x4594, 0x4594, 0x4594, 0x4594,
    0x4594, 0x4594, 0x4594, 0x4594, 0xf800, 0xf800, 0xf800, 0xf800, 0xf800, 0xf800, 0xf800, 0xf800, 0xf800, 0xf800, 0xf800, 0xf800,
    0xf800, 0xf800, 0xf800, 0xf800, 0xf800, 0xf800, 0xf800, 0xf800, 0xf800, 0xf800, 0xf800, 0xf800, 0xf800, 0xf800, 0xf800, 0xf800,
    0xf800, 0xf800, 0xf800, 0xf800, 0xf800, 0xf800, 0xf800, 0xf800, 0xf800, 0xf800, 0xf800, 0xf800, 0xf800, 0xf800, 0xf800, 0xf800,
    0xf800, 0xffff, 0xffff, 0xffff, 0xffff, 0xffff, 0xffff, 0xffff, 0xffff, 0xffff, 0xffff, 0xffff, 0xffff, 0xffff, 0xffff, 0xffff,
    0x2194, 0x2194, 0x2194, 0x2194, 0x2194, 0x2194, 0x2194, 0x2194, 0x2194, 0x2194, 0x2194, 0x2194, 0x2194, 0x2194, 0x2194, 0x6b36,
    0x6b36, 0x6b36, 0x6b36, 0x6b36, 0x6b36, 0x6b36, 0x6b36, 0x6b36, 0x6b36, 0x6b36, 0x6b36, 0x6b36, 0x6b36, 0x6b36, 0x6b36, 0x6b36,
    0x6b36, 0x6b36, 0x05bf, 0x05bf, 0x05bf, 0x05bf, 0x05bf, 0x05bf, 0x05bf, 0x05bf, 0x05bf, 0x05bf, 0x05bf, 0x080a, 0x080a, 0x080a,
    0x080a, 0x080a, 0x080a, 0x080a, 0x080a, 0x080a, 0x080a, 0x080a, 0x080a, 0x080a, 0x080a, 0x080a, 0x080a, 0x080a, 0x080a, 0x080a,
    0x080a, 0x080a, 0x080a, 0x080a, 0x080a, 0x080a, 0x080a, 0x080a, 0x080a, 0x080a, 0x080a, 0x080a, 0x080a, 0x080a, 0x080a, 0x080a,
    0x080a, 0x080a, 0x080a, 0x080a, 0x080a, 0x080a, 0x080a, 0x080a, 0x080a, 0x080a, 0x0000, 0x0000, 0x0000, 0x0000, 0x0000, 0x0000,
    0x0000, 0x0000, 0x0000, 0x0000, 0x0000, 0x0000, 0x0000, 0x0000, 0x0000, 0x0000, 0x0000, 0x0000, 0x0000, 0x0000, 0x0000, 0x0000,
    0x0000, 0xffff, 0xffff, 0xffff, 0xffff, 0xffff, 0xffff, 0xffff, 0xffff, 0xffff, 0xffff, 0xffff, 0xffff, 0xffff, 0xffff, 0xffff,
    0xffff, 0xffff, 0xffff, 0xffff, 0xffff, 0xffff, 0xffff, 0xffff, 0xffff, 0xffff, 0xffff, 0xffff, 0xffff, 0xffff, 0xffff, 0xffff,
    0xffff, 0xffff, 0xffff, 0xffff, 0xffff, 0xffff, 0xf800, 0xf800, 0xf800, 0xf800, 0xf800, 0xf800, 0xf800, 0xf800, 0xf800, 0xf800,
    0xf800, 0xf800, 0xf800, 0xf800, 0xf800, 0x4594, 0x4594, 0x4594, 0x4594, 0x4594, 0x4594, 0x4594, 0x4594, 0x4594, 0x4594, 0x4594,
    0x4594, 0x4594, 0x4594, 0x4594, 0xf800, 0xf800, 0xf800, 0xf800, 0xf800, 0xf800, 0xf800, 0xf800, 0xf800, 0xf800, 0xf800, 0xf800,
    0xf800, 0xf800, 0xf800, 0xf800, 0xf800, 0xf800, 0xf800, 0xf800, 0xf800, 0xf800, 0xf800, 0xf800, 0xf800, 0xf800, 0xf800, 0xf800,
    0xf800, 0xf800, 0xf800, 0xf800, 0xf800, 0xf800, 0xf800, 0xf800, 0xf800, 0xf800, 0xf800, 0xf800, 0xf800, 0xf800, 0xf800, 0xf800,
    0xf800, 0xffff, 0xffff, 0xffff, 0xffff, 0xffff, 0xffff, 0xffff, 0xffff, 0xffff, 0xffff, 0xffff, 0xffff, 0xffff, 0xffff, 0xffff,
    0x2194, 0x2194, 0x2194, 0x2194, 0x2194, 0x2194, 0x2194, 0x2194, 0x6b36, 0x6b36, 0x6b36, 0x6b36, 0x6b36, 0x6b36, 0x6b36, 0x6b36,
    0x6b36, 0x6b36, 0x6b36, 0x6b36, 0x6b36, 0x6b36, 0x6b36, 0x05bf, 0x05bf, 0x05bf, 0x05bf, 0x05bf, 0x05bf, 0x05bf, 0x05bf, 0x05bf,
    0x05bf, 0x05bf, 0x05bf, 0x05bf, 0x05bf, 0x05bf, 0x080a, 0x080a, 0x080a, 0x080a, 0x080a, 0x080a, 0x080a, 0x080a, 0x080a, 0x080a,
    0x080a, 0x080a, 0x080a, 0x080a, 0x080a, 0x080a, 0x080a, 0x080a, 0x080a, 0x080a, 0x080a, 0x080a, 0x080a, 0x080a, 0x080a, 0x080a,
    0x080a, 0x080a, 0x080a, 0x080a, 0x080a, 0x080a, 0x080a, 0x080a, 0x080a, 0x080a, 0x080a, 0x0000, 0x0000, 0x0000, 0x0000, 0x0000,
    0x0000, 0x0000, 0x0000, 0x0000, 0x0000, 0x0000, 0x0000, 0x0000, 0x0000, 0x0000, 0x0000, 0x0000, 0x0000, 0x0000, 0x0000, 0x0000,
    0x0000, 0x0000, 0xffff, 0xffff, 0xffff, 0xffff, 0xffff, 0xffff, 0xffff, 0xffff, 0xffff, 0xffff, 0xffff, 0xffff, 0xffff, 0xffff,
    0xffff, 0xffff, 0xffff, 0xffff, 0xffff, 0xffff, 0xffff, 0xffff, 0xffff, 0xffff, 0xffff, 0xffff, 0xffff, 0xffff, 0xffff, 0xffff,
    0xffff, 0xffff, 0xffff, 0xffff, 0xffff, 0xffff, 0xffff, 0xffff, 0xffff, 0xffff, 0xffff, 0xffff, 0xffff, 0xffff, 0xffff, 0xff20,
    0xff20, 0xff20, 0xff20, 0xff20, 0xff20, 0xff20, 0xff20, 0xff20, 0xff20, 0xff20, 0xff20, 0xff20, 0xff20, 0xff20, 0xf800, 0xf800,
    0xf800, 0xf800, 0xf800, 0xf800, 0xf800, 0xf800, 0xf800, 0xf800, 0xf800, 0xf800, 0xf800, 0xf800, 0xf800, 0x4594, 0x4594, 0x4594,
    0x4594, 0x4594, 0x4594, 0x4594, 0x4594, 0x4594, 0x4594, 0x4594, 0x4594, 0x4594, 0x4594, 0x4594, 0x05bf, 0x05bf, 0x05bf, 0x05bf,
    0x05bf, 0x05bf, 0x05bf, 0xf800, 0xf800, 0xf800, 0xf800, 0xf800, 0xf800, 0xf800, 0xf800, 0xf800, 0xf800, 0xf800, 0xf800, 0xf800,
    0xf800, 0xf800, 0x07f6, 0x07f6, 0x07f6, 0x07f6, 0x07f6, 0x07f6, 0x07f6, 0x07f6, 0x07f6, 0x07f6, 0x07f6, 0x07f6, 0x07f6, 0x07f6,
    0x07f6, 0x0fb6, 0x0fb6, 0x0fb6, 0x0fb6, 0x0fb6, 0x0fb6, 0x0fb6, 0x0fb6, 0xffff, 0xffff, 0xffff, 0xffff, 0xffff, 0xffff, 0xffff,
    0x2194, 0x2194, 0x2194, 0x2194, 0x2194, 0x2194, 0x2194, 0x2194, 0x6b36, 0x6b36, 0x6b36, 0x6b36, 0x6b36, 0x6b36, 0x6b36, 0x6b36,
    0x6b36, 0x6b36, 0x6b36, 0x6b36, 0x6b36, 0x6b36, 0x6b36, 0x05bf, 0x05bf, 0x05bf, 0x05bf, 0x05bf, 0x05bf, 0x05bf, 0x05bf, 0x05bf,
    0x05bf, 0x05bf, 0x05bf, 0x05bf, 0x05bf, 0x05bf, 0x080a, 0x080a, 0x080a, 0x080a, 0x080a, 0x080a, 0x080a, 0x080a, 0x080a, 0x080a,
    0x080a, 0x080a, 0x080a, 0x080a, 0x080a, 0x080a, 0x080a, 0x080a, 0x080a, 0x080a, 0x080a, 0x080a, 0x080a, 0x080a, 0x080a, 0x080a,
    0x080a, 0x080a, 0x080a, 0x080a, 0x080a, 0x080a, 0x080a, 0x080a, 0x080a, 0x080a, 0x080a, 0x0000, 0x0000, 0x0000, 0x0000, 0x0000,
    0x0000, 0x0000, 0x0000, 0x0000, 0x0000, 0x0000, 0x0000, 0x0000, 0x0000, 0x0000, 0x0000, 0x0000, 0x0000, 0x0000, 0x0000, 0x0000,
    0x0000, 0x0000, 0xffff, 0xffff, 0xffff, 0xffff, 0xffff, 0xffff, 0xffff, 0xffff, 0xffff, 0xffff, 0xffff, 0xffff, 0xffff, 0xffff,
    0xffff, 0xffff, 0xffff, 0xffff, 0xffff, 0xffff, 0xffff, 0xffff, 0xffff, 0xffff, 0xffff, 0xffff, 0xffff, 0xffff, 0xffff, 0xffff,
    0xffff, 0xffff, 0xffff, 0xffff, 0xffff, 0xffff, 0xffff, 0xffff, 0xffff, 0xffff, 0xffff, 0xffff, 0xffff, 0xffff, 0xffff, 0xff20,
    0xff20, 0xff20, 0xff20, 0xff20, 0xff20, 0xff20, 0xff20, 0xff20, 0xff20, 0xff20, 0xff20, 0xff20, 0xff20, 0xff20, 0xf800, 0xf800,
    0xf800, 0xf800, 0xf800, 0xf800, 0xf800, 0xf800, 0xf800, 0xf800, 0xf800, 0xf800, 0xf800, 0xf800, 0xf800, 0x4594, 0x4594, 0x4594,
    0x4594, 0x4594, 0x4594, 0x4594, 0x4594, 0x4594, 0x4594, 0x4594, 0x4594, 0x4594, 0x4594, 0x4594, 0x05bf, 0x05bf, 0x05bf, 0x05bf,
    0x05bf, 0x05bf, 0x05bf, 0xf800, 0xf800, 0xf800, 0xf800, 0xf800, 0xf800, 0xf800, 0xf800, 0xf800, 0xf800, 0xf800, 0xf800, 0xf800,
    0xf800, 0xf800, 0x07f6, 0x07f6, 0x07f6, 0x07f6, 0x07f6, 0x07f6, 0x07f6, 0x07f6, 0x07f6, 0x07f6, 0x07f6, 0x07f6, 0x07f6, 0x07f6,
    0x07f6, 0x0fb6, 0x0fb6, 0x0fb6, 0x0fb6, 0x0fb6, 0x0fb6, 0x0fb6, 0x0fb6, 0xffff, 0xffff, 0xffff, 0xffff, 0xffff, 0xffff, 0xffff,
    0x2194, 0x2194, 0x2194, 0x2194, 0x2194, 0x2194, 0x2194, 0x2194, 0x6b36, 0x6b36, 0x6b36, 0x6b36, 0x6b36, 0x6b36, 0x6b36, 0x6b36,
    0x6b36, 0x6b36, 0x6b36, 0x6b36, 0x6b36, 0x6b36, 0x6b36, 0x05bf, 0x05bf, 0x05bf, 0x05bf, 0x05bf, 0x05bf, 0x05bf, 0x05bf, 0x05bf,
    0x05bf, 0x05bf, 0x05bf, 0x05bf, 0x05bf, 0x05bf, 0x080a, 0x080a, 0x080a, 0x080a, 0x080a, 0x080a, 0x080a, 0x080a, 0x080a, 0x080a,
    0x080a, 0x080a, 0x080a, 0x080a, 0x080a, 0x080a, 0x080a, 0x080a, 0x080a, 0x080a, 0x080a, 0x080a, 0x080a, 0x080a, 0x080a, 0x080a,
    0x080a, 0x080a, 0x080a, 0x080a, 0x080a, 0x080a, 0x080a, 0x080a, 0x080a, 0x080a, 0x080a, 0x0000, 0x0000, 0x0000, 0x0000, 0x0000,
    0x0000, 0x0000, 0x0000, 0x0000, 0x0000, 0x0000, 0x0000, 0x0000, 0x0000, 0x0000, 0x0000, 0x0000, 0x0000, 0x0000, 0x0000, 0x0000,
    0x0000, 0x0000, 0xffff, 0xffff, 0xffff, 0xffff, 0xffff, 0xffff, 0xffff, 0xffff, 0xffff, 0xffff, 0xffff, 0xffff, 0xffff, 0xffff,
    0xffff, 0xffff, 0xffff, 0xffff, 0xffff, 0xffff, 0xffff, 0xffff, 0xffff, 0xffff, 0xffff, 0xffff, 0xffff, 0xffff, 0xffff, 0xffff,
    0xffff, 0xffff, 0xffff, 0xffff, 0xffff, 0xffff, 0xffff, 0xffff, 0xffff, 0xffff, 0xffff, 0xffff, 0xffff, 0xffff, 0xffff, 0xff20,
    0xff20, 0xff20, 0xff20, 0xff20, 0xff20, 0xff20, 0xff20, 0xff20, 0xff20, 0xff20, 0xff20, 0xff20, 0xff20, 0xff20, 0xf800, 0xf800,
    0xf800, 0xf800, 0xf800, 0xf800, 0xf800, 0xf800, 0xf800, 0xf800, 0xf800, 0xf800, 0xf800, 0xf800, 0xf800, 0x4594, 0x4594, 0x4594,
    0x4594, 0x4594, 0x4594, 0x4594, 0x4594, 0x4594, 0x4594, 0x4594, 0x4594, 0x4594, 0x4594, 0x4594, 0x05bf, 0x05bf, 0x05bf, 0x05bf,
    0x05bf, 0x05bf, 0x05bf, 0xf800, 0xf800, 0xf800, 0xf800, 0xf800, 0xf800, 0xf800, 0xf800, 0xf800, 0xf800, 0xf800, 0xf800, 0xf800,
    0xf800, 0xf800, 0x07f6, 0x07f6, 0x07f6, 0x07f6, 0x07f6, 0x07f6, 0x07f6, 0x07f6, 0x07f6, 0x07f6, 0x07f6, 0x07f6, 0x07f6, 0x07f6,
    0x07f6, 0x0fb6, 0x0fb6, 0x0fb6, 0x0fb6, 0x0fb6, 0x0fb6, 0x0fb6, 0x0fb6, 0xffff, 0xffff, 0xffff, 0xffff, 0xffff, 0xffff, 0xffff,
    0x2194, 0x2194, 0x2194, 0x2194, 0x2194, 0x2194, 0x2194, 0x2194, 0x6b36, 0x6b36, 0x6b36, 0x6b36, 0x6b36, 0x6b36, 0x6b36, 0x6b36,
    0x6b36, 0x6b36, 0x6b36, 0x05bf, 0x05bf, 0x05bf, 0x05bf, 0x05bf, 0x05bf, 0x05bf, 0x05bf, 0x05bf, 0x05bf, 0x05bf, 0x080a, 0x080a,
    0x080a, 0x080a, 0x080a, 0x080a, 0x080a, 0x080a, 0x080a, 0x080a, 0x080a, 0x080a, 0x080a, 0x080a, 0x080a, 0x080a, 0x080a, 0x080a,
    0x080a, 0x080a, 0x080a, 0x080a, 0x080a, 0x080a, 0x080a, 0x080a, 0x080a, 0x080a, 0x080a, 0x080a, 0x080a, 0x080a, 0x080a, 0x080a,
    0x080a, 0x080a, 0x080a, 0x080a, 0x080a, 0x080a, 0x080a, 0x080a, 0x080a, 0x080a, 0x080a, 0x0000, 0x0000, 0x0000, 0x0000, 0x0000,
    0x0000, 0x0000, 0x0000, 0x0000, 0x0000, 0x0000, 0x0000, 0x0000, 0x0000, 0x0000, 0x0000, 0x0000, 0x0000, 0x0000, 0x0000, 0x0000,
    0x0000, 0x0000, 0xffff, 0xffff, 0xffff, 0xffff, 0xffff, 0xffff, 0xffff, 0xffff, 0xffff, 0xffff, 0xffff, 0xffff, 0xffff, 0xffff,
    0xffff, 0xffff, 0xffff, 0xffff, 0xffff, 0xffff, 0xffff, 0xffff, 0xffff, 0xffff, 0xffff, 0xffff, 0xffff, 0xffff, 0xffff, 0xffff,
    0xffff, 0xffff, 0xffff, 0xffff, 0xffff, 0xffff, 0xffff, 0xffff, 0xffff, 0xffff, 0xffff, 0xffff, 0xffff, 0xffff, 0xffff, 0xff20,
    0xff20, 0xff20, 0xff20, 0xff20, 0xff20, 0xff20, 0xff20, 0xff20, 0xff20, 0xff20, 0xff20, 0xff20, 0xff20, 0xff20, 0xf800, 0xf800,
    0xf800, 0xf800, 0xf800, 0xf800, 0xf800, 0xf800, 0xf800, 0xf800, 0xf800, 0xf800, 0xf800, 0xf800, 0xf800, 0x4594, 0x4594, 0x4594,
    0x4594, 0x4594, 0x4594, 0x4594, 0x4594, 0x4594, 0x4594, 0x4594, 0x4594, 0x4594, 0x4594, 0x4594, 0x05bf, 0x05bf, 0x05bf, 0x0000,
    0x05bf, 0x05bf, 0x05bf, 0xf800, 0xf800, 0xf800, 0xf800, 0xf800, 0xf800, 0xf800, 0xf800, 0xf800, 0xf800, 0xf800, 0xf800, 0xf800,
    0xf800, 0xf800, 0x07f6, 0x07f6, 0x07f6, 0x07f6, 0x07f6, 0x07f6, 0x07f6, 0x07f6, 0x07f6, 0x07f6, 0x07f6, 0x07f6, 0x07f6, 0x07f6,
    0x07f6, 0x0fb6, 0x0fb6, 0x0fb6, 0x0fb6, 0x0fb6, 0x0fb6, 0x0fb6, 0x0fb6, 0xffff, 0xffff, 0xffff, 0xffff, 0xffff, 0xffff, 0xffff,
    0x2194, 0x2194, 0x2194, 0x2194, 0x2194, 0x2194, 0x2194, 0x2194, 0x6b36, 0x6b36, 0x6b36, 0x6b36, 0x6b36, 0x6b36, 0x6b36, 0x6b36,
    0x6b36, 0x6b36, 0x6b36, 0x05bf, 0x05bf, 0x05bf, 0x05bf, 0x05bf, 0x05bf, 0x05bf, 0x05bf, 0x05bf, 0x05bf, 0x05bf, 0x080a, 0x080a,
    0x080a, 0x080a, 0x080a, 0x080a, 0x080a, 0x080a, 0x080a, 0x080a, 0x080a, 0x080a, 0x080a, 0x080a, 0x080a, 0x080a, 0x080a, 0x080a,
    0x080a, 0x080a, 0x080a, 0x080a, 0x080a, 0x080a, 0x080a, 0x080a, 0x080a, 0x080a, 0x080a, 0x080a, 0x080a, 0x080a, 0x080a, 0x080a,
    0x080a, 0x080a, 0x080a, 0x080a, 0x080a, 0x080a, 0x080a, 0x080a, 0x080a, 0x080a, 0x080a, 0x0000, 0x0000, 0x0000, 0x0000, 0x0000,
    0x0000, 0x0000, 0x0000, 0x0000, 0x0000, 0x0000, 0x0000, 0x0000, 0x0000, 0x0000, 0x0000, 0x0000, 0x0000, 0x0000, 0x0000, 0x0000,
    0x0000, 0x0000, 0xffff, 0xffff, 0xffff, 0xffff, 0xffff, 0xffff, 0xffff, 0xffff, 0xffff, 0xffff, 0xffff, 0xffff, 0xffff, 0xffff,
    0xffff, 0xffff, 0xffff, 0xffff, 0xffff, 0xffff, 0xffff, 0xffff, 0xffff, 0xffff, 0xffff, 0xffff, 0xffff, 0xffff, 0xffff, 0xffff,
    0xffff, 0xffff, 0xffff, 0xffff, 0xffff, 0xffff, 0xffff, 0xffff, 0xffff, 0xffff, 0xffff, 0xffff, 0xffff, 0xffff, 0xffff, 0xff20,
    0xff20, 0xff20, 0xff20, 0xff20, 0xff20, 0xff20, 0xff20, 0xff20, 0xff20, 0xff20, 0xff20, 0xff20, 0xff20, 0xff20, 0xf800, 0xf800,
    0xf800, 0xf800, 0xf800, 0xf800, 0xf800, 0xf800, 0xf800, 0xf800, 0xf800, 0xf800, 0xf800, 0xf800, 0xf800, 0x4594, 0x4594, 0x4594,
    0x4594, 0x4594, 0x4594, 0x4594, 0x4594, 0x4594, 0x4594, 0x4594, 0x4594, 0x4594, 0x4594, 0x4594, 0x05bf, 0x05bf, 0x05bf, 0x05bf,
    0x05bf, 0x05bf, 0x05bf, 0xf800, 0xf800, 0xf800, 0xf800, 0xf800, 0xf800, 0xf800, 0xf800, 0xf800, 0xf800, 0xf800, 0xf800, 0xf800,
    0xf800, 0xf800, 0x07f6, 0x07f6, 0x07f6, 0x07f6, 0x07f6, 0x07f6, 0x07f6, 0x07f6, 0x07f6, 0x07f6, 0x07f6, 0x07f6, 0x07f6, 0x07f6,
    0x07f6, 0x0fb6, 0x0fb6, 0x0fb6, 0x0fb6, 0x0fb6, 0x0fb6, 0x0fb6, 0x0fb6, 0xffff, 0xffff, 0xffff, 0xffff, 0xffff, 0xffff, 0xffff,
    0x2194, 0x2194, 0x2194, 0x2194, 0x2194, 0x2194, 0x2194, 0x2194, 0x6b36, 0x6b36, 0x6b36, 0x6b36, 0x6b36, 0x6b36, 0x6b36, 0x6b36,
    0x6b36, 0x6b36, 0x6b36, 0x05bf, 0x05bf, 0x05bf, 0x05bf, 0x05bf, 0x05bf, 0x05bf, 0x05bf, 0x05bf, 0x05bf, 0x05bf, 0x080a, 0x080a,
    0x080a, 0x080a, 0x080a, 0x080a, 0x080a, 0x080a, 0x080a, 0x080a, 0x080a, 0x080a, 0x080a, 0x080a, 0x080a, 0x080a, 0x080a, 0x080a,
    0x080a, 0x080a, 0x080a, 0x080a, 0x080a, 0x080a, 0x080a, 0x080a, 0x080a, 0x080a, 0x080a, 0x080a, 0x080a, 0x080a, 0x080a, 0x080a,
    0x080a, 0x080a, 0x080a, 0x080a, 0x080a, 0x080a, 0x080a, 0x080a, 0x080a, 0x080a, 0x080a, 0x0000, 0x0000, 0x0000, 0x0000, 0x0000,
    0x0000, 0x0000, 0x0000, 0x0000, 0x0000, 0x0000, 0x0000, 0x0000, 0x0000, 0x0000, 0x0000, 0x0000, 0x0000, 0x0000, 0x0000, 0x0000,
    0x0000, 0x0000, 0xffff, 0xffff, 0xffff, 0xffff, 0xffff, 0xffff, 0xffff, 0xffff, 0xffff, 0xffff, 0xffff, 0xffff, 0xffff, 0xffff,
    0xffff, 0xffff, 0xffff, 0xffff, 0xffff, 0xffff, 0xffff, 0xffff, 0xffff, 0xffff, 0xffff, 0xffff, 0xffff, 0xffff, 0xffff, 0xffff,
    0xffff, 0xffff, 0xffff, 0xffff, 0xffff, 0xffff, 0xffff, 0xffff, 0xffff, 0xffff, 0xffff, 0xffff, 0xffff, 0xffff, 0xffff, 0xff20,
    0xff20, 0xff20, 0xff20, 0xff20, 0xff20, 0xff20, 0xff20, 0xff20, 0xff20, 0xff20, 0xff20, 0xff20, 0xff20, 0xff20, 0xf800, 0xf800,
    0xf800, 0xf800, 0xf800, 0xf800, 0xf800, 0xf800, 0xf800, 0xf800, 0xf800, 0xf800, 0xf800, 0xf800, 0xf800, 0x4594, 0x4594, 0x4594,
    0x4594, 0x4594, 0x4594, 0x4594, 0x4594, 0x4594, 0x4594, 0x4594, 0x4594, 0x4594, 0x4594, 0x4594, 0x05bf, 0x05bf, 0x05bf, 0x05bf,
    0x05bf, 0x05bf, 0x05bf, 0xf800, 0xf800, 0xf800, 0xf800, 0xf800, 0xf800, 0xf800, 0xf800, 0xf800, 0xf800, 0xf800, 0xf800, 0xf800,
    0xf800, 0xf800, 0x07f6, 0x07f6, 0x07f6, 0x07f6, 0x07f6, 0x07f6, 0x07f6, 0x07f6, 0x07f6, 0x07f6, 0x07f6, 0x07f6, 0x07f6, 0x07f6,
    0x07f6, 0x0fb6, 0x0fb6, 0x0fb6, 0x0fb6, 0x0fb6, 0x0fb6, 0x0fb6, 0x0fb6, 0xffff, 0xffff, 0xffff, 0xffff, 0xffff, 0xffff, 0xffff,
    0x2194, 0x2194, 0x2194, 0x2194, 0x2194, 0x2194, 0x2194, 0x2194, 0x6b36, 0x6b36, 0x6b36, 0x6b36, 0x6b36, 0x6b36, 0x6b36, 0x6b36,
    0x6b36, 0x6b36, 0x6b36, 0x05bf, 0x05bf, 0x05bf, 0x05bf, 0x05bf, 0x05bf, 0x05bf, 0x05bf, 0x05bf, 0x05bf, 0x05bf, 0x080a, 0x080a,
    0x080a, 0x080a, 0x080a, 0x080a, 0x080a, 0x080a, 0x080a, 0x080a, 0x080a, 0x080a, 0x080a, 0x080a, 0x080a, 0x080a, 0x080a, 0x080a,
    0x080a, 0x080a, 0x080a, 0x080a, 0x080a, 0x080a, 0x080a, 0x080a, 0x080a, 0x080a, 0x080a, 0x080a, 0x080a, 0x080a, 0x080a, 0x080a,
    0x080a, 0x080a, 0x080a, 0x080a, 0x080a, 0x080a, 0x080a, 0x080a, 0x080a, 0x080a, 0x080a, 0x0000, 0x0000, 0x0000, 0x0000, 0x0000,
    0x0000, 0x0000, 0x0000, 0x0000, 0x0000, 0x0000, 0x0000, 0x0000, 0x0000, 0x0000, 0x0000, 0x0000, 0x0000, 0x0000, 0x0000, 0x0000,
    0x0000, 0x0000, 0xffff, 0xffff, 0xffff, 0xffff, 0xffff, 0xffff, 0xffff, 0xffff, 0xffff, 0xffff, 0xffff, 0xffff, 0xffff, 0xffff,
    0xffff, 0xffff, 0xffff, 0xffff, 0xffff, 0xffff, 0xffff, 0xffff, 0xffff, 0xffff, 0xffff, 0xffff, 0xffff, 0xffff, 0xffff, 0xffff,
    0xffff, 0xffff, 0xffff, 0xffff, 0xffff, 0xffff, 0xffff, 0xffff, 0xffff, 0xffff, 0xffff, 0xffff, 0xffff, 0xffff, 0xffff, 0xff20,
    0xff20, 0xff20, 0xff20, 0xff20, 0xff20, 0xff20, 0xff20, 0xff20, 0xff20, 0xff20, 0xff20, 0xff20, 0xff20, 0xff20, 0xf800, 0xf800,
    0xf800, 0xf800, 0xf800, 0xf800, 0xf800, 0xf800, 0xf800, 0xf800, 0xf800, 0xf800, 0xf800, 0xf800, 0xf800, 0x4594, 0x4594, 0x4594,
    0x4594, 0x4594, 0x4594, 0x4594, 0x4594, 0x4594, 0x4594, 0x4594, 0x4594, 0x4594, 0x4594, 0x4594, 0x05bf, 0x05bf, 0x05bf, 0x05bf,
    0x05bf, 0x05bf, 0x05bf, 0xf800, 0xf800, 0xf800, 0xf800, 0xf800, 0xf800, 0xf800, 0xf800, 0xf800, 0xf800, 0xf800, 0xf800, 0xf800,
    0xf800, 0xf800, 0x07f6, 0x07f6, 0x07f6, 0x07f6, 0x07f6, 0x07f6, 0x07f6, 0x07f6, 0x07f6, 0x07f6, 0x07f6, 0x07f6, 0x07f6, 0x07f6,
    0x07f6, 0x0fb6, 0x0fb6, 0x0fb6, 0x0fb6, 0x0fb6, 0x0fb6, 0x0fb6, 0x0fb6, 0xffff, 0xffff, 0xffff, 0xffff, 0xffff, 0xffff, 0xffff,
    0x6b36, 0x6b36, 0x6b36, 0x6b36, 0x6b36, 0x6b36, 0x6b36, 0x6b36, 0x6b36, 0x6b36, 0x6b36, 0x05bf, 0x05bf, 0x05bf, 0x05bf, 0x05bf,
    0x05bf, 0x05bf, 0x05bf, 0x05bf, 0x05bf, 0x05bf, 0x05bf, 0x080a, 0x080a, 0x080a, 0x080a, 0x080a, 0x080a, 0x080a, 0x080a, 0x080a,
    0x080a, 0x080a, 0x080a, 0x080a, 0x080a, 0x080a, 0x080a, 0x080a, 0x080a, 0x080a, 0x080a, 0x080a, 0x080a, 0x080a, 0x080a, 0x080a,
    0x080a, 0x080a, 0x080a, 0x080a, 0x080a, 0x080a, 0x080a, 0x080a, 0x080a, 0x080a, 0x080a, 0x080a, 0x0000, 0x0000, 0x0000, 0x0000,
    0x0000, 0x0000, 0x0000, 0x0000, 0x0000, 0x0000, 0x0000, 0x0000, 0x0000, 0x0000, 0x0000, 0x0000, 0x0000, 0x0000, 0x0000, 0x0000,
    0x0000, 0x0000, 0x0000, 0xffff, 0xffff, 0xffff, 0xffff, 0xffff, 0xffff, 0xffff, 0xffff, 0xffff, 0xffff, 0xffff, 0xffff, 0xffff,
    0xffff, 0xffff, 0xffff, 0xffff, 0xffff, 0xffff, 0xffff, 0xffff, 0xffff, 0xffff, 0xffff, 0xffff, 0xffff, 0xffff, 0xffff, 0xffff,
    0xffff, 0xffff, 0xffff, 0xffff, 0xffff, 0xffff, 0xffff, 0xffff, 0xffff, 0xffff, 0xffff, 0xffff, 0xffff, 0xffff, 0xffff, 0xffff,
    0xffff, 0xffff, 0xffff, 0xffff, 0xffff, 0xffff, 0xffff, 0xffff, 0xffff, 0xffff, 0xffff, 0xffff, 0xffff, 0xffff, 0xffff, 0xff20,
    0xff20, 0xff20, 0xff20, 0xff20, 0xff20, 0xff20, 0xff20, 0xff20, 0xff20, 0xff20, 0xff20, 0xff20, 0xff20, 0xff20, 0xf800, 0xf800,
    0xf800, 0xf800, 0xf800, 0xf800, 0xf800, 0xf800, 0xf800, 0xf800, 0xf800, 0xf800, 0xf800, 0xf800, 0xf800, 0xf800, 0xf800, 0xf800,
    0xf800, 0xf800, 0xf800, 0xf800, 0x4594, 0x4594, 0x4594, 0x4594, 0x4594, 0x4594, 0x4594, 0x4594, 0xf800, 0xf800, 0xf800, 0xf800,
    0xf800, 0xf800, 0xf800, 0xf800, 0xf800, 0xf800, 0xf800, 0xf800, 0xf800, 0xf800, 0xf800, 0xffff, 0xffff, 0xffff, 0xffff, 0xffff,
    0xffff, 0xffff, 0x07f6, 0x07f6, 0x07f6, 0x07f6, 0x07f6, 0x07f6, 0x07f6, 0x07f6, 0x0000, 0x0000, 0x0000, 0x0000, 0x0000, 0x0000,
    0x0000, 0x0fb6, 0x0fb6, 0x0fb6, 0x0fb6, 0x0fb6, 0x0fb6, 0x0fb6, 0x0fb6, 0xffff, 0xffff, 0xffff, 0xffff, 0xffff, 0xffff, 0xffff,
    0x6b36, 0x6b36, 0x6b36, 0x6b36, 0x6b36, 0x6b36, 0x6b36, 0x6b36, 0x6b36, 0x6b36, 0x6b36, 0x05bf, 0x05bf, 0x05bf, 0x05bf, 0x05bf,
    0x05bf, 0x05bf, 0x05bf, 0x05bf, 0x05bf, 0x05bf, 0x05bf, 0x080a, 0x080a, 0x080a, 0x080a, 0x080a, 0x080a, 0x080a, 0x080a, 0x080a,
    0x080a, 0x080a, 0x080a, 0x080a, 0x080a, 0x080a, 0x080a, 0x080a, 0x080a, 0x080a, 0x080a, 0x080a, 0x080a, 0x080a, 0x080a, 0x080a,
    0x080a, 0x080a, 0x080a, 0x080a, 0x080a, 0x080a, 0x080a, 0x080a, 0x080a, 0x080a, 0x080a, 0x080a, 0x0000, 0x0000, 0x0000, 0x0000,
    0x0000, 0x0000, 0x0000, 0x0000, 0x0000, 0x0000, 0x0000, 0x0000, 0x0000, 0x0000, 0x0000, 0x0000, 0x0000, 0x0000, 0x0000, 0x0000,
    0x0000, 0x0000, 0x0000, 0xffff, 0xffff, 0xffff, 0xffff, 0xffff, 0xffff, 0xffff, 0xffff, 0xffff, 0xffff, 0xffff, 0xffff, 0xffff,
    0xffff, 0xffff, 0xffff, 0xffff, 0xffff, 0xffff, 0xffff, 0xffff, 0xffff, 0xffff, 0xffff, 0xffff, 0xffff, 0xffff, 0xffff, 0xffff,
    0xffff, 0xffff, 0xffff, 0xffff, 0xffff, 0xffff, 0xffff, 0xffff, 0xffff, 0xffff, 0xffff, 0xffff, 0xffff, 0xffff, 0xffff, 0xffff,
    0xffff, 0xffff, 0xffff, 0xffff, 0xffff, 0xffff, 0xffff, 0xffff, 0xffff, 0xffff, 0xffff, 0xffff, 0xffff, 0xffff, 0xffff, 0xff20,
    0xff20, 0xff20, 0xff20, 0xff20, 0xff20, 0xff20, 0xff20, 0xff20, 0xff20, 0xff20, 0xff20, 0xff20, 0xff20, 0xff20, 0xf800, 0xf800,
    0xf800, 0xf800, 0xf800, 0xf800, 0xf800, 0xf800, 0xf800, 0xf800, 0xf800, 0xf800, 0xf800, 0xf800, 0xf800, 0xf800, 0xf800, 0xf800,
    0xf800, 0xf800, 0xf800, 0xf800, 0x4594, 0x4594, 0x4594, 0x4594, 0x4594, 0x4594, 0x4594, 0x4594, 0xf800, 0xf800, 0xf800, 0xf800,
    0xf800, 0xf800, 0xf800, 0xf800, 0xf800, 0xf800, 0xf800, 0xf800, 0xf800, 0xf800, 0xf800, 0xffff, 0xffff, 0xffff, 0xffff, 0xffff,
    0xffff, 0xffff, 0x07f6, 0x07f6, 0x07f6, 0x07f6, 0x07f6, 0x07f6, 0x07f6, 0x07f6, 0x0000, 0x0000, 0x0000, 0x0000, 0x0000, 0x0000,
    0x0000, 0x0fb6, 0x0fb6, 0x0fb6, 0x0fb6, 0x0fb6, 0x0fb6, 0x0fb6, 0x0fb6, 0xffff, 0xffff, 0xffff, 0xffff, 0xffff, 0xffff, 0xffff,
    0x6b36, 0x6b36, 0x6b36, 0x6b36, 0x6b36, 0x6b36, 0x6b36, 0x6b36, 0x6b36, 0x6b36, 0x6b36, 0x05bf, 0x05bf, 0x05bf, 0x05bf, 0x05bf,
    0x05bf, 0x05bf, 0x05bf, 0x05bf, 0x05bf, 0x05bf, 0x05bf, 0x080a, 0x080a, 0x080a, 0x080a, 0x080a, 0x080a, 0x080a, 0x080a, 0x080a,
    0x080a, 0x080a, 0x080a, 0x080a, 0x080a, 0x080a, 0x080a, 0x080a, 0x080a, 0x080a, 0x080a, 0x080a, 0x080a, 0x080a, 0x080a, 0x080a,
    0x080a, 0x080a, 0x080a, 0x080a, 0x080a, 0x080a, 0x080a, 0x080a, 0x080a, 0x080a, 0x080a, 0x080a, 0x0000, 0x0000, 0x0000, 0x0000,
    0x0000, 0x0000, 0x0000, 0x0000, 0x0000, 0x0000, 0x0000, 0x0000, 0x0000, 0x0000, 0x0000, 0x0000, 0x0000, 0x0000, 0x0000, 0x0000,
    0x0000, 0x0000, 0x0000, 0xffff, 0xffff, 0xffff, 0xffff, 0xffff, 0xffff, 0xffff, 0xffff, 0xffff, 0xffff, 0xffff, 0xffff, 0xffff,
    0xffff, 0xffff, 0xffff, 0xffff, 0xffff, 0xffff, 0xffff, 0xffff, 0xffff, 0xffff, 0xffff, 0xffff, 0xffff, 0xffff, 0xffff, 0xffff,
    0xffff, 0xffff, 0xffff, 0xffff, 0xffff, 0xffff, 0xffff, 0xffff, 0xffff, 0xffff, 0xffff, 0xffff, 0xffff, 0xffff, 0xffff, 0xffff,
    0xffff, 0xffff, 0xffff, 0xffff, 0xffff, 0xffff, 0xffff, 0xffff, 0xffff, 0xffff, 0xffff, 0xffff, 0xffff, 0xffff, 0xffff, 0xff20,
    0xff20, 0xff20, 0xff20, 0xff20, 0xff20, 0xff20, 0xff20, 0xff20, 0xff20, 0xff20, 0xff20, 0xff20, 0xff20, 0xff20, 0xf800, 0xf800,
    0xf800, 0xf800, 0xf800, 0xf800, 0xf800, 0xf800, 0xf800, 0xf800, 0xf800, 0xf800, 0xf800, 0xf800, 0xf800, 0xf800, 0xf800, 0xf800,
    0xf800, 0xf800, 0xf800, 0xf800, 0x4594, 0x4594, 0x4594, 0x4594, 0x4594, 0x4594, 0x4594, 0x4594, 0xf800, 0xf800, 0xf800, 0xf800,
    0xf800, 0xf800, 0xf800, 0xf800, 0xf800, 0xf800, 0xf800, 0xf800, 0xf800, 0xf800, 0xf800, 0xffff, 0xffff, 0xffff, 0xffff, 0xffff,
    0xffff, 0xffff, 0x07f6, 0x07f6, 0x07f6, 0x07f6, 0x07f6, 0x07f6, 0x07f6, 0x07f6, 0x0000, 0x0000, 0x0000, 0x0000, 0x0000, 0x0000,
    0x0000, 0x0fb6, 0x0fb6, 0x0fb6, 0x0fb6, 0x0fb6, 0x0fb6, 0x0fb6, 0x0fb6, 0xffff, 0xffff, 0xffff, 0xffff, 0xffff, 0xffff, 0xffff,
    0x6b36, 0x6b36, 0x6b36, 0x6b36, 0x6b36, 0x6b36, 0x6b36, 0x6b36, 0x6b36, 0x6b36, 0x6b36, 0x05bf, 0x05bf, 0x05bf, 0x05bf, 0x05bf,
    0x05bf, 0x05bf, 0x05bf, 0x05bf, 0x05bf, 0x05bf, 0x05bf, 0x080a, 0x080a, 0x080a, 0x080a, 0x080a, 0x080a, 0x080a, 0x080a, 0x080a,
    0x080a, 0x080a, 0x080a, 0x080a, 0x080a, 0x080a, 0x080a, 0x080a, 0x080a, 0x080a, 0x080a, 0x080a, 0x080a, 0x080a, 0x080a, 0x080a,
    0x080a, 0x080a, 0x080a, 0x080a, 0x080a, 0x080a, 0x080a, 0x080a, 0x080a, 0x080a, 0x080a, 0x080a, 0x0000, 0x0000, 0x0000, 0x0000,
    0x0000, 0x0000, 0x0000, 0x0000, 0x0000, 0x0000, 0x0000, 0x0000, 0x0000, 0x0000, 0x0000, 0x0000, 0x0000, 0x0000, 0x0000, 0x0000,
    0x0000, 0x0000, 0x0000, 0xffff, 0xffff, 0xffff, 0xffff, 0xffff, 0xffff, 0xffff, 0xffff, 0xffff, 0xffff, 0xffff, 0xffff, 0xffff,
    0xffff, 0xffff, 0xffff, 0xffff, 0xffff, 0xffff, 0xffff, 0xffff, 0xffff, 0xffff, 0xffff, 0xffff, 0xffff, 0xffff, 0xffff, 0xffff,
    0xffff, 0xffff, 0xffff, 0xffff, 0xffff, 0xffff, 0xffff, 0xffff, 0xffff, 0xffff, 0xffff, 0xffff, 0xffff, 0xffff, 0xffff, 0xffff,
    0xffff, 0xffff, 0xffff, 0xffff, 0xffff, 0xffff, 0xffff, 0xffff, 0xffff, 0xffff, 0xffff, 0xffff, 0xffff, 0xffff, 0xffff, 0xff20,
    0xff20, 0xff20, 0xff20, 0xff20, 0xff20, 0xff20, 0xff20, 0xff20, 0xff20, 0xff20, 0xff20, 0xff20, 0xff20, 0xff20, 0xf800, 0xf800,
    0xf800, 0xf800, 0xf800, 0xf800, 0xf800, 0xf800, 0xf800, 0xf800, 0xf800, 0xf800, 0xf800, 0xf800, 0xf800, 0xf800, 0xf800, 0xf800,
    0xf800, 0xf800, 0xf800, 0xf800, 0x4594, 0x4594, 0x4594, 0x4594, 0x4594, 0x4594, 0x4594, 0x4594, 0xf800, 0xf800, 0xf800, 0xf800,
    0xf800, 0xf800, 0xf800, 0xf800, 0xf800, 0xf800, 0xf800, 0xf800, 0xf800, 0xf800, 0xf800, 0xffff, 0xffff, 0xffff, 0xffff, 0xffff,
    0xffff, 0xffff, 0x07f6, 0x07f6, 0x07f6, 0x07f6, 0x07f6, 0x07f6, 0x07f6, 0x07f6, 0x0000, 0x0000, 0x0000, 0x0000, 0x0000, 0x0000,
    0x0000, 0x0fb6, 0x0fb6, 0x0fb6, 0x0fb6, 0x0fb6, 0x0fb6, 0x0fb6, 0x0fb6, 0xffff, 0xffff, 0xffff, 0xffff, 0xffff, 0xffff, 0xffff,
    0x6b36, 0x6b36, 0x6b36, 0x6b36, 0x05bf, 0x05bf, 0x05bf, 0x05bf, 0x05bf, 0x05bf, 0x05bf, 0x05bf, 0x05bf, 0x05bf, 0x05bf, 0x080a,
    0x080a, 0x080a, 0x080a, 0x080a, 0x080a, 0x080a, 0x080a, 0x080a, 0x080a, 0x080a, 0x080a, 0x080a, 0x080a, 0x080a, 0x080a, 0x080a,
    0x080a, 0x080a, 0x080a, 0x080a, 0x080a, 0x080a, 0x080a, 0x080a, 0x080a, 0x080a, 0x080a, 0x080a, 0x080a, 0x080a, 0x080a, 0x080a,
    0x080a, 0x080a, 0x080a, 0x080a, 0x080a, 0x080a, 0x080a, 0x080a, 0x080a, 0x080a, 0x080a, 0x080a, 0x0000, 0x0000, 0x0000, 0x0000,
    0x0000, 0x0000, 0x0000, 0x0000, 0x0000, 0x0000, 0x0000, 0x0000, 0x0000, 0x0000, 0x0000, 0x0000, 0x0000, 0x0000, 0x0000, 0x0000,
    0x0000, 0x0000, 0x0000, 0xffff, 0xffff, 0xffff, 0xffff, 0xffff, 0xffff, 0xffff, 0xffff, 0xffff, 0xffff, 0xffff, 0xffff, 0xffff,
    0xffff, 0xffff, 0xffff, 0xffff, 0xffff, 0xffff, 0xffff, 0xffff, 0xffff, 0xffff, 0xffff, 0xffff, 0xffff, 0xffff, 0xffff, 0xffff,
    0xffff, 0xffff, 0xffff, 0xffff, 0xffff, 0xffff, 0xffff, 0xffff, 0xffff, 0xffff, 0xffff, 0xffff, 0xffff, 0xffff, 0xffff, 0xffff,
    0xffff, 0xffff, 0xffff, 0xffff, 0xffff, 0xffff, 0xffff, 0xffff, 0xffff, 0xffff, 0xffff, 0xffff, 0xffff, 0xffff, 0xffff, 0xff20,
    0xff20, 0xff20, 0xff20, 0xff20, 0xff20, 0xff20, 0xff20, 0xff20, 0xff20, 0xff20, 0xff20, 0xff20, 0xff20, 0xff20, 0xf800, 0xf800,
    0xf800, 0xf800, 0xf800, 0xf800, 0xf800, 0xf800, 0xf800, 0xf800, 0xf800, 0xf800, 0xf800, 0xf800, 0xf800, 0xf800, 0xf800, 0xf800,
    0xf800, 0xf800, 0xf800, 0xf800, 0x4594, 0x4594, 0x4594, 0x4594, 0x4594, 0x4594, 0x4594, 0x4594, 0xf800, 0xf800, 0xf800, 0xf800,
    0xf800, 0xf800, 0xf800, 0xf800, 0xf800, 0xf800, 0xf800, 0xf800, 0xf800, 0xf800, 0xf800, 0xffff, 0xffff, 0xffff, 0xffff, 0xffff,
    0xffff, 0xffff, 0x07f6, 0x07f6, 0x07f6, 0x07f6, 0x07f6, 0x07f6, 0x07f6, 0x07f6, 0x0000, 0x0000, 0x0000, 0x0000, 0x0000, 0x0000,
    0x0000, 0x0fb6, 0x0fb6, 0x0fb6, 0x0fb6, 0x0fb6, 0x0fb6, 0x0fb6, 0x0fb6, 0xffff, 0xffff, 0xffff, 0xffff, 0xffff, 0xffff, 0xffff,
    0x6b36, 0x6b36, 0x6b36, 0x6b36, 0x05bf, 0x05bf, 0x05bf, 0x05bf, 0x05bf, 0x05bf, 0x05bf, 0x05bf, 0x05bf, 0x05bf, 0x05bf, 0x080a,
    0x080a, 0x080a, 0x080a, 0x080a, 0x080a, 0x080a, 0x080a, 0x080a, 0x080a, 0x080a, 0x080a, 0x080a, 0x080a, 0x080a, 0x080a, 0x080a,
    0x080a, 0x080a, 0x080a, 0x080a, 0x080a, 0x080a, 0x080a, 0x080a, 0x080a, 0x080a, 0x080a, 0x080a, 0x080a, 0x080a, 0x080a, 0x080a,
    0x080a, 0x080a, 0x080a, 0x080a, 0x080a, 0x080a, 0x080a, 0x080a, 0x080a, 0x080a, 0x080a, 0x080a, 0x0000, 0x0000, 0x0000, 0x0000,
    0x0000, 0x0000, 0x0000, 0x0000, 0x0000, 0x0000, 0x0000, 0x0000, 0x0000, 0x0000, 0x0000, 0x0000, 0x0000, 0x0000, 0x0000, 0x0000,
    0x0000, 0x0000, 0x0000, 0xffff, 0xffff, 0xffff, 0xffff, 0xffff, 0xffff, 0xffff, 0xffff, 0xffff, 0xffff, 0xffff, 0xffff, 0xffff,
    0xffff, 0xffff, 0xffff, 0xffff, 0xffff, 0xffff, 0xffff, 0xffff, 0xffff, 0xffff, 0xffff, 0xffff, 0xffff, 0xffff, 0xffff, 0xffff,
    0xffff, 0xffff, 0xffff, 0xffff, 0xffff, 0xffff, 0xffff, 0xffff, 0xffff, 0xffff, 0xffff, 0xffff, 0xffff, 0xffff, 0xffff, 0xffff,
    0xffff, 0xffff, 0xffff, 0xffff, 0xffff, 0xffff, 0xffff, 0xffff, 0xffff, 0xffff, 0xffff, 0xffff, 0xffff, 0xffff, 0xffff, 0xff20,
    0xff20, 0xff20, 0xff20, 0xff20, 0xff20, 0xff20, 0xff20, 0xff20, 0xff20, 0xff20, 0xff20, 0xff20, 0xff20, 0xff20, 0xf800, 0xf800,
    0xf800, 0xf800, 0xf800, 0xf800, 0xf800, 0xf800, 0xf800, 0xf800, 0xf800, 0xf800, 0xf800, 0xf800, 0xf800, 0xf800, 0xf800, 0xf800,
    0xf800, 0xf800, 0xf800, 0xf800, 0x4594, 0x4594, 0x4594, 0x4594, 0x4594, 0x4594, 0x4594, 0x4594, 0xf800, 0xf800, 0xf800, 0xf800,
    0xf800, 0xf800, 0xf800, 0xf800, 0xf800, 0xf800, 0xf800, 0xf800, 0xf800, 0xf800, 0xf800, 0xffff, 0xffff, 0xffff, 0xffff, 0xffff,
    0xffff, 0xffff, 0x07f6, 0x07f6, 0x07f6, 0x07f6, 0x07f6, 0x07f6, 0x07f6, 0x07f6, 0x0000, 0x0000, 0x0000, 0x0000, 0x0000, 0x0000,
    0x0000, 0x0fb6, 0x0fb6, 0x0fb6, 0x0fb6, 0x0fb6, 0x0fb6, 0x0fb6, 0x0fb6, 0xffff, 0xffff, 0xffff, 0xffff, 0xffff, 0xffff, 0xffff,
    0x6b36, 0x6b36, 0x6b36, 0x6b36, 0x05bf, 0x05bf, 0x05bf, 0x05bf, 0x05bf, 0x05bf, 0x05bf, 0x05bf, 0x05bf, 0x05bf, 0x05bf, 0x080a,
    0x080a, 0x080a, 0x080a, 0x080a, 0x080a, 0x080a, 0x080a, 0x080a, 0x080a, 0x080a, 0x080a, 0x080a, 0x080a, 0x080a, 0x080a, 0x080a,
    0x080a, 0x080a, 0x080a, 0x080a, 0x080a, 0x080a, 0x080a, 0x080a, 0x080a, 0x080a, 0x080a, 0x080a, 0x080a, 0x080a, 0x080a, 0x080a,
    0x080a, 0x080a, 0x080a, 0x080a, 0x080a, 0x080a, 0x080a, 0x080a, 0x080a, 0x080a, 0x080a, 0x080a, 0x0000, 0x0000, 0x0000, 0x0000,
    0x0000, 0x0000, 0x0000, 0x0000, 0x0000, 0x0000, 0x0000, 0x0000, 0x0000, 0x0000, 0x0000, 0x0000, 0x0000, 0x0000, 0x0000, 0x0000,
    0x0000, 0x0000, 0x0000, 0xffff, 0xffff, 0xffff, 0xffff, 0xffff, 0xffff, 0xffff, 0xffff, 0xffff, 0xffff, 0xffff, 0xffff, 0xffff,
    0xffff, 0xffff, 0xffff, 0xffff, 0xffff, 0xffff, 0xffff, 0xffff, 0xffff, 0xffff, 0xffff, 0xffff, 0xffff, 0xffff, 0xffff, 0xffff,
    0xffff, 0xffff, 0xffff, 0xffff, 0xffff, 0xffff, 0xffff, 0xffff, 0xffff, 0xffff, 0xffff, 0xffff, 0xffff, 0xffff, 0xffff, 0xffff,
    0xffff, 0xffff, 0xffff, 0xffff, 0xffff, 0xffff, 0xffff, 0xffff, 0xffff, 0xffff, 0xffff, 0xffff, 0xffff, 0xffff, 0xffff, 0xff20,
    0xff20, 0xff20, 0xff20, 0xff20, 0xff20, 0xff20, 0xff20, 0xff20, 0xff20, 0xff20, 0xff20, 0xff20, 0xff20, 0xff20, 0xf800, 0xf800,
    0xf800, 0xf800, 0xf800, 0xf800, 0xf800, 0xf800, 0xf800, 0xf800, 0xf800, 0xf800, 0xf800, 0xf800, 0xf800, 0xf800, 0xf800, 0xf800,
    0xf800, 0xf800, 0xf800, 0xf800, 0x4594, 0x4594, 0x4594, 0x4594, 0x4594, 0x4594, 0x4594, 0x4594, 0xf800, 0xf800, 0xf800, 0xf800,
    0xf800, 0xf800, 0xf800, 0xf800, 0xf800, 0xf800, 0xf800, 0xf800, 0xf800, 0xf800, 0xf800, 0xffff, 0xffff, 0xffff, 0xffff, 0xffff,
    0xffff, 0xffff, 0x07f6, 0x07f6, 0x07f6, 0x07f6, 0x07f6, 0x07f6, 0x07f6, 0x07f6, 0x0000, 0x0000, 0x0000, 0x0000, 0x0000, 0x0000,
    0x0000, 0x0fb6, 0x0fb6, 0x0fb6, 0x0fb6, 0x0fb6, 0x0fb6, 0x0fb6, 0x0fb6, 0xffff, 0xffff, 0xffff, 0xffff, 0xffff, 0xffff, 0xffff,
    0x6b36, 0x6b36, 0x6b36, 0x6b36, 0x05bf, 0x05bf, 0x05bf, 0x05bf, 0x05bf, 0x05bf, 0x05bf, 0x05bf, 0x05bf, 0x05bf, 0x05bf, 0x080a,
    0x080a, 0x080a, 0x080a, 0x080a, 0x080a, 0x080a, 0x080a, 0x080a, 0x080a, 0x080a, 0x080a, 0x080a, 0x080a, 0x080a, 0x080a, 0x080a,
    0x080a, 0x080a, 0x080a, 0x080a, 0x080a, 0x080a, 0x080a, 0x080a, 0x080a, 0x080a, 0x080a, 0x080a, 0x080a, 0x080a, 0x080a, 0x080a,
    0x080a, 0x080a, 0x080a, 0x080a, 0x080a, 0x080a, 0x080a, 0x080a, 0x080a, 0x080a, 0x080a, 0x080a, 0x0000, 0x0000, 0x0000, 0x0000,
    0x0000, 0x0000, 0x0000, 0x0000, 0x0000, 0x0000, 0x0000, 0x0000, 0x0000, 0x0000, 0x0000, 0x0000, 0x0000, 0x0000, 0x0000, 0x0000,
    0x0000, 0x0000, 0x0000, 0xffff, 0xffff, 0xffff, 0xffff, 0xffff, 0xffff, 0xffff, 0xffff, 0xffff, 0xffff, 0xffff, 0xffff, 0xffff,
    0xffff, 0xffff, 0xffff, 0xffff, 0xffff, 0xffff, 0xffff, 0xffff, 0xffff, 0xffff, 0xffff, 0xffff, 0xffff, 0xffff, 0xffff, 0xffff,
    0xffff, 0xffff, 0xffff, 0xffff, 0xffff, 0xffff, 0xffff, 0xffff, 0xffff, 0xffff, 0xffff, 0xffff, 0xffff, 0xffff, 0xffff, 0xffff,
    0xffff, 0xffff, 0xffff, 0xffff, 0xffff, 0xffff, 0xffff, 0xffff, 0xffff, 0xffff, 0xffff, 0xffff, 0xffff, 0xffff, 0xffff, 0xff20,
    0xff20, 0xff20, 0xff20, 0xff20, 0xff20, 0xff20, 0xff20, 0xff20, 0xff20, 0xff20, 0xff20, 0xff20, 0xff20, 0xff20, 0xf800, 0xf800,
    0xf800, 0xf800, 0xf800, 0xf800, 0xf800, 0xf800, 0xf800, 0xf800, 0xf800, 0xf800, 0xf800, 0xf800, 0xf800, 0xf800, 0xf800, 0xf800,
    0xf800, 0xf800, 0xf800, 0xf800, 0x4594, 0x4594, 0x4594, 0x4594, 0x4594, 0x4594, 0x4594, 0x4594, 0xf800, 0xf800, 0xf800, 0xf800,
    0xf800, 0xf800, 0xf800, 0xf800, 0xf800, 0xf800, 0xf800, 0xf800, 0xf800, 0xf800, 0xf800, 0xffff, 0xffff, 0xffff, 0xffff, 0xffff,
    0xffff, 0xffff, 0x07f6, 0x07f6, 0x07f6, 0x07f6, 0x07f6, 0x07f6, 0x07f6, 0x07f6, 0x0000, 0x0000, 0x0000, 0x0000, 0x0000, 0x0000,
    0x0000, 0x0fb6, 0x0fb6, 0x0fb6, 0x0fb6, 0x0fb6, 0x0fb6, 0x0fb6, 0x0fb6, 0xffff, 0xffff, 0xffff, 0xffff, 0xffff, 0xffff, 0xffff,
    0x05bf, 0x05bf, 0x05bf, 0x05bf, 0x080a, 0x080a, 0x080a, 0x080a, 0x080a, 0x080a, 0x080a, 0x080a, 0x080a, 0x080a, 0x080a, 0x080a,
    0x080a, 0x080a, 0x080a, 0x080a, 0x080a, 0x080a, 0x080a, 0x080a, 0x080a, 0x080a, 0x080a, 0x080a, 0x080a, 0x080a, 0x080a, 0x080a,
    0x080a, 0x080a, 0x080a, 0x080a, 0x080a, 0x080a, 0x080a, 0x080a, 0x080a, 0x080a, 0x080a, 0x080a, 0x080a, 0x0000, 0x0000, 0x0000,
    0x0000, 0x0000, 0x0000, 0x0000, 0x0000, 0x0000, 0x0000, 0x0000, 0x0000, 0x0000, 0x0000, 0x0000, 0x0000, 0x0000, 0x0000, 0x0000,
    0x0000, 0x0000, 0x0000, 0x0000, 0xffff, 0xffff, 0xffff, 0xffff, 0xffff, 0xffff, 0xffff, 0xffff, 0xffff, 0xffff, 0xffff, 0xffff,
    0xffff, 0xffff, 0xffff, 0xffff, 0xffff, 0xffff, 0xffff, 0xffff, 0xffff, 0xffff, 0xffff, 0xffff, 0xffff, 0xffff, 0xffff, 0xffff,
    0xffff, 0xffff, 0xffff, 0xffff, 0xffff, 0xffff, 0xffff, 0xffff, 0xffff, 0xffff, 0xffff, 0xffff, 0xffff, 0xffff, 0xffff, 0xffff,
    0xffff, 0xffff, 0xffff, 0xffff, 0xffff, 0xffff, 0xffff, 0xffff, 0xffff, 0xffff, 0xffff, 0xffff, 0xffff, 0xffff, 0xffff, 0xffff,
    0xffff, 0xffff, 0xffff, 0xffff, 0xffff, 0xffff, 0xffff, 0xffff, 0xffff, 0xffff, 0xffff, 0xffff, 0xffff, 0xffff, 0xffff, 0xffff,
    0xffff, 0xffff, 0xffff, 0xffff, 0xffff, 0xffff, 0xffff, 0xffff, 0xffff, 0xffff, 0xffff, 0xffff, 0xffff, 0xffff, 0xff20, 0xff20,
    0xff20, 0xff20, 0xff20, 0xff20, 0xff20, 0xff20, 0xff20, 0xff20, 0xff20, 0xff20, 0xff20, 0xff20, 0xff20, 0xf800, 0xf800, 0xf800,
    0xf800, 0xf800, 0xf800, 0xf800, 0x07f6, 0x07f6, 0x07f6, 0x07f6, 0x07f6, 0x07f6, 0x07f6, 0x07f6, 0x07f6, 0x07f6, 0x07f6, 0x07f6,
    0x07f6, 0x07f6, 0x07f6, 0x0fb6, 0x0fb6, 0x0fb6, 0x0fb6, 0x0fb6, 0x0fb6, 0x0fb6, 0x0fb6, 0xffff, 0xffff, 0xffff, 0xffff, 0xffff,
    0xffff, 0xffff, 0x0fb6, 0x0fb6, 0x0fb6, 0x0fb6, 0x0fb6, 0x0fb6, 0x0fb6, 0x0fb6, 0x0fb6, 0x0fb6, 0x0fb6, 0x0fb6, 0x0fb6, 0x0fb6,
    0x0fb6, 0x0fb6, 0x0fb6, 0x0fb6, 0x0fb6, 0x0fb6, 0x0fb6, 0x0fb6, 0x0fb6, 0xffff, 0xffff, 0xffff, 0xffff, 0xffff, 0xffff, 0xffff,
    0x05bf, 0x05bf, 0x05bf, 0x05bf, 0x080a, 0x080a, 0x080a, 0x080a, 0x080a, 0x080a, 0x080a, 0x080a, 0x080a, 0x080a, 0x080a, 0x080a,
    0x080a, 0x080a, 0x080a, 0x080a, 0x080a, 0x080a, 0x080a, 0x080a, 0x080a, 0x080a, 0x080a, 0x080a, 0x080a, 0x080a, 0x080a, 0x080a,
    0x080a, 0x080a, 0x080a, 0x080a, 0x080a, 0x080a, 0x080a, 0x080a, 0x080a, 0x080a, 0x080a, 0x080a, 0x080a, 0x0000, 0x0000, 0x0000,
    0x0000, 0x0000, 0x0000, 0x0000, 0x0000, 0x0000, 0x0000, 0x0000, 0x0000, 0x0000, 0x0000, 0x0000, 0x0000, 0x0000, 0x0000, 0x0000,
    0x0000, 0x0000, 0x0000, 0x0000, 0xffff, 0xffff, 0xffff, 0xffff, 0xffff, 0xffff, 0xffff, 0xffff, 0xffff, 0xffff, 0xffff, 0xffff,
    0xffff, 0xffff, 0xffff, 0xffff, 0xffff, 0xffff, 0xffff, 0xffff, 0xffff, 0xffff, 0xffff, 0xffff, 0xffff, 0xffff, 0xffff, 0xffff,
    0xffff, 0xffff, 0xffff, 0xffff, 0xffff, 0xffff, 0xffff, 0xffff, 0xffff, 0xffff, 0xffff, 0xffff, 0xffff, 0xffff, 0xffff, 0xffff,
    0xffff, 0xffff, 0xffff, 0xffff, 0xffff, 0xffff, 0xffff, 0xffff, 0xffff, 0xffff, 0xffff, 0xffff, 0xffff, 0xffff, 0xffff, 0xffff,
    0xffff, 0xffff, 0xffff, 0xffff, 0xffff, 0xffff, 0xffff, 0xffff, 0xffff, 0xffff, 0xffff, 0xffff, 0xffff, 0xffff, 0xffff, 0xffff,
    0xffff, 0xffff, 0xffff, 0xffff, 0xffff, 0xffff, 0xffff, 0xffff, 0xffff, 0xffff, 0xffff, 0xffff, 0xffff, 0xffff, 0xff20, 0xff20,
    0xff20, 0xff20, 0xff20, 0xff20, 0xff20, 0xff20, 0xff20, 0xff20, 0xff20, 0xff20, 0xff20, 0xff20, 0xff20, 0xf800, 0xf800, 0xf800,
    0xf800, 0xf800, 0xf800, 0xf800, 0x07f6, 0x07f6, 0x07f6, 0x07f6, 0x07f6, 0x07f6, 0x07f6, 0x07f6, 0x07f6, 0x07f6, 0x07f6, 0x07f6,
    0x07f6, 0x07f6, 0x07f6, 0x0fb6, 0x0fb6, 0x0fb6, 0x0fb6, 0x0fb6, 0x0fb6, 0x0fb6, 0x0fb6, 0xffff, 0xffff, 0xffff, 0xffff, 0xffff,
    0xffff, 0xffff, 0x0fb6, 0x0fb6, 0x0fb6, 0x0fb6, 0x0fb6, 0x0fb6, 0x0fb6, 0x0fb6, 0x0fb6, 0x0fb6, 0x0fb6, 0x0fb6, 0x0fb6, 0x0fb6,
    0x0fb6, 0x0fb6, 0x0fb6, 0x0fb6, 0x0fb6, 0x0fb6, 0x0fb6, 0x0fb6, 0x0fb6, 0xffff, 0xffff, 0xffff, 0xffff, 0xffff, 0xffff, 0xffff,
    0x05bf, 0x05bf, 0x05bf, 0x05bf, 0x080a, 0x080a, 0x080a, 0x080a, 0x080a, 0x080a, 0x080a, 0x080a, 0x080a, 0x080a, 0x080a, 0x080a,
    0x080a, 0x080a, 0x080a, 0x080a, 0x080a, 0x080a, 0x080a, 0x080a, 0x080a, 0x080a, 0x080a, 0x080a, 0x080a, 0x080a, 0x080a, 0x080a,
    0x080a, 0x080a, 0x080a, 0x080a, 0x080a, 0x080a, 0x080a, 0x080a, 0x080a, 0x080a, 0x080a, 0x080a, 0x080a, 0x0000, 0x0000, 0x0000,
    0x0000, 0x0000, 0x0000, 0x0000, 0x0000, 0x0000, 0x0000, 0x0000, 0x0000, 0x0000, 0x0000, 0x0000, 0x0000, 0x0000, 0x0000, 0x0000,
    0x0000, 0x0000, 0x0000, 0x0000, 0xffff, 0xffff, 0xffff, 0xffff, 0xffff, 0xffff, 0xffff, 0xffff, 0xffff, 0xffff, 0xffff, 0xffff,
    0xffff, 0xffff, 0xffff, 0xffff, 0xffff, 0xffff, 0xffff, 0xffff, 0xffff, 0xffff, 0xffff, 0xffff, 0xffff, 0xffff, 0xffff, 0xffff,
    0xffff, 0xffff, 0xffff, 0xffff, 0xffff, 0xffff, 0xffff, 0xffff, 0xffff, 0xffff, 0xffff, 0xffff, 0xffff, 0xffff, 0xffff, 0xffff,
    0xffff, 0xffff, 0xffff, 0xffff, 0xffff, 0xffff, 0xffff, 0xffff, 0xffff, 0xffff, 0xffff, 0xffff, 0xffff, 0xffff, 0xffff, 0xffff,
    0xffff, 0xffff, 0xffff, 0xffff, 0xffff, 0xffff, 0xffff, 0xffff, 0xffff, 0xffff, 0xffff, 0xffff, 0xffff, 0xffff, 0xffff, 0xffff,
    0xffff, 0xffff, 0xffff, 0xffff, 0xffff, 0xffff, 0xffff, 0xffff, 0xffff, 0xffff, 0xffff, 0xffff, 0xffff, 0xffff, 0xff20, 0xff20,
    0xff20, 0xff20, 0xff20, 0xff20, 0xff20, 0xff20, 0xff20, 0xff20, 0xff20, 0xff20, 0xff20, 0xff20, 0xff20, 0xf800, 0xf800, 0xf800,
    0xf800, 0xf800, 0xf800, 0xf800, 0x07f6, 0x07f6, 0x07f6, 0x07f6, 0x07f6, 0x07f6, 0x07f6, 0x07f6, 0x07f6, 0x07f6, 0x07f6, 0x07f6,
    0x07f6, 0x07f6, 0x07f6, 0x0fb6, 0x0fb6, 0x0fb6, 0x0fb6, 0x0fb6, 0x0fb6, 0x0fb6, 0x0fb6, 0xffff, 0xffff, 0xffff, 0xffff, 0xffff,
    0xffff, 0xffff, 0x0fb6, 0x0fb6, 0x0fb6, 0x0fb6, 0x0fb6, 0x0fb6, 0x0fb6, 0x0fb6, 0x0fb6, 0x0fb6, 0x0fb6, 0x0fb6, 0x0fb6, 0x0fb6,
    0x0fb6, 0x0fb6, 0x0fb6, 0x0fb6, 0x0fb6, 0x0fb6, 0x0fb6, 0x0fb6, 0x0fb6, 0xffff, 0xffff, 0xffff, 0xffff, 0xffff, 0xffff, 0xffff,
    0x080a, 0x080a, 0x080a, 0x080a, 0x080a, 0x080a, 0x080a, 0x080a, 0x080a, 0x080a, 0x080a, 0x080a, 0x080a, 0x080a, 0x080a, 0x080a,
    0x080a, 0x080a, 0x080a, 0x080a, 0x080a, 0x080a, 0x080a, 0x080a, 0x080a, 0x080a, 0x080a, 0x080a, 0x080a, 0x080a, 0x080a, 0x080a,
    0x080a, 0x080a, 0x080a, 0x080a, 0x080a, 0x080a, 0x080a, 0x080a, 0x080a, 0x080a, 0x080a, 0x080a, 0x080a, 0x0000, 0x0000, 0x0000,
    0x0000, 0x0000, 0x0000, 0x0000, 0x0000, 0x0000, 0x0000, 0x0000, 0x0000, 0x0000, 0x0000, 0x0000, 0x0000, 0x0000, 0x0000, 0x0000,
    0x0000, 0x0000, 0x0000, 0x0000, 0xffff, 0xffff, 0xffff, 0xffff, 0xffff, 0xffff, 0xffff, 0xffff, 0xffff, 0xffff, 0xffff, 0xffff,
    0xffff, 0xffff, 0xffff, 0xffff, 0xffff, 0xffff, 0xffff, 0xffff, 0xffff, 0xffff, 0xffff, 0xffff, 0xffff, 0xffff, 0xffff, 0xffff,
    0xffff, 0xffff, 0xffff, 0xffff, 0xffff, 0xffff, 0xffff, 0xffff, 0xffff, 0xffff, 0xffff, 0xffff, 0xffff, 0xffff, 0xffff, 0xffff,
    0xffff, 0xffff, 0xffff, 0xffff, 0xffff, 0xffff, 0xffff, 0xffff, 0xffff, 0xffff, 0xffff, 0xffff, 0xffff, 0xffff, 0xffff, 0xffff,
    0xffff, 0xffff, 0xffff, 0xffff, 0xffff, 0xffff, 0xffff, 0xffff, 0xffff, 0xffff, 0xffff, 0xffff, 0xffff, 0xffff, 0xffff, 0xffff,
    0xffff, 0xffff, 0xffff, 0xffff, 0xffff, 0xffff, 0xffff, 0xffff, 0xffff, 0xffff, 0xffff, 0xffff, 0xffff, 0xffff, 0xff20, 0xff20,
    0xff20, 0xff20, 0xff20, 0xff20, 0xff20, 0xff20, 0xff20, 0xff20, 0xff20, 0xff20, 0xff20, 0xff20, 0xff20, 0xf800, 0xf800, 0xf800,
    0xf800, 0xf800, 0xf800, 0xf800, 0x07f6, 0x07f6, 0x07f6, 0x07f6, 0x07f6, 0x07f6, 0x07f6, 0x07f6, 0x07f6, 0x07f6, 0x07f6, 0x07f6,
    0x07f6, 0x07f6, 0x07f6, 0x0fb6, 0x0fb6, 0x0fb6, 0x0fb6, 0x0fb6, 0x0fb6, 0x0fb6, 0x0fb6, 0xffff, 0xffff, 0xffff, 0xffff, 0xffff,
    0xffff, 0xffff, 0x0fb6, 0x0fb6, 0x0fb6, 0x0fb6, 0x0fb6, 0x0fb6, 0x0fb6, 0x0fb6, 0x0fb6, 0x0fb6, 0x0fb6, 0x0fb6, 0x0fb6, 0x0fb6,
    0x0fb6, 0x0fb6, 0x0fb6, 0x0fb6, 0x0fb6, 0x0fb6, 0x0fb6, 0x0fb6, 0x0fb6, 0xffff, 0xffff, 0xffff, 0xffff, 0xffff, 0xffff, 0xffff,
    0x080a, 0x080a, 0x080a, 0x080a, 0x080a, 0x080a, 0x080a, 0x080a, 0x080a, 0x080a, 0x080a, 0x080a, 0x080a, 0x080a, 0x080a, 0x080a,
    0x080a, 0x080a, 0x080a, 0x080a, 0x080a, 0x080a, 0x080a, 0x080a, 0x080a, 0x080a, 0x080a, 0x080a, 0x080a, 0x080a, 0x080a, 0x080a,
    0x080a, 0x080a, 0x080a, 0x080a, 0x080a, 0x080a, 0x080a, 0x080a, 0x080a, 0x080a, 0x080a, 0x080a, 0x080a, 0x0000, 0x0000, 0x0000,
    0x0000, 0x0000, 0x0000, 0x0000, 0x0000, 0x0000, 0x0000, 0x0000, 0x0000, 0x0000, 0x0000, 0x0000, 0x0000, 0x0000, 0x0000, 0x0000,
    0x0000, 0x0000, 0x0000, 0x0000, 0xffff, 0xffff, 0xffff, 0xffff, 0xffff, 0xffff, 0xffff, 0xffff, 0xffff, 0xffff, 0xffff, 0xffff,
    0xffff, 0xffff, 0xffff, 0xffff, 0xffff, 0xffff, 0xffff, 0xffff, 0xffff, 0xffff, 0xffff, 0xffff, 0xffff, 0xffff, 0xffff, 0xffff,
    0xffff, 0xffff, 0xffff, 0xffff, 0xffff, 0xffff, 0xffff, 0xffff, 0xffff, 0xffff, 0xffff, 0xffff, 0xffff, 0xffff, 0xffff, 0xffff,
    0xffff, 0xffff, 0xffff, 0xffff, 0xffff, 0xffff, 0xffff, 0xffff, 0xffff, 0xffff, 0xffff, 0xffff, 0xffff, 0xffff, 0xffff, 0xffff,
    0xffff, 0xffff, 0xffff, 0xffff, 0xffff, 0xffff, 0xffff, 0xffff, 0xffff, 0xffff, 0xffff, 0xffff, 0xffff, 0xffff, 0xffff, 0xffff,
    0xffff, 0xffff, 0xffff, 0xffff, 0xffff, 0xffff, 0xffff, 0xffff, 0xffff, 0xffff, 0xffff, 0xffff, 0xffff, 0xffff, 0xff20, 0xff20,
    0xff20, 0xff20, 0xff20, 0xff20, 0xff20, 0xff20, 0xff20, 0xff20, 0xff20, 0xff20, 0xff20, 0xff20, 0xff20, 0xf800, 0xf800, 0xf800,
    0xf800, 0xf800, 0xf800, 0xf800, 0x07f6, 0x07f6, 0x07f6, 0x07f6, 0x07f6, 0x07f6, 0x07f6, 0x07f6, 0x07f6, 0x07f6, 0x07f6, 0x07f6,
    0x07f6, 0x07f6, 0x07f6, 0x0fb6, 0x0fb6, 0x0fb6, 0x0fb6, 0x0fb6, 0x0fb6, 0x0fb6, 0x0fb6, 0xffff, 0xffff, 0xffff, 0xffff, 0xffff,
    0xffff, 0xffff, 0x0fb6, 0x0fb6, 0x0fb6, 0x0fb6, 0x0fb6, 0x0fb6, 0x0fb6, 0x0fb6, 0x0fb6, 0x0fb6, 0x0fb6, 0x0fb6, 0x0fb6, 0x0fb6,
    0x0fb6, 0x0fb6, 0x0fb6, 0x0fb6, 0x0fb6, 0x0fb6, 0x0fb6, 0x0fb6, 0x0fb6, 0xffff, 0xffff, 0xffff, 0xffff, 0xffff, 0xffff, 0xffff,
    0x080a, 0x080a, 0x080a, 0x080a, 0x080a, 0x080a, 0x080a, 0x080a, 0x080a, 0x080a, 0x080a, 0x080a, 0x080a, 0x080a, 0x080a, 0x080a,
    0x080a, 0x080a, 0x080a, 0x080a, 0x080a, 0x080a, 0x080a, 0x080a, 0x080a, 0x080a, 0x080a, 0x080a, 0x080a, 0x080a, 0x080a, 0x080a,
    0x080a, 0x080a, 0x080a, 0x080a, 0x080a, 0x080a, 0x080a, 0x080a, 0x080a, 0x080a, 0x080a, 0x080a, 0x080a, 0x0000, 0x0000, 0x0000,
    0x0000, 0x0000, 0x0000, 0x0000, 0x0000, 0x0000, 0x0000, 0x0000, 0x0000, 0x0000, 0x0000, 0x0000, 0x0000, 0x0000, 0x0000, 0x0000,
    0x0000, 0x0000, 0x0000, 0x0000, 0xffff, 0xffff, 0xffff, 0xffff, 0xffff, 0xffff, 0xffff, 0xffff, 0xffff, 0xffff, 0xffff, 0xffff,
    0xffff, 0xffff, 0xffff, 0xffff, 0xffff, 0xffff, 0xffff, 0xffff, 0xffff, 0xffff, 0xffff, 0xffff, 0xffff, 0xffff, 0xffff, 0xffff,
    0xffff, 0xffff, 0xffff, 0xffff, 0xffff, 0xffff, 0xffff, 0xffff, 0xffff, 0xffff, 0xffff, 0xffff, 0xffff, 0xffff, 0xffff, 0xffff,
    0xffff, 0xffff, 0xffff, 0xffff, 0xffff, 0xffff, 0xffff, 0xffff, 0xffff, 0xffff, 0xffff, 0xffff, 0xffff, 0xffff, 0xffff, 0xffff,
    0xffff, 0xffff, 0xffff, 0xffff, 0xffff, 0xffff, 0xffff, 0xffff, 0xffff, 0xffff, 0xffff, 0xffff, 0xffff, 0xffff, 0xffff, 0xffff,
    0xffff, 0xffff, 0xffff, 0xffff, 0xffff, 0xffff, 0xffff, 0xffff, 0xffff, 0xffff, 0xffff, 0xffff, 0xffff, 0xffff, 0xff20, 0xff20,
    0xff20, 0xff20, 0xff20, 0xff20, 0xff20, 0xff20, 0xff20, 0xff20, 0xff20, 0xff20, 0xff20, 0xff20, 0xff20, 0xf800, 0xf800, 0xf800,
    0xf800, 0xf800, 0xf800, 0xf800, 0x07f6, 0x07f6, 0x07f6, 0x07f6, 0x07f6, 0x07f6, 0x07f6, 0x07f6, 0x07f6, 0x07f6, 0x07f6, 0x07f6,
    0x07f6, 0x07f6, 0x07f6, 0x0fb6, 0x0fb6, 0x0fb6, 0x0fb6, 0x0fb6, 0x0fb6, 0x0fb6, 0x0fb6, 0xffff, 0xffff, 0xffff, 0xffff, 0xffff,
    0xffff, 0xffff, 0x0fb6, 0x0fb6, 0x0fb6, 0x0fb6, 0x0fb6, 0x0fb6, 0x0fb6, 0x0fb6, 0x0fb6, 0x0fb6, 0x0fb6, 0x0fb6, 0x0fb6, 0x0fb6,
    0x0fb6, 0x0fb6, 0x0fb6, 0x0fb6, 0x0fb6, 0x0fb6, 0x0fb6, 0x0fb6, 0x0fb6, 0xffff, 0xffff, 0xffff, 0xffff, 0xffff, 0xffff, 0xffff,
    0x080a, 0x080a, 0x080a, 0x080a, 0x080a, 0x080a, 0x080a, 0x080a, 0x080a, 0x080a, 0x080a, 0x080a, 0x080a, 0x080a, 0x080a, 0x080a,
    0x080a, 0x080a, 0x080a, 0x080a, 0x080a, 0x080a, 0x080a, 0x080a, 0x080a, 0x080a, 0x080a, 0x080a, 0x080a, 0x080a, 0x080a, 0x080a,
    0x080a, 0x080a, 0x080a, 0x080a, 0x080a, 0x080a, 0x080a, 0x080a, 0x080a, 0x080a, 0x080a, 0x080a, 0x080a, 0x0000, 0x0000, 0x0000,
    0x0000, 0x0000, 0x0000, 0x0000, 0x0000, 0x0000, 0x0000, 0x0000, 0x0000, 0x0000, 0x0000, 0x0000, 0x0000, 0x0000, 0x0000, 0x0000,
    0x0000, 0x0000, 0x0000, 0x0000, 0xffff, 0xffff, 0xffff, 0xffff, 0xffff, 0xffff, 0xffff, 0xffff, 0xffff, 0xffff, 0xffff, 0xffff,
    0xffff, 0xffff, 0xffff, 0xffff, 0xffff, 0xffff, 0xffff, 0xffff, 0xffff, 0xffff, 0xffff, 0xffff, 0xffff, 0xffff, 0xffff, 0xffff,
    0xffff, 0xffff, 0xffff, 0xffff, 0xffff, 0xffff, 0xffff, 0xffff, 0xffff, 0xffff, 0xffff, 0xffff, 0xffff, 0xffff, 0xffff, 0xffff,
    0xffff, 0xffff, 0xffff, 0xffff, 0xffff, 0xffff, 0xffff, 0xffff, 0xffff, 0xffff, 0xffff, 0xffff, 0xffff, 0xffff, 0xffff, 0xffff,
    0xffff, 0xffff, 0xffff, 0xffff, 0xffff, 0xffff, 0xffff, 0xffff, 0xffff, 0xffff, 0xffff, 0xffff, 0xffff, 0xffff, 0xffff, 0xffff,
    0xffff, 0xffff, 0xffff, 0xffff, 0xffff, 0xffff, 0xffff, 0xffff, 0xffff, 0xffff, 0xffff, 0xffff, 0xffff, 0xffff, 0xff20, 0xff20,
    0xff20, 0xff20, 0xff20, 0xff20, 0xff20, 0xff20, 0xff20, 0xff20, 0xff20, 0xff20, 0xff20, 0xff20, 0xff20, 0xf800, 0xf800, 0xf800,
    0xf800, 0xf800, 0xf800, 0xf800, 0x07f6, 0x07f6, 0x07f6, 0x07f6, 0x07f6, 0x07f6, 0x07f6, 0x07f6, 0x07f6, 0x07f6, 0x07f6, 0x07f6,
    0x07f6, 0x07f6, 0x07f6, 0x0fb6, 0x0fb6, 0x0fb6, 0x0fb6, 0x0fb6, 0x0fb6, 0x0fb6, 0x0fb6, 0xffff, 0xffff, 0xffff, 0xffff, 0xffff,
    0xffff, 0xffff, 0x0fb6, 0x0fb6, 0x0fb6, 0x0fb6, 0x0fb6, 0x0fb6, 0x0fb6, 0x0fb6, 0x0fb6, 0x0fb6, 0x0fb6, 0x0fb6, 0x0fb6, 0x0fb6,
    0x0fb6, 0x0fb6, 0x0fb6, 0x0fb6, 0x0fb6, 0x0fb6, 0x0fb6, 0x0fb6, 0x0fb6, 0xffff, 0xffff, 0xffff, 0xffff, 0xffff, 0xffff, 0xffff,
    0x080a, 0x080a, 0x080a, 0x080a, 0x080a, 0x080a, 0x080a, 0x080a, 0x080a, 0x080a, 0x080a, 0x080a, 0x080a, 0x080a, 0x080a, 0x080a,
    0x080a, 0x080a, 0x080a, 0x080a, 0x080a, 0x080a, 0x080a, 0x0000, 0x0000, 0x0000, 0x0000, 0x0000, 0x0000, 0x0000, 0x0000, 0x0000,
    0x0000, 0x0000, 0x0000, 0x0000, 0x0000, 0x0000, 0x0000, 0x0000, 0x0000, 0x0000, 0x0000, 0x0000, 0x0000, 0x0000, 0x0000, 0x0000,
    0x0000, 0x0000, 0x0000, 0x0000, 0x0000, 0xffff, 0xffff, 0xffff, 0xffff, 0xffff, 0xffff, 0xffff, 0xffff, 0xffff, 0xffff, 0xffff,
    0xffff, 0xffff, 0xffff, 0xffff, 0xffff, 0xffff, 0xffff, 0xffff, 0xffff, 0xffff, 0xffff, 0xffff, 0xffff, 0xffff, 0xffff, 0xffff,
    0xffff, 0xffff, 0xffff, 0xffff, 0xffff, 0xffff, 0xffff, 0xffff, 0xffff, 0xffff, 0xffff, 0xffff, 0xffff, 0xffff, 0xffff, 0xffff,
    0xffff, 0xffff, 0xffff, 0xffff, 0xffff, 0xffff, 0xffff, 0xffff, 0xffff, 0xffff, 0xffff, 0xffff, 0xffff, 0xffff, 0xffff, 0xffff,
    0xffff, 0xffff, 0xffff, 0xffff, 0xffff, 0xffff, 0xffff, 0xffff, 0xffff, 0xffff, 0xffff, 0xffff, 0xffff, 0xffff, 0xffff, 0xffff,
    0xffff, 0xffff, 0xffff, 0xffff, 0xffff, 0xffff, 0xffff, 0xffff, 0xffff, 0xffff, 0xffff, 0xffff, 0xffff, 0xffff, 0xffff, 0xffff,
    0xffff, 0xffff, 0xffff, 0xffff, 0xffff, 0xffff, 0xffff, 0xffff, 0xffff, 0xffff, 0xffff, 0xffff, 0xffff, 0xffff, 0xff20, 0xff20,
    0xff20, 0xff20, 0xff20, 0xff20, 0xff20, 0xff20, 0xff20, 0xff20, 0xff20, 0xff20, 0xff20, 0xff20, 0xff20, 0xffff, 0xffff, 0xffff,
    0xffff, 0xffff, 0xffff, 0xffff, 0x07f6, 0x07f6, 0x07f6, 0x07f6, 0x07f6, 0x07f6, 0x07f6, 0x07f6, 0x0000, 0x0000, 0x0000, 0x0000,
    0x0000, 0x0000, 0x0000, 0x0fb6, 0x0fb6, 0x0fb6, 0x0fb6, 0x0fb6, 0x0fb6, 0x0fb6, 0x0fb6, 0xffff, 0xffff, 0xffff, 0xffff, 0xffff,
    0xffff, 0xffff, 0xffff, 0xffff, 0xffff, 0xffff, 0xffff, 0xffff, 0xffff, 0xffff, 0xffff, 0xffff, 0xffff, 0xffff, 0xffff, 0xffff,
    0xffff, 0xffff, 0xffff, 0xffff, 0xffff, 0xffff, 0xffff, 0xffff, 0xffff, 0x0000, 0x0000, 0x0000, 0x0000, 0x0000, 0x0000, 0x0000,
    0x080a, 0x080a, 0x080a, 0x080a, 0x080a, 0x080a, 0x080a, 0x080a, 0x080a, 0x080a, 0x080a, 0x080a, 0x080a, 0x080a, 0x080a, 0x080a,
    0x080a, 0x080a, 0x080a, 0x080a, 0x080a, 0x080a, 0x080a, 0x0000, 0x0000, 0x0000, 0x0000, 0x0000, 0x0000, 0x0000, 0x0000, 0x0000,
    0x0000, 0x0000, 0x0000, 0x0000, 0x0000, 0x0000, 0x0000, 0x0000, 0x0000, 0x0000, 0x0000, 0x0000, 0x0000, 0x0000, 0x0000, 0x0000,
    0x0000, 0x0000, 0x0000, 0x0000, 0x0000, 0xffff, 0xffff, 0xffff, 0xffff, 0xffff, 0xffff, 0xffff, 0xffff, 0xffff, 0xffff, 0xffff,
    0xffff, 0xffff, 0xffff, 0xffff, 0xffff, 0xffff, 0xffff, 0xffff, 0xffff, 0xffff, 0xffff, 0xffff, 0xffff, 0xffff, 0xffff, 0xffff,
    0xffff, 0xffff, 0xffff, 0xffff, 0xffff, 0xffff, 0xffff, 0xffff, 0xffff, 0xffff, 0xffff, 0xffff, 0xffff, 0xffff, 0xffff, 0xffff,
    0xffff, 0xffff, 0xffff, 0xffff, 0xffff, 0xffff, 0xffff, 0xffff, 0xffff, 0xffff, 0xffff, 0xffff, 0xffff, 0xffff, 0xffff, 0xffff,
    0xffff, 0xffff, 0xffff, 0xffff, 0xffff, 0xffff, 0xffff, 0xffff, 0xffff, 0xffff, 0xffff, 0xffff, 0xffff, 0xffff, 0xffff, 0xffff,
    0xffff, 0xffff, 0xffff, 0xffff, 0xffff, 0xffff, 0xffff, 0xffff, 0xffff, 0xffff, 0xffff, 0xffff, 0xffff, 0xffff, 0xffff, 0xffff,
    0xffff, 0xffff, 0xffff, 0xffff, 0xffff, 0xffff, 0xffff, 0xffff, 0xffff, 0xffff, 0xffff, 0xffff, 0xffff, 0xffff, 0xff20, 0xff20,
    0xff20, 0xff20, 0xff20, 0xff20, 0xff20, 0xff20, 0xff20, 0xff20, 0xff20, 0xff20, 0xff20, 0xff20, 0xff20, 0xffff, 0xffff, 0xffff,
    0xffff, 0xffff, 0xffff, 0xffff, 0x07f6, 0x07f6, 0x07f6, 0x07f6, 0x07f6, 0x07f6, 0x07f6, 0x07f6, 0x0000, 0x0000, 0x0000, 0x0000,
    0x0000, 0x0000, 0x0000, 0x0fb6, 0x0fb6, 0x0fb6, 0x0fb6, 0x0fb6, 0x0fb6, 0x0fb6, 0x0fb6, 0xffff, 0xffff, 0xffff, 0xffff, 0xffff,
    0xffff, 0xffff, 0xffff, 0xffff, 0xffff, 0xffff, 0xffff, 0xffff, 0xffff, 0xffff, 0xffff, 0xffff, 0xffff, 0xffff, 0xffff, 0xffff,
    0xffff, 0xffff, 0xffff, 0xffff, 0xffff, 0xffff, 0xffff, 0xffff, 0xffff, 0x0000, 0x0000, 0x0000, 0x0000, 0x0000, 0x0000, 0x0000,
    0x080a, 0x080a, 0x080a, 0x080a, 0x080a, 0x080a, 0x080a, 0x080a, 0x080a, 0x080a, 0x080a, 0x080a, 0x080a, 0x080a, 0x080a, 0x080a,
    0x080a, 0x080a, 0x080a, 0x080a, 0x080a, 0x080a, 0x080a, 0x0000, 0x0000, 0x0000, 0x0000, 0x0000, 0x0000, 0x0000, 0x0000, 0x0000,
    0x0000, 0x0000, 0x0000, 0x0000, 0x0000, 0x0000, 0x0000, 0x0000, 0x0000, 0x0000, 0x0000, 0x0000, 0x0000, 0x0000, 0x0000, 0x0000,
    0x0000, 0x0000, 0x0000, 0x0000, 0x0000, 0xffff, 0xffff, 0xffff, 0xffff, 0xffff, 0xffff, 0xffff, 0xffff, 0xffff, 0xffff, 0xffff,
    0xffff, 0xffff, 0xffff, 0xffff, 0xffff, 0xffff, 0xffff, 0xffff, 0xffff, 0xffff, 0xffff, 0xffff, 0xffff, 0xffff, 0xffff, 0xffff,
    0xffff, 0xffff, 0xffff, 0xffff, 0xffff, 0xffff, 0xffff, 0xffff, 0xffff, 0xffff, 0xffff, 0xffff, 0xffff, 0xffff, 0xffff, 0xffff,
    0xffff, 0xffff, 0xffff, 0xffff, 0xffff, 0xffff, 0xffff, 0xffff, 0xffff, 0xffff, 0xffff, 0xffff, 0xffff, 0xffff, 0xffff, 0xffff,
    0xffff, 0xffff, 0xffff, 0xffff, 0xffff, 0xffff, 0xffff, 0xffff, 0xffff, 0xffff, 0xffff, 0xffff, 0xffff, 0xffff, 0xffff, 0xffff,
    0xffff, 0xffff, 0xffff, 0xffff, 0xffff, 0xffff, 0xffff, 0xffff, 0xffff, 0xffff, 0xffff, 0xffff, 0xffff, 0xffff, 0xffff, 0xffff,
    0xffff, 0xffff, 0xffff, 0xffff, 0xffff, 0xffff, 0xffff, 0xffff, 0xffff, 0xffff, 0xffff, 0xffff, 0xffff, 0xffff, 0xff20, 0xff20,
    0xff20, 0xff20, 0xff20, 0xff20, 0xff20, 0xff20, 0xff20, 0xff20, 0xff20, 0xff20, 0xff20, 0xff20, 0xff20, 0xffff, 0xffff, 0xffff,
    0xffff, 0xffff, 0xffff, 0xffff, 0x07f6, 0x07f6, 0x07f6, 0x07f6, 0x07f6, 0x07f6, 0x07f6, 0x07f6, 0x0000, 0x0000, 0x0000, 0x0000,
    0x0000, 0x0000, 0x0000, 0x0fb6, 0x0fb6, 0x0fb6, 0x0fb6, 0x0fb6, 0x0fb6, 0x0fb6, 0x0fb6, 0xffff, 0xffff, 0xffff, 0xffff, 0xffff,
    0xffff, 0xffff, 0xffff, 0xffff, 0xffff, 0xffff, 0xffff, 0xffff, 0xffff, 0xffff, 0xffff, 0xffff, 0xffff, 0xffff, 0xffff, 0xffff,
    0xffff, 0xffff, 0xffff, 0xffff, 0xffff, 0xffff, 0xffff, 0xffff, 0xffff, 0x0000, 0x0000, 0x0000, 0x0000, 0x0000, 0x0000, 0x0000,
    0x080a, 0x080a, 0x080a, 0x080a, 0x080a, 0x080a, 0x080a, 0x080a, 0x080a, 0x080a, 0x080a, 0x080a, 0x080a, 0x080a, 0x080a, 0x080a,
    0x080a, 0x080a, 0x080a, 0x080a, 0x080a, 0x080a, 0x080a, 0x0000, 0x0000, 0x0000, 0x0000, 0x0000, 0x0000, 0x0000, 0x0000, 0x0000,
    0x0000, 0x0000, 0x0000, 0x0000, 0x0000, 0x0000, 0x0000, 0x0000, 0x0000, 0x0000, 0x0000, 0x0000, 0x0000, 0x0000, 0x0000, 0x0000,
    0x0000, 0x0000, 0x0000, 0x0000, 0x0000, 0xffff, 0xffff, 0xffff, 0xffff, 0xffff, 0xffff, 0xffff, 0xffff, 0xffff, 0xffff, 0xffff,
    0xffff, 0xffff, 0xffff, 0xffff, 0xffff, 0xffff, 0xffff, 0xffff, 0xffff, 0xffff, 0xffff, 0xffff, 0xffff, 0xffff, 0xffff, 0xffff,
    0xffff, 0xffff, 0xffff, 0xffff, 0xffff, 0xffff, 0xffff, 0xffff, 0xffff, 0xffff, 0xffff, 0xffff, 0xffff, 0xffff, 0xffff, 0xffff,
    0xffff, 0xffff, 0xffff, 0xffff, 0xffff, 0xffff, 0xffff, 0xffff, 0xffff, 0xffff, 0xffff, 0xffff, 0xffff, 0xffff, 0xffff, 0xffff,
    0xffff, 0xffff, 0xffff, 0xffff, 0xffff, 0xffff, 0xffff, 0xffff, 0xffff, 0xffff, 0xffff, 0xffff, 0xffff, 0xffff, 0xffff, 0xffff,
    0xffff, 0xffff, 0xffff, 0xffff, 0xffff, 0xffff, 0xffff, 0xffff, 0xffff, 0xffff, 0xffff, 0xffff, 0xffff, 0xffff, 0xffff, 0xffff,
    0xffff, 0xffff, 0xffff, 0xffff, 0xffff, 0xffff, 0xffff, 0xffff, 0xffff, 0xffff, 0xffff, 0xffff, 0xffff, 0xffff, 0xff20, 0xff20,
    0xff20, 0xff20, 0xff20, 0xff20, 0xff20, 0xff20, 0xff20, 0xff20, 0xff20, 0xff20, 0xff20, 0xff20, 0xff20, 0xffff, 0xffff, 0xffff,
    0xffff, 0xffff, 0xffff, 0xffff, 0x07f6, 0x07f6, 0x07f6, 0x07f6, 0x07f6, 0x07f6, 0x07f6, 0x07f6, 0x0000, 0x0000, 0x0000, 0x0000,
    0x0000, 0x0000, 0x0000, 0x0fb6, 0x0fb6, 0x0fb6, 0x0fb6, 0x0fb6, 0x0fb6, 0x0fb6, 0x0fb6, 0xffff, 0xffff, 0xffff, 0xffff, 0xffff,
    0xffff, 0xffff, 0xffff, 0xffff, 0xffff, 0xffff, 0xffff, 0xffff, 0xffff, 0xffff, 0xffff, 0xffff, 0xffff, 0xffff, 0xffff, 0xffff,
    0xffff, 0xffff, 0xffff, 0xffff, 0xffff, 0xffff, 0xffff, 0xffff, 0xffff, 0x0000, 0x0000, 0x0000, 0x0000, 0x0000, 0x0000, 0x0000,
    0x080a, 0x080a, 0x080a, 0x080a, 0x080a, 0x080a, 0x080a, 0x080a, 0x080a, 0x080a, 0x080a, 0x080a, 0x080a, 0x080a, 0x080a, 0x080a,
    0x080a, 0x080a, 0x080a, 0x080a, 0x080a, 0x080a, 0x080a, 0x0000, 0x0000, 0x0000, 0x0000, 0x0000, 0x0000, 0x0000, 0x0000, 0x0000,
    0x0000, 0x0000, 0x0000, 0x0000, 0x0000, 0x0000, 0x0000, 0x0000, 0x0000, 0x0000, 0x0000, 0x0000, 0x0000, 0x0000, 0x0000, 0x0000,
    0x0000, 0x0000, 0x0000, 0x0000, 0x0000, 0xffff, 0xffff, 0xffff, 0xffff, 0xffff, 0xffff, 0xffff, 0xffff, 0xffff, 0xffff, 0xffff,
    0xffff, 0xffff, 0xffff, 0xffff, 0xffff, 0xffff, 0xffff, 0xffff, 0xffff, 0xffff, 0xffff, 0xffff, 0xffff, 0xffff, 0xffff, 0xffff,
    0xffff, 0xffff, 0xffff, 0xffff, 0xffff, 0xffff, 0xffff, 0xffff, 0xffff, 0xffff, 0xffff, 0xffff, 0xffff, 0xffff, 0xffff, 0xffff,
    0xffff, 0xffff, 0xffff, 0xffff, 0xffff, 0xffff, 0xffff, 0xffff, 0xffff, 0xffff, 0xffff, 0xffff, 0xffff, 0xffff, 0xffff, 0xffff,
    0xffff, 0xffff, 0xffff, 0xffff, 0xffff, 0xffff, 0xffff, 0xffff, 0xffff, 0xffff, 0xffff, 0xffff, 0xffff, 0xffff, 0xffff, 0xffff,
    0xffff, 0xffff, 0xffff, 0xffff, 0xffff, 0xffff, 0xffff, 0xffff, 0xffff, 0xffff, 0xffff, 0xffff, 0xffff, 0xffff, 0xffff, 0xffff,
    0xffff, 0xffff, 0xffff, 0xffff, 0xffff, 0xffff, 0xffff, 0xffff, 0xffff, 0xffff, 0xffff, 0xffff, 0xffff, 0xffff, 0xff20, 0xff20,
    0xff20, 0xff20, 0xff20, 0xff20, 0xff20, 0xff20, 0xff20, 0xff20, 0xff20, 0xff20, 0xff20, 0xff20, 0xff20, 0xffff, 0xffff, 0xffff,
    0xffff, 0xffff, 0xffff, 0xffff, 0x07f6, 0x07f6, 0x07f6, 0x07f6, 0x07f6, 0x07f6, 0x07f6, 0x07f6, 0x0000, 0x0000, 0x0000, 0x0000,
    0x0000, 0x0000, 0x0000, 0x0fb6, 0x0fb6, 0x0fb6, 0x0fb6, 0x0fb6, 0x0fb6, 0x0fb6, 0x0fb6, 0xffff, 0xffff, 0xffff, 0xffff, 0xffff,
    0xffff, 0xffff, 0xffff, 0xffff, 0xffff, 0xffff, 0xffff, 0xffff, 0xffff, 0xffff, 0xffff, 0xffff, 0xffff, 0xffff, 0xffff, 0xffff,
    0xffff, 0xffff, 0xffff, 0xffff, 0xffff, 0xffff, 0xffff, 0xffff, 0xffff, 0x0000, 0x0000, 0x0000, 0x0000, 0x0000, 0x0000, 0x0000,
    0x080a, 0x080a, 0x080a, 0x080a, 0x080a, 0x080a, 0x080a, 0x080a, 0x080a, 0x080a, 0x080a, 0x080a, 0x080a, 0x080a, 0x080a, 0x080a,
    0x080a, 0x080a, 0x080a, 0x080a, 0x080a, 0x080a, 0x080a, 0x0000, 0x0000, 0x0000, 0x0000, 0x0000, 0x0000, 0x0000, 0x0000, 0x0000,
    0x0000, 0x0000, 0x0000, 0x0000, 0x0000, 0x0000, 0x0000, 0x0000, 0x0000, 0x0000, 0x0000, 0x0000, 0x0000, 0x0000, 0x0000, 0x0000,
    0x0000, 0x0000, 0x0000, 0x0000, 0x0000, 0xffff, 0xffff, 0xffff, 0xffff, 0xffff, 0xffff, 0xffff, 0xffff, 0xffff, 0xffff, 0xffff,
    0xffff, 0xffff, 0xffff, 0xffff, 0xffff, 0xffff, 0xffff, 0xffff, 0xffff, 0xffff, 0xffff, 0xffff, 0xffff, 0xffff, 0xffff, 0xffff,
    0xffff, 0xffff, 0xffff, 0xffff, 0xffff, 0xffff, 0xffff, 0xffff, 0xffff, 0xffff, 0xffff, 0xffff, 0xffff, 0xffff, 0xffff, 0xffff,
    0xffff, 0xffff, 0xffff, 0xffff, 0xffff, 0xffff, 0xffff, 0xffff, 0xffff, 0xffff, 0xffff, 0xffff, 0xffff, 0xffff, 0xffff, 0xffff,
    0xffff, 0xffff, 0xffff, 0xffff, 0xffff, 0xffff, 0xffff, 0xffff, 0xffff, 0xffff, 0xffff, 0xffff, 0xffff, 0xffff, 0xffff, 0xffff,
    0xffff, 0xffff, 0xffff, 0xffff, 0xffff, 0xffff, 0xffff, 0xffff, 0xffff, 0xffff, 0xffff, 0xff20, 0xff20, 0xffff, 0xffff, 0xffff,
    0xffff, 0xffff, 0xffff, 0xffff, 0xffff, 0xffff, 0xffff, 0xffff, 0xffff, 0xffff, 0xffff, 0xffff, 0xffff, 0xffff, 0xff20, 0xff20,
    0xff20, 0xff20, 0xff20, 0xff20, 0xff20, 0xff20, 0xff20, 0xff20, 0xff20, 0xff20, 0xff20, 0xff20, 0xff20, 0xffff, 0xffff, 0xffff,
    0xffff, 0xffff, 0xffff, 0xffff, 0x07f6, 0x07f6, 0x07f6, 0x07f6, 0x07f6, 0x07f6, 0x07f6, 0x07f6, 0x0000, 0x0000, 0x0000, 0x0000,
    0x0000, 0x0000, 0x0000, 0x0fb6, 0x0fb6, 0x0fb6, 0x0fb6, 0x0fb6, 0x0fb6, 0x0fb6, 0x0fb6, 0xffff, 0xffff, 0xffff, 0xffff, 0xffff,
    0xffff, 0xffff, 0xffff, 0xffff, 0xffff, 0xffff, 0xffff, 0xffff, 0xffff, 0xffff, 0xffff, 0xffff, 0xffff, 0xffff, 0xffff, 0xffff,
    0xffff, 0xffff, 0xffff, 0xffff, 0xffff, 0xffff, 0xffff, 0xffff, 0xffff, 0x0000, 0x0000, 0x0000, 0x0000, 0x0000, 0x0000, 0x0000,
    0x080a, 0x080a, 0x080a, 0x080a, 0x080a, 0x080a, 0x080a, 0x080a, 0x080a, 0x080a, 0x080a, 0x080a, 0x080a, 0x080a, 0x080a, 0x080a,
    0x080a, 0x080a, 0x080a, 0x080a, 0x080a, 0x080a, 0x080a, 0x0000, 0x0000, 0x0000, 0x0000, 0x0000, 0x0000, 0x0000, 0x0000, 0x0000,
    0x0000, 0x0000, 0x0000, 0x0000, 0x0000, 0x0000, 0x0000, 0x0000, 0x0000, 0x0000, 0x0000, 0x0000, 0x0000, 0x0000, 0x0000, 0x0000,
    0x0000, 0x0000, 0x0000, 0x0000, 0x0000, 0xffff, 0xffff, 0xffff, 0xffff, 0xffff, 0xffff, 0xffff, 0xffff, 0xffff, 0xffff, 0xffff,
    0xffff, 0xffff, 0xffff, 0xffff, 0xffff, 0xffff, 0xffff, 0xffff, 0xffff, 0xffff, 0xffff, 0xffff, 0xffff, 0xffff, 0xffff, 0xffff,
    0xffff, 0xffff, 0xffff, 0xffff, 0xffff, 0xffff, 0xffff, 0xffff, 0xffff, 0xffff, 0xffff, 0xffff, 0xffff, 0xffff, 0xffff, 0xffff,
    0xffff, 0xffff, 0xffff, 0xffff, 0xffff, 0xffff, 0xffff, 0xffff, 0xffff, 0xffff, 0xffff, 0xffff, 0xffff, 0xffff, 0xffff, 0xffff,
    0xffff, 0xffff, 0xffff, 0xffff, 0xffff, 0xffff, 0xffff, 0xffff, 0xffff, 0xffff, 0xffff, 0xffff, 0xffff, 0xffff, 0xffff, 0xffff,
    0xffff, 0xffff, 0xffff, 0xffff, 0xffff, 0xffff, 0xffff, 0xffff, 0xffff, 0xffff, 0xff20, 0xff20, 0xff20, 0xffff, 0xffff, 0xffff,
    0xffff, 0xffff, 0xffff, 0xffff, 0xffff, 0xffff, 0xffff, 0xffff, 0xffff, 0xffff, 0xffff, 0xffff, 0xffff, 0xffff, 0xff20, 0xff20,
    0xff20, 0xff20, 0xff20, 0xff20, 0xff20, 0xff20, 0xff20, 0xff20, 0xff20, 0xff20, 0xff20, 0xff20, 0xff20, 0xffff, 0xffff, 0xffff,
    0xffff, 0xffff, 0xffff, 0xffff, 0x07f6, 0x07f6, 0x07f6, 0x07f6, 0x07f6, 0x07f6, 0x07f6, 0x07f6, 0x0000, 0x0000, 0x0000, 0x0000,
    0x0000, 0x0000, 0x0000, 0x0fb6, 0x0fb6, 0x0fb6, 0x0fb6, 0x0fb6, 0x0fb6, 0x0fb6, 0x0fb6, 0xffff, 0xffff, 0xffff, 0xffff, 0xffff,
    0xffff, 0xffff, 0xffff, 0xffff, 0xffff, 0xffff, 0xffff, 0xffff, 0xffff, 0xffff, 0xffff, 0xffff, 0xffff, 0xffff, 0xffff, 0xffff,
    0xffff, 0xffff, 0xffff, 0xffff, 0xffff, 0xffff, 0xffff, 0xffff, 0xffff, 0x0000, 0x0000, 0x0000, 0x0000, 0x0000, 0x0000, 0x0000,
    0x080a, 0x080a, 0x080a, 0x080a, 0x080a, 0x080a, 0x080a, 0x080a, 0x080a, 0x080a, 0x080a, 0x080a, 0x080a, 0x080a, 0x080a, 0x080a,
    0x080a, 0x080a, 0x080a, 0x080a, 0x080a, 0x080a, 0x080a, 0x0000, 0x0000, 0x0000, 0x0000, 0x0000, 0x0000, 0x0000, 0x0000, 0x0000,
    0x0000, 0x0000, 0x0000, 0x0000, 0x0000, 0x0000, 0x0000, 0x0000, 0x0000, 0x0000, 0x0000, 0x0000, 0x0000, 0x0000, 0x0000, 0x0000,
    0x0000, 0x0000, 0x0000, 0x0000, 0x0000, 0xffff, 0xffff, 0xffff, 0xffff, 0xffff, 0xffff, 0xffff, 0xffff, 0xffff, 0xffff, 0xffff,
    0xffff, 0xffff, 0xffff, 0xffff, 0xffff, 0xffff, 0xffff, 0xffff, 0xffff, 0xffff, 0xffff, 0xffff, 0xffff, 0xffff, 0xffff, 0xffff,
    0xffff, 0xffff, 0xffff, 0xffff, 0xffff, 0xffff, 0xffff, 0xffff, 0xffff, 0xffff, 0xffff, 0xffff, 0xffff, 0xffff, 0xffff, 0xffff,
    0xffff, 0xffff, 0xffff, 0xffff, 0xffff, 0xffff, 0xffff, 0xffff, 0xffff, 0xffff, 0xffff, 0xffff, 0xffff, 0xffff, 0xffff, 0xffff,
    0xffff, 0xffff, 0xffff, 0xffff, 0xffff, 0xffff, 0xffff, 0xffff, 0xffff, 0xffff, 0xffff, 0xffff, 0xffff, 0xffff, 0xffff, 0xffff,
    0xffff, 0xffff, 0xffff, 0xffff, 0xffff, 0xffff, 0xffff, 0xffff, 0xff20, 0xff20, 0xff20, 0xff20, 0xff20, 0xffff, 0xffff, 0xffff,
    0xffff, 0xffff, 0xffff, 0xffff, 0xffff, 0xffff, 0xffff, 0xffff, 0xffff, 0xffff, 0xffff, 0xffff, 0xffff, 0xffff, 0xff20, 0xff20,
    0xff20, 0xff20, 0xff20, 0xff20, 0xff20, 0xff20, 0xff20, 0xff20, 0xff20, 0xff20, 0xff20, 0xff20, 0xff20, 0xffff, 0xffff, 0xffff,
    0xffff, 0xffff, 0xffff, 0xffff, 0x07f6, 0x07f6, 0x07f6, 0x07f6, 0x07f6, 0x07f6, 0x07f6, 0x07f6, 0x0000, 0x0000, 0x0000, 0x0000,
    0x0000, 0x0000, 0x0000, 0x0fb6, 0x0fb6, 0x0fb6, 0x0fb6, 0x0fb6, 0x0fb6, 0x0fb6, 0x0fb6, 0xffff, 0xffff, 0xffff, 0xffff, 0xffff,
    0xffff, 0xffff, 0xffff, 0xffff, 0xffff, 0xffff, 0xffff, 0xffff, 0xffff, 0xffff, 0xffff, 0xffff, 0xffff, 0xffff, 0xffff, 0xffff,
    0xffff, 0xffff, 0xffff, 0xffff, 0xffff, 0xffff, 0xffff, 0xffff, 0xffff, 0x0000, 0x0000, 0x0000, 0x0000, 0x0000, 0x0000, 0x0000,
    0x080a, 0x080a, 0x080a, 0x080a, 0x080a, 0x080a, 0x080a, 0x080a, 0x0000, 0x0000, 0x0000, 0x0000, 0x0000, 0x0000, 0x0000, 0x0000,
    0x0000, 0x0000, 0x0000, 0x0000, 0x0000, 0x0000, 0x0000, 0x0000, 0x0000, 0x0000, 0x0000, 0x0000, 0x0000, 0x0000, 0xffff, 0xffff,
    0xffff, 0xffff, 0xffff, 0xffff, 0xffff, 0xffff, 0xffff, 0xffff, 0xffff, 0xffff, 0xffff, 0xffff, 0xffff, 0xffff, 0xffff, 0xffff,
    0xffff, 0xffff, 0xffff, 0xffff, 0xffff, 0xffff, 0xffff, 0xffff, 0xffff, 0xffff, 0xffff, 0xffff, 0xffff, 0xffff, 0xffff, 0xffff,
    0xffff, 0xffff, 0xffff, 0xffff, 0xffff, 0xffff, 0xffff, 0xffff, 0xffff, 0xffff, 0xffff, 0xffff, 0xffff, 0xffff, 0xffff, 0xffff,
    0xffff, 0xffff, 0xffff, 0xffff, 0xffff, 0xffff, 0xffff, 0xffff, 0xffff, 0xffff, 0xffff, 0xffff, 0xffff, 0xffff, 0xffff, 0xffff,
    0xffff, 0xffff, 0xffff, 0xffff, 0xffff, 0xffff, 0xffff, 0xffff, 0xffff, 0xffff, 0xffff, 0xffff, 0xffff, 0xffff, 0xffff, 0xffff,
    0xffff, 0xffff, 0xffff, 0xffff, 0xffff, 0xffff, 0xffff, 0xffff, 0xffff, 0xffff, 0xffff, 0xffff, 0xffff, 0xffff, 0xffff, 0xffff,
    0xffff, 0xffff, 0xffff, 0xffff, 0xffff, 0xffff, 0xff20, 0xff20, 0xff20, 0xff20, 0xff20, 0xff20, 0xff20, 0xffff, 0xffff, 0xffff,
    0xffff, 0xffff, 0xffff, 0xffff, 0xffff, 0xffff, 0xffff, 0xffff, 0xffff, 0xffff, 0xffff, 0xffff, 0xffff, 0xffff, 0xffff, 0xffff,
    0xffff, 0xffff, 0xffff, 0xffff, 0xffff, 0xffff, 0xffff, 0xffff, 0xffff, 0xffff, 0xffff, 0xffff, 0xffff, 0xffff, 0xffff, 0xffff,
    0xffff, 0xffff, 0xffff, 0xffff, 0x0fb6, 0x0fb6, 0x0fb6, 0x0fb6, 0x0fb6, 0x0fb6, 0x0fb6, 0x0fb6, 0x0fb6, 0x0fb6, 0x0fb6, 0x0fb6,
    0x0fb6, 0x0fb6, 0x0fb6, 0x0fb6, 0x0fb6, 0x0fb6, 0x0fb6, 0x0fb6, 0x0fb6, 0x0fb6, 0x0fb6, 0xffff, 0xffff, 0xffff, 0xffff, 0xffff,
    0xffff, 0xffff, 0xffff, 0xffff, 0xffff, 0xffff, 0xffff, 0xffff, 0xffff, 0xffff, 0x0000, 0x0000, 0x0000, 0x0000, 0x0000, 0x0000,
    0x0000, 0x0000, 0x0000, 0x0000, 0x0000, 0x0000, 0x0000, 0x0000, 0x0000, 0x0000, 0x0000, 0x0000, 0x0000, 0x0000, 0x0000, 0x0000,
    0x080a, 0x080a, 0x080a, 0x080a, 0x080a, 0x080a, 0x080a, 0x080a, 0x0000, 0x0000, 0x0000, 0x0000, 0x0000, 0x0000, 0x0000, 0x0000,
    0x0000, 0x0000, 0x0000, 0x0000, 0x0000, 0x0000, 0x0000, 0x0000, 0x0000, 0x0000, 0x0000, 0x0000, 0x0000, 0x0000, 0xffff, 0xffff,
    0xffff, 0xffff, 0xffff, 0xffff, 0xffff, 0xffff, 0xffff, 0xffff, 0xffff, 0xffff, 0xffff, 0xffff, 0xffff, 0xffff, 0xffff, 0xffff,
    0xffff, 0xffff, 0xffff, 0xffff, 0xffff, 0xffff, 0xffff, 0xffff, 0xffff, 0xffff, 0xffff, 0xffff, 0xffff, 0xffff, 0xffff, 0xffff,
    0xffff, 0xffff, 0xffff, 0xffff, 0xffff, 0xffff, 0xffff, 0xffff, 0xffff, 0xffff, 0xffff, 0xffff, 0xffff, 0xffff, 0xffff, 0xffff,
    0xffff, 0xffff, 0xffff, 0xffff, 0xffff, 0xffff, 0xffff, 0xffff, 0xffff, 0xffff, 0xffff, 0xffff, 0xffff, 0xffff, 0xffff, 0xffff,
    0xffff, 0xffff, 0xffff, 0xffff, 0xffff, 0xffff, 0xffff, 0xffff, 0xffff, 0xffff, 0xffff, 0xffff, 0xffff, 0xffff, 0xffff, 0xffff,
    0xffff, 0xffff, 0xffff, 0xffff, 0xffff, 0xffff, 0xffff, 0xffff, 0xffff, 0xffff, 0xffff, 0xffff, 0xffff, 0xffff, 0xffff, 0xffff,
    0xffff, 0xffff, 0xffff, 0xffff, 0xffff, 0xff20, 0xff20, 0xff20, 0xff20, 0xff20, 0xff20, 0xff20, 0xff20, 0xffff, 0xffff, 0xffff,
    0xffff, 0xffff, 0xffff, 0xffff, 0xffff, 0xffff, 0xffff, 0xffff, 0xffff, 0xffff, 0xffff, 0xffff, 0xffff, 0xffff, 0xffff, 0xffff,
    0xffff, 0xffff, 0xffff, 0xffff, 0xffff, 0xffff, 0xffff, 0xffff, 0xffff, 0xffff, 0xffff, 0xffff, 0xffff, 0xffff, 0xffff, 0xffff,
    0xffff, 0xffff, 0xffff, 0xffff, 0x0fb6, 0x0fb6, 0x0fb6, 0x0fb6, 0x0fb6, 0x0fb6, 0x0fb6, 0x0fb6, 0x0fb6, 0x0fb6, 0x0fb6, 0x0fb6,
    0x0fb6, 0x0fb6, 0x0fb6, 0x0fb6, 0x0fb6, 0x0fb6, 0x0fb6, 0x0fb6, 0x0fb6, 0x0fb6, 0x0fb6, 0xffff, 0xffff, 0xffff, 0xffff, 0xffff,
    0xffff, 0xffff, 0xffff, 0xffff, 0xffff, 0xffff, 0xffff, 0xffff, 0xffff, 0xffff, 0x0000, 0x0000, 0x0000, 0x0000, 0x0000, 0x0000,
    0x0000, 0x0000, 0x0000, 0x0000, 0x0000, 0x0000, 0x0000, 0x0000, 0x0000, 0x0000, 0x0000, 0x0000, 0x0000, 0x0000, 0x0000, 0x0000,
    0x080a, 0x080a, 0x080a, 0x080a, 0x080a, 0x080a, 0x080a, 0x080a, 0x0000, 0x0000, 0x0000, 0x0000, 0x0000, 0x0000, 0x0000, 0x0000,
    0x0000, 0x0000, 0x0000, 0x0000, 0x0000, 0x0000, 0x0000, 0x0000, 0x0000, 0x0000, 0x0000, 0x0000, 0x0000, 0x0000, 0xffff, 0xffff,
    0xffff, 0xffff, 0xffff, 0xffff, 0xffff, 0xffff, 0xffff, 0xffff, 0xffff, 0xffff, 0xffff, 0xffff, 0xffff, 0xffff, 0xffff, 0xffff,
    0xffff, 0xffff, 0xffff, 0xffff, 0xffff, 0xffff, 0xffff, 0xffff, 0xffff, 0xffff, 0xffff, 0xffff, 0xffff, 0xffff, 0xffff, 0xffff,
    0xffff, 0xffff, 0xffff, 0xffff, 0xffff, 0xffff, 0xffff, 0xffff, 0xffff, 0xffff, 0xffff, 0xffff, 0xffff, 0xffff, 0xffff, 0xffff,
    0xffff, 0xffff, 0xffff, 0xffff, 0xffff, 0xffff, 0xffff, 0xffff, 0xffff, 0xffff, 0xffff, 0xffff, 0xffff, 0xffff, 0xffff, 0xffff,
    0xffff, 0xffff, 0xffff, 0xffff, 0xffff, 0xffff, 0xffff, 0xffff, 0xffff, 0xffff, 0xffff, 0xffff, 0xffff, 0xffff, 0xffff, 0xffff,
    0xffff, 0xffff, 0xffff, 0xffff, 0xffff, 0xffff, 0xffff, 0xffff, 0xffff, 0xffff, 0xffff, 0xffff, 0xffff, 0xffff, 0xffff, 0xffff,
    0xffff, 0xffff, 0xffff, 0xff20, 0xff20, 0xff20, 0xff20, 0xff20, 0xff20, 0xff20, 0xff20, 0xff20, 0xff20, 0xffff, 0xffff, 0xffff,
    0xffff, 0xffff, 0xffff, 0xffff, 0xffff, 0xffff, 0xffff, 0xffff, 0xffff, 0xffff, 0xffff, 0xffff, 0xffff, 0xffff, 0xffff, 0xffff,
    0xffff, 0xffff, 0xffff, 0xffff, 0xffff, 0xffff, 0xffff, 0xffff, 0xffff, 0xffff, 0xffff, 0xffff, 0xffff, 0xffff, 0xffff, 0xffff,
    0xffff, 0xffff, 0xffff, 0xffff, 0x0fb6, 0x0fb6, 0x0fb6, 0x0fb6, 0x0fb6, 0x0fb6, 0x0fb6, 0x0fb6, 0x0fb6, 0x0fb6, 0x0fb6, 0x0fb6,
    0x0fb6, 0x0fb6, 0x0fb6, 0x0fb6, 0x0fb6, 0x0fb6, 0x0fb6, 0x0fb6, 0x0fb6, 0x0fb6, 0x0fb6, 0xffff, 0xffff, 0xffff, 0xffff, 0xffff,
    0xffff, 0xffff, 0xffff, 0xffff, 0xffff, 0xffff, 0xffff, 0xffff, 0xffff, 0xffff, 0x0000, 0x0000, 0x0000, 0x0000, 0x0000, 0x0000,
    0x0000, 0x0000, 0x0000, 0x0000, 0x0000, 0x0000, 0x0000, 0x0000, 0x0000, 0x0000, 0x0000, 0x0000, 0x0000, 0x0000, 0x0000, 0x0000,
    0x080a, 0x080a, 0x080a, 0x080a, 0x080a, 0x080a, 0x080a, 0x080a, 0x0000, 0x0000, 0x0000, 0x0000, 0x0000, 0x0000, 0x0000, 0x0000,
    0x0000, 0x0000, 0x0000, 0x0000, 0x0000, 0x0000, 0x0000, 0x0000, 0x0000, 0x0000, 0x0000, 0x0000, 0x0000, 0x0000, 0xffff, 0xffff,
    0xffff, 0xffff, 0xffff, 0xffff, 0xffff, 0xffff, 0xffff, 0xffff, 0xffff, 0xffff, 0xffff, 0xffff, 0xffff, 0xffff, 0xffff, 0xffff,
    0xffff, 0xffff, 0xffff, 0xffff, 0xffff, 0xffff, 0xffff, 0xffff, 0xffff, 0xffff, 0xffff, 0xffff, 0xffff, 0xffff, 0xffff, 0xffff,
    0xffff, 0xffff, 0xffff, 0xffff, 0xffff, 0xffff, 0xffff, 0xffff, 0xffff, 0xffff, 0xffff, 0xffff, 0xffff, 0xffff, 0xffff, 0xffff,
    0xffff, 0xffff, 0xffff, 0xf800, 0xf800, 0xf800, 0xf800, 0xf800, 0xf800, 0xf800, 0xffff, 0xffff, 0xffff, 0xffff, 0xffff, 0xffff,
    0xffff, 0xffff, 0xffff, 0xffff, 0xffff, 0xffff, 0xffff, 0xffff, 0xffff, 0xffff, 0xffff, 0xffff, 0xffff, 0xffff, 0xffff, 0xffff,
    0xffff, 0xffff, 0xffff, 0xffff, 0xffff, 0xffff, 0xffff, 0xffff, 0xffff, 0xffff, 0xffff, 0xffff, 0xffff, 0xffff, 0xffff, 0xffff,
    0xffff, 0xffff, 0xff20, 0xff20, 0xff20, 0xff20, 0xff20, 0xff20, 0xff20, 0xff20, 0xff20, 0xff20, 0xff20, 0xffff, 0xffff, 0xffff,
    0xffff, 0xffff, 0xffff, 0xffff, 0xffff, 0xffff, 0xffff, 0xffff, 0xffff, 0xffff, 0xffff, 0xffff, 0xffff, 0xffff, 0xffff, 0xffff,
    0xffff, 0xffff, 0xffff, 0xffff, 0xffff, 0xffff, 0xffff, 0xffff, 0xffff, 0xffff, 0xffff, 0xffff, 0xffff, 0xffff, 0xffff, 0xffff,
    0xffff, 0xffff, 0xffff, 0xffff, 0x0fb6, 0x0fb6, 0x0fb6, 0x0fb6, 0x0fb6, 0x0fb6, 0x0fb6, 0x0fb6, 0x0fb6, 0x0fb6, 0x0fb6, 0x0fb6,
    0x0fb6, 0x0fb6, 0x0fb6, 0x0fb6, 0x0fb6, 0x0fb6, 0x0fb6, 0x0fb6, 0x0fb6, 0x0fb6, 0x0fb6, 0xffff, 0xffff, 0xffff, 0xffff, 0xffff,
    0xffff, 0xffff, 0xffff, 0xffff, 0xffff, 0xffff, 0xffff, 0xffff, 0xffff, 0xffff, 0x0000, 0x0000, 0x0000, 0x0000, 0x0000, 0x0000,
    0x0000, 0x0000, 0x0000, 0x0000, 0x0000, 0x0000, 0x0000, 0x0000, 0x0000, 0x0000, 0x0000, 0x0000, 0x0000, 0x0000, 0x0000, 0x0000,
    0x080a, 0x080a, 0x080a, 0x080a, 0x080a, 0x080a, 0x080a, 0x080a, 0x0000, 0x0000, 0x0000, 0x0000, 0x0000, 0x0000, 0x0000, 0x0000,
    0x0000, 0x0000, 0x0000, 0x0000, 0x0000, 0x0000, 0x0000, 0x0000, 0x0000, 0x0000, 0x0000, 0x0000, 0x0000, 0x0000, 0xffff, 0xffff,
    0xffff, 0xffff, 0xffff, 0xffff, 0xffff, 0xffff, 0xffff, 0xffff, 0xffff, 0xffff, 0xffff, 0xffff, 0xffff, 0xffff, 0xffff, 0xffff,
    0xffff, 0xffff, 0xffff, 0xffff, 0xffff, 0xffff, 0xffff, 0xffff, 0xffff, 0xffff, 0xffff, 0xffff, 0xffff, 0xffff, 0xffff, 0xffff,
    0xffff, 0xffff, 0xffff, 0xffff, 0xffff, 0xffff, 0xffff, 0xffff, 0xffff, 0xffff, 0xffff, 0xffff, 0xffff, 0xffff, 0xffff, 0xffff,
    0xffff, 0xffff, 0xffff, 0xf800, 0xf800, 0xf800, 0xf800, 0xf800, 0xf800, 0xf800, 0xffff, 0xffff, 0xffff, 0xffff, 0xffff, 0xffff,
    0xffff, 0xffff, 0xffff, 0xffff, 0xffff, 0xffff, 0xffff, 0xffff, 0xffff, 0xffff, 0xffff, 0xffff, 0xffff, 0xffff, 0xffff, 0xffff,
    0xffff, 0xffff, 0xffff, 0xffff, 0xffff, 0xffff, 0xffff, 0xffff, 0xffff, 0xffff, 0xffff, 0xffff, 0xffff, 0xffff, 0xffff, 0xffff,
    0xffff, 0xff20, 0xff20, 0xff20, 0xff20, 0xff20, 0xff20, 0xff20, 0xff20, 0xff20, 0xff20, 0xff20, 0xffff, 0xffff, 0xffff, 0xffff,
    0xffff, 0xffff, 0xffff, 0xffff, 0xffff, 0xffff, 0xffff, 0xffff, 0xffff, 0xffff, 0xffff, 0xffff, 0xffff, 0xffff, 0xffff, 0xffff,
    0xffff, 0xffff, 0xffff, 0xffff, 0xffff, 0xffff, 0xffff, 0xffff, 0xffff, 0xffff, 0xffff, 0xffff, 0xffff, 0xffff, 0xffff, 0xffff,
    0xffff, 0xffff, 0xffff, 0xffff, 0x0fb6, 0x0fb6, 0x0fb6, 0x0fb6, 0x0fb6, 0x0fb6, 0x0fb6, 0x0fb6, 0x0fb6, 0x0fb6, 0x0fb6, 0x0fb6,
    0x0fb6, 0x0fb6, 0x0fb6, 0x0fb6, 0x0fb6, 0x0fb6, 0x0fb6, 0x0fb6, 0x0fb6, 0x0fb6, 0x0fb6, 0xffff, 0xffff, 0xffff, 0xffff, 0xffff,
    0xffff, 0xffff, 0xffff, 0xffff, 0xffff, 0xffff, 0xffff, 0xffff, 0xffff, 0xffff, 0x0000, 0x0000, 0x0000, 0x0000, 0x0000, 0x0000,
    0x0000, 0x0000, 0x0000, 0x0000, 0x0000, 0x0000, 0x0000, 0x0000, 0x0000, 0x0000, 0x0000, 0x0000, 0x0000, 0x0000, 0x0000, 0x0000,
    0x080a, 0x080a, 0x080a, 0x080a, 0x080a, 0x080a, 0x080a, 0x080a, 0x0000, 0x0000, 0x0000, 0x0000, 0x0000, 0x0000, 0x0000, 0x0000,
    0x0000, 0x0000, 0x0000, 0x0000, 0x0000, 0x0000, 0x0000, 0x0000, 0x0000, 0x0000, 0x0000, 0x0000, 0x0000, 0x0000, 0xffff, 0xffff,
    0xffff, 0xffff, 0xffff, 0xffff, 0xffff, 0xffff, 0xffff, 0xffff, 0xffff, 0xffff, 0xffff, 0xffff, 0xffff, 0xffff, 0xffff, 0xffff,
    0xffff, 0xffff, 0xffff, 0xffff, 0xffff, 0xffff, 0xffff, 0xffff, 0xffff, 0xffff, 0xffff, 0xffff, 0xffff, 0xffff, 0xffff, 0xffff,
    0xffff, 0xffff, 0xffff, 0xffff, 0xffff, 0xffff, 0xffff, 0xffff, 0xffff, 0xffff, 0xffff, 0xffff, 0xffff, 0xffff, 0xffff, 0xffff,
    0xffff, 0xffff, 0xffff, 0xf800, 0xf800, 0xf800, 0xf800, 0xf800, 0xf800, 0xf800, 0xffff, 0xffff, 0xffff, 0xffff, 0xffff, 0xffff,
    0xffff, 0xffff, 0xffff, 0xffff, 0xffff, 0xffff, 0xffff, 0xffff, 0xffff, 0xffff, 0xffff, 0xffff, 0xffff, 0xffff, 0xffff, 0xffff,
    0xffff, 0xffff, 0xffff, 0xffff, 0xffff, 0xffff, 0xffff, 0xffff, 0xffff, 0xffff, 0xffff, 0xffff, 0xffff, 0xffff, 0xffff, 0xffff,
    0xff20, 0xff20, 0xff20, 0xff20, 0xff20, 0xff20, 0xff20, 0xff20, 0xff20, 0xff20, 0xffff, 0xffff, 0xffff, 0xffff, 0xffff, 0xffff,
    0xffff, 0xffff, 0xffff, 0xffff, 0xffff, 0xffff, 0xffff, 0xffff, 0xffff, 0xffff, 0xffff, 0xffff, 0xffff, 0xffff, 0xffff, 0xffff,
    0xffff, 0xffff, 0xffff, 0xffff, 0xffff, 0xffff, 0xffff, 0xffff, 0xffff, 0xffff, 0xffff, 0xffff, 0xffff, 0xffff, 0xffff, 0xffff,
    0xffff, 0xffff, 0xffff, 0xffff, 0x0fb6, 0x0fb6, 0x0fb6, 0x0fb6, 0x0fb6, 0x0fb6, 0x0fb6, 0x0fb6, 0x0fb6, 0x0fb6, 0x0fb6, 0x0fb6,
    0x0fb6, 0x0fb6, 0x0fb6, 0x0fb6, 0x0fb6, 0x0fb6, 0x0fb6, 0x0fb6, 0x0fb6, 0x0fb6, 0x0fb6, 0xffff, 0xffff, 0xffff, 0xffff, 0xffff,
    0xffff, 0xffff, 0xffff, 0xffff, 0xffff, 0xffff, 0xffff, 0xffff, 0xffff, 0xffff, 0x0000, 0x0000, 0x0000, 0x0000, 0x0000, 0x0000,
    0x0000, 0x0000, 0x0000, 0x0000, 0x0000, 0x0000, 0x0000, 0x0000, 0x0000, 0x0000, 0x0000, 0x0000, 0x0000, 0x0000, 0x0000, 0x0000,
    0x080a, 0x080a, 0x080a, 0x080a, 0x080a, 0x080a, 0x080a, 0x080a, 0x0000, 0x0000, 0x0000, 0x0000, 0x0000, 0x0000, 0x0000, 0x0000,
    0x0000, 0x0000, 0x0000, 0x0000, 0x0000, 0x0000, 0x0000, 0x0000, 0x0000, 0x0000, 0x0000, 0x0000, 0x0000, 0x0000, 0xffff, 0xffff,
    0xffff, 0xffff, 0xffff, 0xffff, 0xffff, 0xffff, 0xffff, 0xffff, 0xffff, 0xffff, 0xffff, 0xffff, 0xffff, 0xffff, 0xffff, 0xffff,
    0xffff, 0xffff, 0xffff, 0xffff, 0xffff, 0xffff, 0xffff, 0xffff, 0xffff, 0xffff, 0xffff, 0xffff, 0xffff, 0xffff, 0xffff, 0xffff,
    0xffff, 0xffff, 0xffff, 0xffff, 0xffff, 0xffff, 0xffff, 0xffff, 0xffff, 0xffff, 0xffff, 0xffff, 0xffff, 0xffff, 0xffff, 0xffff,
    0xffff, 0xffff, 0xffff, 0xf800, 0xf800, 0xf800, 0xf800, 0xf800, 0xf800, 0xf800, 0xffff, 0xffff, 0xffff, 0xffff, 0xffff, 0xffff,
    0xffff, 0xffff, 0xffff, 0xffff, 0xffff, 0xffff, 0xffff, 0xffff, 0xffff, 0xffff, 0xffff, 0xffff, 0xffff, 0xffff, 0xffff, 0xffff,
    0xffff, 0xffff, 0xffff, 0xffff, 0xffff, 0xffff, 0xffff, 0xffff, 0xffff, 0xffff, 0xffff, 0xffff, 0xffff, 0xffff, 0xffff, 0xff20,
    0xff20, 0xff20, 0xff20, 0xff20, 0xff20, 0xff20, 0xff20, 0xffff, 0xffff, 0xffff, 0xffff, 0xffff, 0xffff, 0xffff, 0xffff, 0xffff,
    0xffff, 0xffff, 0xffff, 0xffff, 0xffff, 0xffff, 0xffff, 0xffff, 0xffff, 0xffff, 0xffff, 0xffff, 0xffff, 0xffff, 0xffff, 0xffff,
    0xffff, 0xffff, 0xffff, 0xffff, 0xffff, 0xffff, 0xffff, 0xffff, 0xffff, 0xffff, 0xffff, 0xffff, 0xffff, 0xffff, 0xffff, 0xffff,
    0xffff, 0xffff, 0xffff, 0xffff, 0x0fb6, 0x0fb6, 0x0fb6, 0x0fb6, 0x0fb6, 0x0fb6, 0x0fb6, 0x0fb6, 0x0fb6, 0x0fb6, 0x0fb6, 0x0fb6,
    0x0fb6, 0x0fb6, 0x0fb6, 0x0fb6, 0x0fb6, 0x0fb6, 0x0fb6, 0x0fb6, 0x0fb6, 0x0fb6, 0x0fb6, 0xffff, 0xffff, 0xffff, 0xffff, 0xffff,
    0xffff, 0xffff, 0xffff, 0xffff, 0xffff, 0xffff, 0xffff, 0xffff, 0xffff, 0xffff, 0x0000, 0x0000, 0x0000, 0x0000, 0x0000, 0x0000,
    0x0000, 0x0000, 0x0000, 0x0000, 0x0000, 0x0000, 0x0000, 0x0000, 0x0000, 0x0000, 0x0000, 0x0000, 0x0000, 0x0000, 0x0000, 0x0000,
    0x0000, 0x0000, 0x0000, 0x0000, 0x0000, 0x0000, 0x0000, 0x0000, 0x0000, 0x0000, 0x0000, 0x0000, 0x0000, 0x0000, 0x0000, 0xffff,
    0xffff, 0xffff, 0xffff, 0xffff, 0xffff, 0xffff, 0xffff, 0xffff, 0xffff, 0xffff, 0xffff, 0xffff, 0xffff, 0xffff, 0xffff, 0xffff,
    0xffff, 0xffff, 0xffff, 0xffff, 0xffff, 0xffff, 0xffff, 0xffff, 0xffff, 0xffff, 0xffff, 0xffff, 0xffff, 0xffff, 0xffff, 0xffff,
    0xffff, 0xffff, 0xffff, 0xffff, 0xffff, 0xffff, 0xffff, 0xffff, 0xffff, 0xffff, 0xffff, 0xffff, 0xffff, 0xffff, 0xffff, 0xffff,
    0xffff, 0xffff, 0xffff, 0xffff, 0xffff, 0xffff, 0xffff, 0xffff, 0xffff, 0xffff, 0xffff, 0xffff, 0xffff, 0xffff, 0xffff, 0xf800,
    0xf800, 0xf800, 0xf800, 0xf800, 0xf800, 0xf800, 0xffff, 0xffff, 0xffff, 0xffff, 0xf800, 0xf800, 0xf800, 0xf800, 0xffff, 0xffff,
    0xffff, 0xffff, 0xffff, 0xffff, 0xffff, 0xffff, 0xffff, 0xffff, 0xffff, 0xffff, 0xffff, 0xffff, 0xffff, 0xffff, 0xffff, 0xffff,
    0xffff, 0xffff, 0xffff, 0xffff, 0xffff, 0xffff, 0xffff, 0xffff, 0xffff, 0xffff, 0xffff, 0xffff, 0xffff, 0xff20, 0xff20, 0xff20,
    0xff20, 0xff20, 0xff20, 0xff20, 0xff20, 0xff20, 0xffff, 0xffff, 0xffff, 0xffff, 0xffff, 0xffff, 0xffff, 0xffff, 0xffff, 0xffff,
    0xffff, 0xffff, 0xffff, 0xffff, 0xffff, 0xffff, 0xffff, 0xffff, 0xffff, 0xffff, 0xffff, 0xffff, 0xffff, 0xffff, 0xffff, 0xffff,
    0xffff, 0xffff, 0xffff, 0xffff, 0xffff, 0xffff, 0xffff, 0xffff, 0xffff, 0xffff, 0xffff, 0xffff, 0xffff, 0xffff, 0xffff, 0xffff,
    0xffff, 0xffff, 0xffff, 0xffff, 0xffff, 0xffff, 0xffff, 0xffff, 0xffff, 0xffff, 0xffff, 0xffff, 0xffff, 0xffff, 0xffff, 0xffff,
    0xffff, 0xffff, 0xffff, 0xffff, 0xffff, 0xffff, 0xffff, 0xffff, 0xffff, 0xffff, 0xffff, 0x0000, 0x0000, 0x0000, 0x0000, 0x0000,
    0x0000, 0x0000, 0x0000, 0x0000, 0x0000, 0x0000, 0x0000, 0x0000, 0x0000, 0x0000, 0x0000, 0x0000, 0x0000, 0x0000, 0x0000, 0x0000,
    0x0000, 0x080a, 0x080a, 0x080a, 0x080a, 0x080a, 0x080a, 0x080a, 0x080a, 0x080a, 0x080a, 0x080a, 0x080a, 0x080a, 0x080a, 0x080a,
    0x0000, 0x0000, 0x0000, 0x0000, 0x0000, 0x0000, 0x0000, 0x0000, 0x0000, 0x0000, 0x0000, 0x0000, 0x0000, 0x0000, 0x0000, 0xffff,
    0xffff, 0xffff, 0xffff, 0xffff, 0xffff, 0xffff, 0xffff, 0xffff, 0xffff, 0xffff, 0xffff, 0xffff, 0xffff, 0xffff, 0xffff, 0xffff,
    0xffff, 0xffff, 0xffff, 0xffff, 0xffff, 0xffff, 0xffff, 0xffff, 0xffff, 0xffff, 0xffff, 0xffff, 0xffff, 0xffff, 0xffff, 0xffff,
    0xffff, 0xffff, 0xffff, 0xffff, 0xffff, 0xffff, 0xffff, 0xffff, 0xffff, 0xffff, 0xffff, 0xffff, 0xffff, 0xffff, 0xffff, 0xffff,
    0xffff, 0xffff, 0xffff, 0xffff, 0xffff, 0xffff, 0xffff, 0xffff, 0xffff, 0xffff, 0xffff, 0xffff, 0xffff, 0xffff, 0xffff, 0xf800,
    0xf800, 0xf800, 0xf800, 0xf800, 0xf800, 0xf800, 0xffff, 0xffff, 0xffff, 0xffff, 0xf800, 0xf800, 0xf800, 0xf800, 0xffff, 0xffff,
    0xffff, 0xffff, 0xffff, 0xffff, 0xffff, 0xffff, 0xffff, 0xffff, 0xffff, 0xffff, 0xffff, 0xffff, 0xffff, 0xffff, 0xffff, 0xffff,
    0xffff, 0xffff, 0xffff, 0xffff, 0xffff, 0xffff, 0xffff, 0xffff, 0xffff, 0xffff, 0xffff, 0xffff, 0xff20, 0xff20, 0xff20, 0xff20,
    0xff20, 0xff20, 0xff20, 0xff20, 0xff20, 0xffff, 0xffff, 0xffff, 0xffff, 0xffff, 0xffff, 0xffff, 0xffff, 0xffff, 0xffff, 0xffff,
    0xffff, 0xffff, 0xffff, 0xffff, 0xffff, 0xffff, 0xffff, 0xffff, 0xffff, 0xffff, 0xffff, 0xffff, 0xffff, 0xffff, 0xffff, 0xffff,
    0xffff, 0xffff, 0xffff, 0xffff, 0xffff, 0xffff, 0xffff, 0xffff, 0xffff, 0xffff, 0xffff, 0xffff, 0xffff, 0xffff, 0xffff, 0xffff,
    0xffff, 0xffff, 0xffff, 0xffff, 0xffff, 0xffff, 0xffff, 0xffff, 0xffff, 0xffff, 0xffff, 0xffff, 0xffff, 0xffff, 0xffff, 0xffff,
    0xffff, 0xffff, 0xffff, 0xffff, 0xffff, 0xffff, 0xffff, 0xffff, 0xffff, 0xffff, 0xffff, 0x0000, 0x0000, 0x0000, 0x0000, 0x0000,
    0x0000, 0x0000, 0x0000, 0x0000, 0x0000, 0x0000, 0x0000, 0x0000, 0x0000, 0x0000, 0x0000, 0x0000, 0x0000, 0x0000, 0x0000, 0x0000,
    0x0000, 0x080a, 0x080a, 0x080a, 0x080a, 0x080a, 0x080a, 0x080a, 0x080a, 0x080a, 0x080a, 0x080a, 0x080a, 0x080a, 0x080a, 0x080a,
    0x0000, 0x0000, 0x0000, 0x0000, 0x0000, 0x0000, 0x0000, 0x0000, 0x0000, 0x0000, 0x0000, 0x0000, 0x0000, 0x0000, 0x0000, 0xffff,
    0xffff, 0xffff, 0xffff, 0xffff, 0xffff, 0xffff, 0xffff, 0xffff, 0xffff, 0xffff, 0xffff, 0xffff, 0xffff, 0xffff, 0xffff, 0xffff,
    0xffff, 0xffff, 0xffff, 0xffff, 0xffff, 0xffff, 0xffff, 0xffff, 0xffff, 0xffff, 0xffff, 0xffff, 0xffff, 0xffff, 0xffff, 0xffff,
    0xffff, 0xffff, 0xffff, 0xffff, 0xffff, 0xffff, 0xffff, 0xffff, 0xffff, 0xffff, 0xffff, 0xffff, 0xffff, 0xffff, 0xffff, 0xffff,
    0xffff, 0xffff, 0xffff, 0xffff, 0xffff, 0xffff, 0xffff, 0xffff, 0xffff, 0xffff, 0xffff, 0xffff, 0xffff, 0xffff, 0xffff, 0xf800,
    0xf800, 0xf800, 0xf800, 0xf800, 0xf800, 0xf800, 0xffff, 0xffff, 0xffff, 0xffff, 0xf800, 0xf800, 0xf800, 0xf800, 0xffff, 0xffff,
    0xffff, 0xffff, 0xffff, 0xffff, 0xffff, 0xffff, 0xffff, 0xffff, 0xffff, 0xffff, 0xffff, 0xffff, 0xffff, 0xffff, 0xffff, 0xffff,
    0xffff, 0xffff, 0xffff, 0xffff, 0xffff, 0xffff, 0xffff, 0xffff, 0xffff, 0xffff, 0xffff, 0xff20, 0xff20, 0xff20, 0xff20, 0xff20,
    0xff20, 0xff20, 0xff20, 0xffff, 0xffff, 0xffff, 0xffff, 0xffff, 0xffff, 0xffff, 0xffff, 0xffff, 0xffff, 0xffff, 0xffff, 0xffff,
    0xffff, 0xffff, 0xffff, 0xffff, 0xffff, 0xffff, 0xffff, 0xffff, 0xffff, 0xffff, 0xffff, 0xffff, 0xffff, 0xffff, 0xffff, 0xffff,
    0xffff, 0xffff, 0xffff, 0xffff, 0xffff, 0xffff, 0xffff, 0xffff, 0xffff, 0xffff, 0xffff, 0xffff, 0xffff, 0xffff, 0xffff, 0xffff,
    0xffff, 0xffff, 0xffff, 0xffff, 0xffff, 0xffff, 0xffff, 0xffff, 0xffff, 0xffff, 0xffff, 0xffff, 0xffff, 0xffff, 0xffff, 0xffff,
    0xffff, 0xffff, 0xffff, 0xffff, 0xffff, 0xffff, 0xffff, 0xffff, 0xffff, 0xffff, 0xffff, 0x0000, 0x0000, 0x0000, 0x0000, 0x0000,
    0x0000, 0x0000, 0x0000, 0x0000, 0x0000, 0x0000, 0x0000, 0x0000, 0x0000, 0x0000, 0x0000, 0x0000, 0x0000, 0x0000, 0x0000, 0x0000,
    0x0000, 0x080a, 0x080a, 0x080a, 0x080a, 0x080a, 0x080a, 0x080a, 0x080a, 0x080a, 0x080a, 0x080a, 0x080a, 0x080a, 0x080a, 0x080a,
    0x0000, 0x0000, 0x0000, 0x0000, 0x0000, 0x0000, 0x0000, 0x0000, 0x0000, 0x0000, 0x0000, 0x0000, 0x0000, 0x0000, 0x0000, 0xffff,
    0xffff, 0xffff, 0xffff, 0xffff, 0xffff, 0xffff, 0xffff, 0xffff, 0xffff, 0xffff, 0xffff, 0xffff, 0xffff, 0xffff, 0xffff, 0xffff,
    0xffff, 0xffff, 0xffff, 0xffff, 0xffff, 0xffff, 0xffff, 0xffff, 0xffff, 0xffff, 0xffff, 0xffff, 0xffff, 0xffff, 0xffff, 0xffff,
    0xffff, 0xffff, 0xffff, 0xffff, 0xffff, 0xffff, 0xffff, 0xffff, 0xffff, 0xffff, 0xffff, 0xffff, 0xffff, 0xffff, 0xffff, 0xffff,
    0xffff, 0xffff, 0xffff, 0xffff, 0xffff, 0xffff, 0xffff, 0xffff, 0xffff, 0xffff, 0xffff, 0xffff, 0xffff, 0xffff, 0xffff, 0xf800,
    0xf800, 0xf800, 0xf800, 0xf800, 0xf800, 0xf800, 0xffff, 0xffff, 0xffff, 0xffff, 0xf800, 0xf800, 0xf800, 0xf800, 0xffff, 0xffff,
    0xffff, 0xffff, 0xffff, 0xffff, 0xffff, 0xffff, 0xffff, 0xffff, 0xffff, 0xffff, 0xffff, 0xffff, 0xffff, 0xffff, 0xffff, 0xffff,
    0xffff, 0xffff, 0xffff, 0xffff, 0xffff, 0xffff, 0xffff, 0xffff, 0xffff, 0xff20, 0xff20, 0xff20, 0xff20, 0xffff, 0xff20, 0xff20,
    0xff20, 0xff20, 0xffff, 0xffff, 0xffff, 0xffff, 0xffff, 0xffff, 0xffff, 0xffff, 0xffff, 0xffff, 0xffff, 0xffff, 0xffff, 0xffff,
    0xffff, 0xffff, 0xffff, 0xffff, 0xffff, 0xffff, 0xffff, 0xffff, 0xffff, 0xffff, 0xffff, 0xffff, 0xffff, 0xffff, 0xffff, 0xffff,
    0xffff, 0xffff, 0xffff, 0xffff, 0xffff, 0xffff, 0xffff, 0xffff, 0xffff, 0xffff, 0xffff, 0xffff, 0xffff, 0xffff, 0xffff, 0xffff,
    0xffff, 0xffff, 0xffff, 0xffff, 0xffff, 0xffff, 0xffff, 0xffff, 0xffff, 0xffff, 0xffff, 0xffff, 0xffff, 0xffff, 0xffff, 0xffff,
    0xffff, 0xffff, 0xffff, 0xffff, 0xffff, 0xffff, 0xffff, 0xffff, 0xffff, 0xffff, 0xffff, 0x0000, 0x0000, 0x0000, 0x0000, 0x0000,
    0x0000, 0x0000, 0x0000, 0x0000, 0x0000, 0x0000, 0x0000, 0x0000, 0x0000, 0x0000, 0x0000, 0x0000, 0x0000, 0x0000, 0x0000, 0x0000,
    0x0000, 0x080a, 0x080a, 0x080a, 0x080a, 0x080a, 0x080a, 0x080a, 0x080a, 0x080a, 0x080a, 0x080a, 0x080a, 0x080a, 0x080a, 0x080a,
    0x0000, 0x0000, 0x0000, 0x0000, 0x0000, 0x0000, 0x0000, 0x0000, 0x0000, 0x0000, 0x0000, 0x0000, 0x0000, 0x0000, 0x0000, 0xffff,
    0xffff, 0xffff, 0xffff, 0xffff, 0xffff, 0xffff, 0xffff, 0xffff, 0xffff, 0xffff, 0xffff, 0xffff, 0xffff, 0xffff, 0xffff, 0xffff,
    0xffff, 0xffff, 0xffff, 0xffff, 0xffff, 0xffff, 0xffff, 0xffff, 0xffff, 0xffff, 0xffff, 0xffff, 0xffff, 0xffff, 0xffff, 0xffff,
    0xffff, 0xffff, 0xffff, 0xffff, 0xffff, 0xf800, 0xf800, 0xf800, 0xf800, 0xf800, 0xf800, 0xf800, 0xf800, 0xf800, 0xf800, 0xf800,
    0xffff, 0xffff, 0xffff, 0xffff, 0xffff, 0xffff, 0xffff, 0xffff, 0xffff, 0xffff, 0xffff, 0xffff, 0xffff, 0xffff, 0xffff, 0xf800,
    0xf800, 0xf800, 0xf800, 0xffff, 0xffff, 0xffff, 0xffff, 0xffff, 0xffff, 0xffff, 0xf800, 0xf800, 0xf800, 0xf800, 0xffff, 0xffff,
    0xffff, 0xffff, 0xffff, 0xffff, 0xffff, 0xffff, 0xffff, 0xffff, 0xffff, 0xffff, 0xffff, 0xffff, 0xffff, 0xffff, 0xffff, 0xffff,
    0xffff, 0xffff, 0xffff, 0xffff, 0xffff, 0xffff, 0xffff, 0xffff, 0xff20, 0xff20, 0xff20, 0xff20, 0xff20, 0xff20, 0xff20, 0xff20,
    0xff20, 0xff20, 0xffff, 0xffff, 0xffff, 0xffff, 0xffff, 0xffff, 0xffff, 0xffff, 0xffff, 0xffff, 0xffff, 0xffff, 0xffff, 0xffff,
    0xffff, 0xffff, 0xffff, 0xffff, 0xffff, 0xffff, 0xffff, 0xffff, 0xffff, 0xffff, 0xffff, 0xffff, 0xffff, 0xffff, 0xffff, 0xffff,
    0xffff, 0xffff, 0xffff, 0xffff, 0xffff, 0xffff, 0xffff, 0xffff, 0xffff, 0xffff, 0xffff, 0xffff, 0xffff, 0xffff, 0xffff, 0xffff,
    0xffff, 0xffff, 0xffff, 0xffff, 0xffff, 0xffff, 0xffff, 0xffff, 0xffff, 0xffff, 0xffff, 0xffff, 0xffff, 0xffff, 0xffff, 0xffff,
    0xffff, 0xffff, 0xffff, 0xffff, 0xffff, 0xffff, 0xffff, 0xffff, 0xffff, 0xffff, 0xffff, 0x0000, 0x0000, 0x0000, 0x0000, 0x0000,
    0x0000, 0x0000, 0x0000, 0x0000, 0x0000, 0x0000, 0x0000, 0x0000, 0x0000, 0x0000, 0x0000, 0x0000, 0x0000, 0x0000, 0x0000, 0x0000,
    0x0000, 0x080a, 0x080a, 0x080a, 0x080a, 0x080a, 0x080a, 0x080a, 0x080a, 0x080a, 0x080a, 0x080a, 0x080a, 0x080a, 0x080a, 0x080a,
    0x0000, 0x0000, 0x0000, 0x0000, 0x0000, 0x0000, 0x0000, 0x0000, 0x0000, 0x0000, 0x0000, 0x0000, 0x0000, 0x0000, 0x0000, 0xffff,
    0xffff, 0xffff, 0xffff, 0xffff, 0xffff, 0xffff, 0xffff, 0xffff, 0xffff, 0xffff, 0xffff, 0xffff, 0xffff, 0xffff, 0xffff, 0xffff,
    0xffff, 0xffff, 0xffff, 0xffff, 0xffff, 0xffff, 0xffff, 0xffff, 0xffff, 0xffff, 0xffff, 0xffff, 0xffff, 0xffff, 0xffff, 0xffff,
    0xffff, 0xffff, 0xffff, 0xffff, 0xffff, 0xf800, 0xf800, 0xf800, 0xf800, 0xf800, 0xf800, 0xf800, 0xf800, 0xf800, 0xf800, 0xf800,
    0xffff, 0xffff, 0xffff, 0xffff, 0xffff, 0xffff, 0xffff, 0xffff, 0xffff, 0xffff, 0xffff, 0xffff, 0xffff, 0xffff, 0xffff, 0xf800,
    0xf800, 0xf800, 0xf800, 0xffff, 0xffff, 0xffff, 0xffff, 0xffff, 0xffff, 0xffff, 0xf800, 0xf800, 0xf800, 0xf800, 0xffff, 0xffff,
    0xffff, 0xffff, 0xffff, 0xffff, 0xffff, 0xffff, 0xffff, 0xffff, 0xffff, 0xffff, 0xffff, 0xffff, 0xffff, 0xffff, 0xffff, 0xffff,
    0xffff, 0xffff, 0xffff, 0xffff, 0xffff, 0xffff, 0xff20, 0xff20, 0xff20, 0xff20, 0xff20, 0xff20, 0xff20, 0xff20, 0xff20, 0xff20,
    0xffff, 0xffff, 0xffff, 0xffff, 0xffff, 0xffff, 0xffff, 0xffff, 0xffff, 0xffff, 0xffff, 0xffff, 0xffff, 0xffff, 0xffff, 0xffff,
    0xffff, 0xffff, 0xffff, 0xffff, 0xffff, 0xffff, 0xffff, 0xffff, 0xffff, 0xffff, 0xffff, 0xffff, 0xffff, 0xffff, 0xffff, 0xffff,
    0xffff, 0xffff, 0xffff, 0xffff, 0xffff, 0xffff, 0xffff, 0xffff, 0xffff, 0xffff, 0xffff, 0xffff, 0xffff, 0xffff, 0xffff, 0xffff,
    0xffff, 0xffff, 0xffff, 0xffff, 0xffff, 0xffff, 0xffff, 0xffff, 0xffff, 0xffff, 0xffff, 0xffff, 0xffff, 0xffff, 0xffff, 0xffff,
    0xffff, 0xffff, 0xffff, 0xffff, 0xffff, 0xffff, 0xffff, 0xffff, 0xffff, 0xffff, 0xffff, 0x0000, 0x0000, 0x0000, 0x0000, 0x0000,
    0x0000, 0x0000, 0x0000, 0x0000, 0x0000, 0x0000, 0x0000, 0x0000, 0x0000, 0x0000, 0x0000, 0x0000, 0x0000, 0x0000, 0x0000, 0x0000,
    0x0000, 0x080a, 0x080a, 0x080a, 0x080a, 0x080a, 0x080a, 0x080a, 0x080a, 0x080a, 0x080a, 0x080a, 0x080a, 0x080a, 0x080a, 0x080a,
    0x0000, 0x0000, 0x0000, 0x0000, 0x0000, 0x0000, 0x0000, 0x0000, 0x0000, 0x0000, 0x0000, 0x0000, 0x0000, 0x0000, 0x0000, 0xffff,
    0xffff, 0xffff, 0xffff, 0xffff, 0xffff, 0xffff, 0xffff, 0xffff, 0xffff, 0xffff, 0xffff, 0xffff, 0xffff, 0xffff, 0xffff, 0xffff,
    0xffff, 0xffff, 0xffff, 0xffff, 0xffff, 0xffff, 0xffff, 0xffff, 0xffff, 0xffff, 0xffff, 0xffff, 0xffff, 0xffff, 0xffff, 0xffff,
    0xffff, 0xffff, 0xffff, 0xffff, 0xffff, 0xf800, 0xf800, 0xf800, 0xf800, 0xf800, 0xf800, 0xf800, 0xf800, 0xf800, 0xf800, 0xf800,
    0xffff, 0xffff, 0xffff, 0xffff, 0xffff, 0xffff, 0xffff, 0xffff, 0xffff, 0xffff, 0xffff, 0xffff, 0xffff, 0xffff, 0xffff, 0xf800,
    0xf800, 0xf800, 0xf800, 0xffff, 0xffff, 0xffff, 0xffff, 0xffff, 0xffff, 0xffff, 0xf800, 0xf800, 0xf800, 0xf800, 0xffff, 0xffff,
    0xffff, 0xffff, 0xffff, 0xffff, 0xffff, 0xffff, 0xffff, 0xffff, 0xffff, 0xffff, 0xffff, 0xffff, 0xffff, 0xffff, 0xffff, 0xffff,
    0xffff, 0xffff, 0xffff, 0xffff, 0xff20, 0xff20, 0xff20, 0xff20, 0xff20, 0xff20, 0xff20, 0xff20, 0xff20, 0xffff, 0xff20, 0xffff,
    0xffff, 0xffff, 0xffff, 0xffff, 0xffff, 0xffff, 0xffff, 0xffff, 0xffff, 0xffff, 0xffff, 0xffff, 0xffff, 0xffff, 0xffff, 0xffff,
    0xffff, 0xffff, 0xffff, 0xffff, 0xffff, 0xffff, 0xffff, 0xffff, 0xffff, 0xffff, 0xffff, 0xffff, 0xffff, 0xffff, 0xffff, 0xffff,
    0xffff, 0xffff, 0xffff, 0xffff, 0xffff, 0xffff, 0xffff, 0xffff, 0xffff, 0xffff, 0xffff, 0xffff, 0xffff, 0xffff, 0xffff, 0xffff,
    0xffff, 0xffff, 0xffff, 0xffff, 0xffff, 0xffff, 0xffff, 0xffff, 0xffff, 0xffff, 0xffff, 0xffff, 0xffff, 0xffff, 0xffff, 0xffff,
    0xffff, 0xffff, 0xffff, 0xffff, 0xffff, 0xffff, 0xffff, 0xffff, 0xffff, 0xffff, 0xffff, 0x0000, 0x0000, 0x0000, 0x0000, 0x0000,
    0x0000, 0x0000, 0x0000, 0x0000, 0x0000, 0x0000, 0x0000, 0x0000, 0x0000, 0x0000, 0x0000, 0x0000, 0x0000, 0x0000, 0x0000, 0x0000,
    0x0000, 0x080a, 0x080a, 0x080a, 0x080a, 0x080a, 0x080a, 0x080a, 0x080a, 0x080a, 0x080a, 0x080a, 0x080a, 0x080a, 0x080a, 0x080a,
    0x0000, 0x0000, 0x0000, 0x0000, 0x0000, 0x0000, 0x0000, 0x0000, 0x0000, 0x0000, 0x0000, 0x0000, 0x0000, 0x0000, 0x0000, 0xffff,
    0xffff, 0xffff, 0xffff, 0xffff, 0xffff, 0xffff, 0xffff, 0xffff, 0xffff, 0xffff, 0xffff, 0xffff, 0xffff, 0xffff, 0xffff, 0xffff,
    0xffff, 0xffff, 0xffff, 0xffff, 0xffff, 0xffff, 0xffff, 0xffff, 0xffff, 0xffff, 0xffff, 0xffff, 0xffff, 0xffff, 0xffff, 0xffff,
    0xffff, 0xffff, 0xffff, 0xffff, 0xffff, 0xf800, 0xf800, 0xf800, 0xf800, 0xf800, 0xf800, 0xf800, 0xf800, 0xf800, 0xf800, 0xf800,
    0xffff, 0xffff, 0xffff, 0xffff, 0xffff, 0xffff, 0xffff, 0xffff, 0xffff, 0xffff, 0xffff, 0xffff, 0xffff, 0xffff, 0xffff, 0xf800,
    0xf800, 0xf800, 0xf800, 0xffff, 0xffff, 0xffff, 0xffff, 0xffff, 0xffff, 0xffff, 0xf800, 0xf800, 0xf800, 0xf800, 0xffff, 0xffff,
    0xffff, 0xffff, 0xffff, 0xffff, 0xffff, 0xffff, 0xffff, 0xffff, 0xffff, 0xffff, 0xffff, 0xffff, 0xffff, 0xffff, 0xffff, 0xffff,
    0xffff, 0xffff, 0xffff, 0xffff, 0xff20, 0xff20, 0xff20, 0xff20, 0xff20, 0xff20, 0xff20, 0xff20, 0xff20, 0xff20, 0xffff, 0xffff,
    0xffff, 0xffff, 0xffff, 0xffff, 0xffff, 0xffff, 0xffff, 0xffff, 0xffff, 0xffff, 0xffff, 0xffff, 0xffff, 0xffff, 0xffff, 0xffff,
    0xffff, 0xffff, 0xffff, 0xffff, 0xffff, 0xffff, 0xffff, 0xffff, 0xffff, 0xffff, 0xffff, 0xffff, 0xffff, 0xffff, 0xffff, 0xffff,
    0xffff, 0xffff, 0xffff, 0xffff, 0xffff, 0xffff, 0xffff, 0xffff, 0xffff, 0xffff, 0xffff, 0xffff, 0xffff, 0xffff, 0xffff, 0xffff,
    0xffff, 0xffff, 0xffff, 0xffff, 0xffff, 0xffff, 0xffff, 0xffff, 0xffff, 0xffff, 0xffff, 0xffff, 0xffff, 0xffff, 0xffff, 0xffff,
    0xffff, 0xffff, 0xffff, 0xffff, 0xffff, 0xffff, 0xffff, 0xffff, 0xffff, 0xffff, 0xffff, 0x0000, 0x0000, 0x0000, 0x0000, 0x0000,
    0x0000, 0x0000, 0x0000, 0x0000, 0x0000, 0x0000, 0x0000, 0x0000, 0x0000, 0x0000, 0x0000, 0x0000, 0x0000, 0x0000, 0x0000, 0x0000,
    0x0000, 0x080a, 0x080a, 0x080a, 0x080a, 0x080a, 0x080a, 0x080a, 0x080a, 0x080a, 0x080a, 0x080a, 0x080a, 0x080a, 0x080a, 0x080a,
    0x0000, 0x0000, 0x0000, 0x0000, 0x0000, 0x0000, 0x0000, 0x0000, 0xffff, 0xffff, 0xffff, 0xffff, 0xffff, 0xffff, 0xffff, 0xffff,
    0xffff, 0xffff, 0xffff, 0xffff, 0xffff, 0xffff, 0xffff, 0xffff, 0xffff, 0xffff, 0xffff, 0xffff, 0xffff, 0xffff, 0xffff, 0xffff,
    0xffff, 0xffff, 0xffff, 0xffff, 0xffff, 0xffff, 0xffff, 0xffff, 0xffff, 0xffff, 0xffff, 0xffff, 0xffff, 0xffff, 0xffff, 0xffff,
    0xffff, 0xf800, 0xf800, 0xf800, 0xf800, 0xf800, 0xf800, 0xf800, 0xffff, 0xffff, 0xffff, 0xffff, 0xf800, 0xf800, 0xf800, 0xf800,
    0xf800, 0xf800, 0xf800, 0xf800, 0xffff, 0xffff, 0xffff, 0xffff, 0xffff, 0xffff, 0xffff, 0xffff, 0xffff, 0xffff, 0xffff, 0xf800,
    0xf800, 0xf800, 0xf800, 0xf800, 0xf800, 0xf800, 0xf800, 0xf800, 0xf800, 0xf800, 0xf800, 0xf800, 0xf800, 0xf800, 0xffff, 0xffff,
    0xffff, 0xffff, 0xffff, 0xffff, 0xffff, 0xffff, 0xffff, 0xffff, 0xffff, 0xffff, 0xffff, 0xffff, 0xffff, 0xffff, 0xffff, 0xffff,
    0xffff, 0xffff, 0xffff, 0xffff, 0xffff, 0xffff, 0xffff, 0xffff, 0xffff, 0xffff, 0xffff, 0xffff, 0xffff, 0xffff, 0xffff, 0xffff,
    0xffff, 0xffff, 0xffff, 0xffff, 0xffff, 0xffff, 0xffff, 0xffff, 0xffff, 0xffff, 0xffff, 0xffff, 0xffff, 0xffff, 0xffff, 0xffff,
    0xffff, 0xffff, 0xffff, 0xffff, 0xffff, 0xffff, 0xffff, 0xffff, 0xffff, 0xffff, 0xffff, 0xffff, 0xffff, 0xffff, 0xffff, 0xffff,
    0xffff, 0xffff, 0xffff, 0xffff, 0xffff, 0xffff, 0xffff, 0xffff, 0xffff, 0xffff, 0xffff, 0xffff, 0xffff, 0xffff, 0xffff, 0xffff,
    0xffff, 0xffff, 0xffff, 0xffff, 0xffff, 0xffff, 0xffff, 0xffff, 0xffff, 0xffff, 0xffff, 0xffff, 0xffff, 0xffff, 0xffff, 0xffff,
    0xffff, 0xffff, 0xffff, 0x0000, 0x0000, 0x0000, 0x0000, 0x0000, 0x0000, 0x0000, 0x0000, 0x0000, 0x0000, 0x0000, 0x0000, 0x0000,
    0x0000, 0x0000, 0x080a, 0x080a, 0x080a, 0x080a, 0x080a, 0x080a, 0x080a, 0x080a, 0x080a, 0x080a, 0x080a, 0x080a, 0x080a, 0x080a,
    0x080a, 0x080a, 0x080a, 0x080a, 0x080a, 0x080a, 0x080a, 0x080a, 0x080a, 0x05bf, 0x05bf, 0x05bf, 0x6b36, 0x6b36, 0x6b36, 0x6b36,
    0x0000, 0x0000, 0x0000, 0x0000, 0x0000, 0x0000, 0x0000, 0x0000, 0xffff, 0xffff, 0xffff, 0xffff, 0xffff, 0xffff, 0xffff, 0xffff,
    0xffff, 0xffff, 0xffff, 0xffff, 0xffff, 0xffff, 0xffff, 0xffff, 0xffff, 0xffff, 0xffff, 0xffff, 0xffff, 0xffff, 0xffff, 0xffff,
    0xffff, 0xffff, 0xffff, 0xffff, 0xffff, 0xffff, 0xffff, 0xffff, 0xffff, 0xffff, 0xffff, 0xffff, 0xffff, 0xffff, 0xffff, 0xffff,
    0xffff, 0xf800, 0xf800, 0xf800, 0xf800, 0xf800, 0xf800, 0xf800, 0xffff, 0xffff, 0xffff, 0xffff, 0xf800, 0xf800, 0xf800, 0xf800,
    0xf800, 0xf800, 0xf800, 0xf800, 0xffff, 0xffff, 0xffff, 0xffff, 0xffff, 0xffff, 0xffff, 0xffff, 0xffff, 0xffff, 0xffff, 0xf800,
    0xf800, 0xf800, 0xf800, 0xf800, 0xf800, 0xf800, 0xf800, 0xf800, 0xf800, 0xf800, 0xf800, 0xf800, 0xf800, 0xf800, 0xffff, 0xffff,
    0xffff, 0xffff, 0xffff, 0xffff, 0xffff, 0xffff, 0xffff, 0xffff, 0xffff, 0xffff, 0xffff, 0xffff, 0xffff, 0xffff, 0xffff, 0xffff,
    0xffff, 0xffff, 0xffff, 0xffff, 0xffff, 0xffff, 0xffff, 0xffff, 0xffff, 0xffff, 0xffff, 0xffff, 0xffff, 0xffff, 0xffff, 0xffff,
    0xffff, 0xffff, 0xffff, 0xffff, 0xffff, 0xffff, 0xffff, 0xffff, 0xffff, 0xffff, 0xffff, 0xffff, 0xffff, 0xffff, 0xffff, 0xffff,
    0xffff, 0xffff, 0xffff, 0xffff, 0xffff, 0xffff, 0xffff, 0xffff, 0xffff, 0xffff, 0xffff, 0xffff, 0xffff, 0xffff, 0xffff, 0xffff,
    0xffff, 0xffff, 0xffff, 0xffff, 0xffff, 0xffff, 0xffff, 0xffff, 0xffff, 0xffff, 0xffff, 0xffff, 0xffff, 0xffff, 0xffff, 0xffff,
    0xffff, 0xffff, 0xffff, 0xffff, 0xffff, 0xffff, 0xffff, 0xffff, 0xffff, 0xffff, 0xffff, 0xffff, 0xffff, 0xffff, 0xffff, 0xffff,
    0xffff, 0xffff, 0xffff, 0x0000, 0x0000, 0x0000, 0x0000, 0x0000, 0x0000, 0x0000, 0x0000, 0x0000, 0x0000, 0x0000, 0x0000, 0x0000,
    0x0000, 0x0000, 0x080a, 0x080a, 0x080a, 0x080a, 0x080a, 0x080a, 0x080a, 0x080a, 0x080a, 0x080a, 0x080a, 0x080a, 0x080a, 0x080a,
    0x080a, 0x080a, 0x080a, 0x080a, 0x080a, 0x080a, 0x080a, 0x080a, 0x080a, 0x05bf, 0x05bf, 0x05bf, 0x6b36, 0x6b36, 0x6b36, 0x6b36,
    0x0000, 0x0000, 0x0000, 0x0000, 0x0000, 0x0000, 0x0000, 0x0000, 0xffff, 0xffff, 0xffff, 0xffff, 0xffff, 0xffff, 0xffff, 0xffff,
    0xffff, 0xffff, 0xffff, 0xffff, 0xffff, 0xffff, 0xffff, 0xffff, 0xffff, 0xffff, 0xffff, 0xffff, 0xffff, 0xffff, 0xffff, 0xffff,
    0xffff, 0xffff, 0xffff, 0xffff, 0xffff, 0xffff, 0xffff, 0xffff, 0xffff, 0xffff, 0xffff, 0xffff, 0xffff, 0xffff, 0xffff, 0xffff,
    0xffff, 0xf800, 0xf800, 0xf800, 0xf800, 0xf800, 0xf800, 0xf800, 0xffff, 0xffff, 0xffff, 0xffff, 0xf800, 0xf800, 0xf800, 0xf800,
    0xf800, 0xf800, 0xf800, 0xf800, 0xffff, 0xffff, 0xffff, 0xffff, 0xffff, 0xffff, 0xffff, 0xffff, 0xffff, 0xffff, 0xffff, 0xf800,
    0xf800, 0xf800, 0xf800, 0xf800, 0xf800, 0xf800, 0xf800, 0xf800, 0xf800, 0xf800, 0xf800, 0xf800, 0xf800, 0xf800, 0xffff, 0xffff,
    0xffff, 0xffff, 0xffff, 0xffff, 0xffff, 0xffff, 0xffff, 0xffff, 0xffff, 0xffff, 0xffff, 0xffff, 0xffff, 0xff20, 0xff20, 0xffff,
    0xffff, 0xffff, 0xffff, 0xffff, 0xffff, 0xffff, 0xffff, 0xffff, 0xffff, 0xffff, 0xffff, 0xffff, 0xffff, 0xffff, 0xffff, 0xffff,
    0xffff, 0xffff, 0xffff, 0xffff, 0xffff, 0xffff, 0xffff, 0xffff, 0xffff, 0xffff, 0xffff, 0xffff, 0xffff, 0xffff, 0xffff, 0xffff,
    0xffff, 0xffff, 0xffff, 0xffff, 0xffff, 0xffff, 0xffff, 0xffff, 0xffff, 0xffff, 0xffff, 0xffff, 0xffff, 0xffff, 0xffff, 0xffff,
    0xffff, 0xffff, 0xffff, 0xffff, 0xffff, 0xffff, 0xffff, 0xffff, 0xffff, 0xffff, 0xffff, 0xffff, 0xffff, 0xffff, 0xffff, 0xffff,
    0xffff, 0xffff, 0xffff, 0xffff, 0xffff, 0xffff, 0xffff, 0xffff, 0xffff, 0xffff, 0xffff, 0xffff, 0xffff, 0xffff, 0xffff, 0xffff,
    0xffff, 0xffff, 0xffff, 0x0000, 0x0000, 0x0000, 0x0000, 0x0000, 0x0000, 0x0000, 0x0000, 0x0000, 0x0000, 0x0000, 0x0000, 0x0000,
    0x0000, 0x0000, 0x080a, 0x080a, 0x080a, 0x080a, 0x080a, 0x080a, 0x080a, 0x080a, 0x080a, 0x080a, 0x080a, 0x080a, 0x080a, 0x080a,
    0x080a, 0x080a, 0x080a, 0x080a, 0x080a, 0x080a, 0x080a, 0x080a, 0x080a, 0x05bf, 0x05bf, 0x05bf, 0x6b36, 0x6b36, 0x6b36, 0x6b36,
    0x0000, 0x0000, 0x0000, 0x0000, 0x0000, 0x0000, 0x0000, 0x0000, 0xffff, 0xffff, 0xffff, 0xffff, 0xffff, 0xffff, 0xffff, 0xffff,
    0xffff, 0xffff, 0xffff, 0xffff, 0xffff, 0xffff, 0xffff, 0xffff, 0xffff, 0xffff, 0xffff, 0xffff, 0xffff, 0xffff, 0xffff, 0xffff,
    0xffff, 0xffff, 0xffff, 0xffff, 0xffff, 0xffff, 0xffff, 0xffff, 0xffff, 0xffff, 0xffff, 0xffff, 0xffff, 0xffff, 0xffff, 0xffff,
    0xffff, 0xf800, 0xf800, 0xf800, 0xf800, 0xffff, 0xffff, 0xffff, 0xffff, 0xffff, 0xffff, 0xffff, 0xffff, 0xffff, 0xffff, 0xffff,
    0xf800, 0xf800, 0xf800, 0xf800, 0xf800, 0xf800, 0xf800, 0xffff, 0xffff, 0xffff, 0xffff, 0xffff, 0xffff, 0xffff, 0xffff, 0xf800,
    0xf800, 0xf800, 0xf800, 0xffff, 0xffff, 0xffff, 0xffff, 0xffff, 0xffff, 0xffff, 0xffff, 0xffff, 0xffff, 0xffff, 0xffff, 0xffff,
    0xffff, 0xffff, 0xffff, 0xffff, 0xffff, 0xffff, 0xffff, 0xffff, 0xffff, 0xffff, 0xffff, 0xff20, 0xff20, 0xff20, 0xff20, 0xff20,
    0xffff, 0xffff, 0xffff, 0xffff, 0xffff, 0xffff, 0xffff, 0xffff, 0xffff, 0xffff, 0xffff, 0xffff, 0xffff, 0xffff, 0xffff, 0xffff,
    0xffff, 0xffff, 0xffff, 0xffff, 0xffff, 0xffff, 0xffff, 0xffff, 0xffff, 0xffff, 0xffff, 0xffff, 0xffff, 0xffff, 0xffff, 0xffff,
    0xffff, 0xffff, 0xffff, 0xffff, 0xffff, 0xffff, 0xffff, 0xffff, 0xffff, 0xffff, 0xffff, 0xffff, 0xffff, 0xffff, 0xffff, 0xffff,
    0xffff, 0xffff, 0xffff, 0xffff, 0xffff, 0xffff, 0xffff, 0xffff, 0xffff, 0xffff, 0xffff, 0xffff, 0xffff, 0xffff, 0xffff, 0xffff,
    0xffff, 0xffff, 0xffff, 0xffff, 0xffff, 0xffff, 0xffff, 0xffff, 0xffff, 0xffff, 0xffff, 0xffff, 0xffff, 0xffff, 0xffff, 0xffff,
    0xffff, 0xffff, 0xffff, 0x0000, 0x0000, 0x0000, 0x0000, 0x0000, 0x0000, 0x0000, 0x0000, 0x0000, 0x0000, 0x0000, 0x0000, 0x0000,
    0x0000, 0x0000, 0x080a, 0x080a, 0x080a, 0x080a, 0x080a, 0x080a, 0x080a, 0x080a, 0x080a, 0x080a, 0x080a, 0x080a, 0x080a, 0x080a,
    0x080a, 0x05bf, 0x05bf, 0x05bf, 0x05bf, 0x05bf, 0x05bf, 0x05bf, 0x05bf, 0x6b36, 0x6b36, 0x6b36, 0x6b36, 0x6b36, 0x6b36, 0x6b36,
    0x0000, 0x0000, 0x0000, 0x0000, 0x0000, 0x0000, 0x0000, 0x0000, 0xffff, 0xffff, 0xffff, 0xffff, 0xffff, 0xffff, 0xffff, 0xffff,
    0xffff, 0xffff, 0xffff, 0xffff, 0xffff, 0xffff, 0xffff, 0xffff, 0xffff, 0xffff, 0xffff, 0xffff, 0xffff, 0xffff, 0xffff, 0xffff,
    0xffff, 0xffff, 0xffff, 0xffff, 0xffff, 0xffff, 0xffff, 0xffff, 0xffff, 0xffff, 0xffff, 0xffff, 0xffff, 0xffff, 0xffff, 0xffff,
    0xffff, 0xf800, 0xf800, 0xf800, 0xf800, 0xffff, 0xffff, 0xffff, 0xffff, 0xffff, 0xffff, 0xffff, 0xffff, 0xffff, 0xffff, 0xffff,
    0xf800, 0xf800, 0xf800, 0xf800, 0xf800, 0xf800, 0xf800, 0xffff, 0xffff, 0xffff, 0xffff, 0xffff, 0xffff, 0xffff, 0xffff, 0xf800,
    0xf800, 0xf800, 0xf800, 0xffff, 0xffff, 0xffff, 0xffff, 0xffff, 0xffff, 0xffff, 0xffff, 0xffff, 0xffff, 0xffff, 0xffff, 0xffff,
    0xffff, 0xffff, 0xffff, 0xffff, 0xffff, 0xffff, 0xffff, 0xffff, 0xffff, 0xffff, 0xff20, 0xff20, 0xff20, 0xff20, 0xff20, 0xffff,
    0xff20, 0xffff, 0xffff, 0xffff, 0xffff, 0xffff, 0xffff, 0xffff, 0xffff, 0xffff, 0xffff, 0xffff, 0xffff, 0xffff, 0xffff, 0xffff,
    0xffff, 0xffff, 0xffff, 0xffff, 0xffff, 0xffff, 0xffff, 0xffff, 0xffff, 0xffff, 0xffff, 0xffff, 0xffff, 0xffff, 0xffff, 0xffff,
    0xffff, 0xffff, 0xffff, 0xffff, 0xffff, 0xffff, 0xffff, 0xffff, 0xffff, 0xffff, 0xffff, 0xffff, 0xffff, 0xffff, 0xffff, 0xffff,
    0xffff, 0xffff, 0xffff, 0xffff, 0xffff, 0xffff, 0xffff, 0xffff, 0xffff, 0xffff, 0xffff, 0xffff, 0xffff, 0xffff, 0xffff, 0xffff,
    0xffff, 0xffff, 0xffff, 0xffff, 0xffff, 0xffff, 0xffff, 0xffff, 0xffff, 0xffff, 0xffff, 0xffff, 0xffff, 0xffff, 0xffff, 0xffff,
    0xffff, 0xffff, 0xffff, 0x0000, 0x0000, 0x0000, 0x0000, 0x0000, 0x0000, 0x0000, 0x0000, 0x0000, 0x0000, 0x0000, 0x0000, 0x0000,
    0x0000, 0x0000, 0x080a, 0x080a, 0x080a, 0x080a, 0x080a, 0x080a, 0x080a, 0x080a, 0x080a, 0x080a, 0x080a, 0x080a, 0x080a, 0x080a,
    0x080a, 0x05bf, 0x05bf, 0x05bf, 0x05bf, 0x05bf, 0x05bf, 0x05bf, 0x05bf, 0x6b36, 0x6b36, 0x6b36, 0x6b36, 0x6b36, 0x6b36, 0x6b36,
    0x0000, 0x0000, 0x0000, 0x0000, 0x0000, 0x0000, 0x0000, 0x0000, 0xffff, 0xffff, 0xffff, 0xffff, 0xffff, 0xffff, 0xffff, 0xffff,
    0xffff, 0xffff, 0xffff, 0xffff, 0xffff, 0xffff, 0xffff, 0xffff, 0xffff, 0xffff, 0xffff, 0xffff, 0xffff, 0xffff, 0xffff, 0xffff,
    0xffff, 0xffff, 0xffff, 0xffff, 0xffff, 0xffff, 0xffff, 0xffff, 0xffff, 0xffff, 0xffff, 0xffff, 0xffff, 0xffff, 0xffff, 0xffff,
    0xffff, 0xf800, 0xf800, 0xf800, 0xf800, 0xffff, 0xffff, 0xffff, 0xffff, 0xffff, 0xffff, 0xffff, 0xffff, 0xffff, 0xffff, 0xffff,
    0xf800, 0xf800, 0xf800, 0xf800, 0xf800, 0xf800, 0xf800, 0xffff, 0xffff, 0xffff, 0xffff, 0xffff, 0xffff, 0xffff, 0xffff, 0xf800,
    0xf800, 0xf800, 0xf800, 0xffff, 0xffff, 0xffff, 0xffff, 0xffff, 0xffff, 0xffff, 0xffff, 0xffff, 0xffff, 0xffff, 0xffff, 0xffff,
    0xffff, 0xffff, 0xffff, 0xffff, 0xffff, 0xffff, 0xffff, 0xffff, 0xffff, 0xff20, 0xff20, 0xff20, 0xff20, 0xff20, 0xff20, 0xffff,
    0xff20, 0xffff, 0xffff, 0xffff, 0xffff, 0xffff, 0xffff, 0xffff, 0xffff, 0xffff, 0xffff, 0xffff, 0xffff, 0xffff, 0xffff, 0xffff,
    0xffff, 0xffff, 0xffff, 0xffff, 0xffff, 0xffff, 0xffff, 0xffff, 0xffff, 0xffff, 0xffff, 0xffff, 0xffff, 0xffff, 0xffff, 0xffff,
    0xffff, 0xffff, 0xffff, 0xffff, 0xffff, 0xffff, 0xffff, 0xffff, 0xffff, 0xffff, 0xffff, 0xffff, 0xffff, 0xffff, 0xffff, 0xffff,
    0xffff, 0xffff, 0xffff, 0xffff, 0xffff, 0xffff, 0xffff, 0xffff, 0xffff, 0xffff, 0xffff, 0xffff, 0xffff, 0xffff, 0xffff, 0xffff,
    0xffff, 0xffff, 0xffff, 0xffff, 0xffff, 0xffff, 0xffff, 0xffff, 0xffff, 0xffff, 0xffff, 0xffff, 0xffff, 0xffff, 0xffff, 0xffff,
    0xffff, 0xffff, 0xffff, 0x0000, 0x0000, 0x0000, 0x0000, 0x0000, 0x0000, 0x0000, 0x0000, 0x0000, 0x0000, 0x0000, 0x0000, 0x0000,
    0x0000, 0x0000, 0x080a, 0x080a, 0x080a, 0x080a, 0x080a, 0x080a, 0x080a, 0x080a, 0x080a, 0x080a, 0x080a, 0x080a, 0x080a, 0x080a,
    0x080a, 0x05bf, 0x05bf, 0x05bf, 0x05bf, 0x05bf, 0x05bf, 0x05bf, 0x05bf, 0x6b36, 0x6b36, 0x6b36, 0x6b36, 0x6b36, 0x6b36, 0x6b36,
    0x0000, 0x0000, 0x0000, 0x0000, 0x0000, 0x0000, 0x0000, 0x0000, 0xffff, 0xffff, 0xffff, 0xffff, 0xffff, 0xffff, 0xffff, 0xffff,
    0xffff, 0xffff, 0xffff, 0xffff, 0xffff, 0xffff, 0xffff, 0xffff, 0xffff, 0xffff, 0xffff, 0xffff, 0xffff, 0xffff, 0xffff, 0xffff,
    0xffff, 0xffff, 0xffff, 0xffff, 0xffff, 0xffff, 0xffff, 0xffff, 0xffff, 0xffff, 0xffff, 0xffff, 0xffff, 0xffff, 0xffff, 0xffff,
    0xffff, 0xf800, 0xf800, 0xf800, 0xf800, 0xffff, 0xffff, 0xffff, 0xffff, 0xffff, 0xffff, 0xffff, 0xffff, 0xffff, 0xffff, 0xffff,
    0xf800, 0xf800, 0xf800, 0xf800, 0xf800, 0xf800, 0xf800, 0xffff, 0xffff, 0xffff, 0xffff, 0xffff, 0xffff, 0xffff, 0xffff, 0xf800,
    0xf800, 0xf800, 0xf800, 0xffff, 0xffff, 0xffff, 0xffff, 0xffff, 0xffff, 0xffff, 0xffff, 0xffff, 0xffff, 0xffff, 0xffff, 0xffff,
    0xffff, 0xffff, 0xffff, 0xffff, 0xffff, 0xffff, 0xff20, 0xff20, 0xff20, 0xff20, 0xff20, 0xff20, 0xff20, 0xff20, 0xff20, 0xff20,
    0xff20, 0xffff, 0xffff, 0xffff, 0xffff, 0xffff, 0xffff, 0xffff, 0xffff, 0xffff, 0xffff, 0xffff, 0xffff, 0xffff, 0xffff, 0xffff,
    0xffff, 0xffff, 0xffff, 0xffff, 0xffff, 0xffff, 0xffff, 0xffff, 0xffff, 0xffff, 0xffff, 0xffff, 0xffff, 0xffff, 0xffff, 0xffff,
    0xffff, 0xffff, 0xffff, 0xffff, 0xffff, 0xffff, 0xffff, 0xffff, 0xffff, 0xffff, 0xffff, 0xffff, 0xffff, 0xffff, 0xffff, 0xffff,
    0xffff, 0xffff, 0xffff, 0xffff, 0xffff, 0xffff, 0xffff, 0xffff, 0xffff, 0xffff, 0xffff, 0xffff, 0xffff, 0xffff, 0xffff, 0xffff,
    0xffff, 0xffff, 0xffff, 0xffff, 0xffff, 0xffff, 0xffff, 0xffff, 0xffff, 0xffff, 0xffff, 0xffff, 0xffff, 0xffff, 0xffff, 0xffff,
    0xffff, 0xffff, 0xffff, 0x0000, 0x0000, 0x0000, 0x0000, 0x0000, 0x0000, 0x0000, 0x0000, 0x0000, 0x0000, 0x0000, 0x0000, 0x0000,
    0x0000, 0x0000, 0x080a, 0x080a, 0x080a, 0x080a, 0x080a, 0x080a, 0x080a, 0x080a, 0x080a, 0x080a, 0x080a, 0x080a, 0x080a, 0x080a,
    0x080a, 0x05bf, 0x05bf, 0x05bf, 0x05bf, 0x05bf, 0x05bf, 0x05bf, 0x05bf, 0x6b36, 0x6b36, 0x6b36, 0x6b36, 0x6b36, 0x6b36, 0x6b36,
    0xffff, 0xffff, 0xffff, 0xffff, 0xffff, 0xffff, 0xffff, 0xffff, 0xffff, 0xffff, 0xffff, 0xffff, 0xffff, 0xffff, 0xffff, 0xffff,
    0xffff, 0xffff, 0xffff, 0xffff, 0xffff, 0xffff, 0xffff, 0xf800, 0xf800, 0xf800, 0xffff, 0xffff, 0xffff, 0xffff, 0xffff, 0xffff,
    0xffff, 0xffff, 0xffff, 0xffff, 0xffff, 0xffff, 0xf800, 0xf800, 0xf800, 0xffff, 0xffff, 0xffff, 0xffff, 0xffff, 0xffff, 0xffff,
    0xffff, 0xf800, 0xf800, 0xf800, 0xf800, 0xffff, 0xffff, 0xffff, 0xffff, 0xffff, 0xffff, 0xffff, 0xffff, 0xffff, 0xffff, 0xffff,
    0xffff, 0xffff, 0xffff, 0xffff, 0xf800, 0xf800, 0xf800, 0xffff, 0xffff, 0xffff, 0xffff, 0xffff, 0xffff, 0xffff, 0xffff, 0xf800,
    0xf800, 0xf800, 0xf800, 0xffff, 0xffff, 0xffff, 0xffff, 0xffff, 0xffff, 0xffff, 0xffff, 0xffff, 0xffff, 0xffff, 0xffff, 0xffff,
    0xffff, 0xffff, 0xffff, 0xffff, 0xff20, 0xff20, 0xff20, 0xff20, 0xff20, 0xff20, 0xff20, 0xff20, 0xff20, 0xff20, 0xff20, 0xffff,
    0xffff, 0xffff, 0xffff, 0xffff, 0xffff, 0xffff, 0xffff, 0xffff, 0xffff, 0xffff, 0xffff, 0xffff, 0xffff, 0xffff, 0xffff, 0xffff,
    0xffff, 0xffff, 0xffff, 0xffff, 0xffff, 0xffff, 0xffff, 0xffff, 0xffff, 0xffff, 0xffff, 0xffff, 0xffff, 0xffff, 0xffff, 0xffff,
    0xffff, 0xffff, 0xffff, 0xffff, 0xffff, 0xffff, 0xffff, 0xffff, 0xffff, 0xffff, 0xffff, 0xffff, 0xffff, 0xffff, 0xffff, 0xffff,
    0xffff, 0xffff, 0xffff, 0xffff, 0xffff, 0xffff, 0xffff, 0xffff, 0xffff, 0xffff, 0xffff, 0xffff, 0xffff, 0xffff, 0xffff, 0xffff,
    0xffff, 0xffff, 0xffff, 0xffff, 0x0000, 0x0000, 0x0000, 0x0000, 0x0000, 0x0000, 0x0000, 0x0000, 0x0000, 0x0000, 0x0000, 0x0000,
    0x0000, 0x0000, 0x0000, 0x0000, 0x0000, 0x0000, 0x0000, 0x0000, 0x0000, 0x0000, 0x0000, 0x080a, 0x080a, 0x080a, 0x080a, 0x080a,
    0x080a, 0x080a, 0x080a, 0x080a, 0x080a, 0x080a, 0x080a, 0x080a, 0x080a, 0x080a, 0x05bf, 0x05bf, 0x05bf, 0x05bf, 0x05bf, 0x05bf,
    0x05bf, 0x05bf, 0x05bf, 0x05bf, 0x05bf, 0x6b36, 0x6b36, 0x6b36, 0x6b36, 0x6b36, 0x6b36, 0x6b36, 0x6b36, 0x6b36, 0x6b36, 0x6b36,
    0xffff, 0xffff, 0xffff, 0xffff, 0xffff, 0xffff, 0xffff, 0xffff, 0xffff, 0xffff, 0xffff, 0xffff, 0xffff, 0xffff, 0xffff, 0xffff,
    0xffff, 0xffff, 0xffff, 0xffff, 0xffff, 0xffff, 0xffff, 0xf800, 0xf800, 0xf800, 0xffff, 0xffff, 0xffff, 0xffff, 0xffff, 0xffff,
    0xffff, 0xffff, 0xffff, 0xffff, 0xffff, 0xffff, 0xf800, 0xf800, 0xf800, 0xffff, 0xffff, 0xffff, 0xffff, 0xffff, 0xffff, 0xffff,
    0xffff, 0xf800, 0xf800, 0xf800, 0xf800, 0xffff, 0xffff, 0xffff, 0xffff, 0xffff, 0xffff, 0xffff, 0xffff, 0xffff, 0xffff, 0xffff,
    0xffff, 0xffff, 0xffff, 0xffff, 0xf800, 0xf800, 0xf800, 0xffff, 0xffff, 0xffff, 0xffff, 0xffff, 0xffff, 0xffff, 0xffff, 0xf800,
    0xf800, 0xf800, 0xf800, 0xffff, 0xffff, 0xffff, 0xffff, 0xffff, 0xffff, 0xffff, 0xffff, 0xffff, 0xffff, 0xffff, 0xffff, 0xffff,
    0xffff, 0xffff, 0xffff, 0xff20, 0xff20, 0xff20, 0xff20, 0xff20, 0xff20, 0xff20, 0xff20, 0xff20, 0xff20, 0xffff, 0xffff, 0xffff,
    0xffff, 0xffff, 0xffff, 0xffff, 0xffff, 0xffff, 0xffff, 0xffff, 0xffff, 0xffff, 0xffff, 0xffff, 0xffff, 0xffff, 0xffff, 0xffff,
    0xffff, 0xffff, 0xffff, 0xffff, 0xffff, 0xffff, 0xffff, 0xffff, 0xffff, 0xffff, 0xffff, 0xffff, 0xffff, 0xffff, 0xffff, 0xffff,
    0xffff, 0xffff, 0xffff, 0xffff, 0xffff, 0xffff, 0xffff, 0xffff, 0xffff, 0xffff, 0xffff, 0xffff, 0xffff, 0xffff, 0xffff, 0xffff,
    0xffff, 0xffff, 0xffff, 0xffff, 0xffff, 0xffff, 0xffff, 0xffff, 0xffff, 0xffff, 0xffff, 0xffff, 0xffff, 0xffff, 0xffff, 0xffff,
    0xffff, 0xffff, 0xffff, 0xffff, 0x0000, 0x0000, 0x0000, 0x0000, 0x0000, 0x0000, 0x0000, 0x0000, 0x0000, 0x0000, 0x0000, 0x0000,
    0x0000, 0x0000, 0x0000, 0x0000, 0x0000, 0x0000, 0x0000, 0x0000, 0x0000, 0x0000, 0x0000, 0x080a, 0x080a, 0x080a, 0x080a, 0x080a,
    0x080a, 0x080a, 0x080a, 0x080a, 0x080a, 0x080a, 0x080a, 0x080a, 0x080a, 0x080a, 0x05bf, 0x05bf, 0x05bf, 0x05bf, 0x05bf, 0x05bf,
    0x05bf, 0x05bf, 0x05bf, 0x05bf, 0x05bf, 0x6b36, 0x6b36, 0x6b36, 0x6b36, 0x6b36, 0x6b36, 0x6b36, 0x6b36, 0x6b36, 0x6b36, 0x6b36,
    0xffff, 0xffff, 0xffff, 0xffff, 0xffff, 0xffff, 0xffff, 0xffff, 0xffff, 0xffff, 0xffff, 0xffff, 0xffff, 0xffff, 0xffff, 0xffff,
    0xffff, 0xffff, 0xffff, 0xffff, 0xffff, 0xffff, 0xffff, 0xf800, 0xf800, 0xf800, 0xffff, 0xffff, 0xffff, 0xffff, 0xffff, 0xffff,
    0xffff, 0xffff, 0xffff, 0xffff, 0xffff, 0xffff, 0xf800, 0xf800, 0xf800, 0xffff, 0xffff, 0xffff, 0xffff, 0xffff, 0xffff, 0xffff,
    0xffff, 0xf800, 0xf800, 0xf800, 0xf800, 0xffff, 0xffff, 0xffff, 0xffff, 0xffff, 0xffff, 0xffff, 0xffff, 0xffff, 0xffff, 0xffff,
    0xffff, 0xffff, 0xffff, 0xffff, 0xf800, 0xf800, 0xf800, 0xffff, 0xffff, 0xffff, 0xffff, 0xffff, 0xffff, 0xffff, 0xffff, 0xf800,
    0xf800, 0xf800, 0xf800, 0xffff, 0xffff, 0xffff, 0xffff, 0xffff, 0xffff, 0xffff, 0xffff, 0xffff, 0xffff, 0xffff, 0xffff, 0xffff,
    0xffff, 0xff20, 0xff20, 0xff20, 0xff20, 0xff20, 0xff20, 0xff20, 0xff20, 0xff20, 0xff20, 0xff20, 0xffff, 0xffff, 0xffff, 0xffff,
    0xffff, 0xffff, 0xffff, 0xffff, 0xffff, 0xffff, 0xffff, 0xffff, 0xffff, 0xffff, 0xffff, 0xffff, 0xffff, 0xffff, 0xffff, 0xffff,
    0xffff, 0xffff, 0xffff, 0xffff, 0xffff, 0xffff, 0xffff, 0xffff, 0xffff, 0xffff, 0xffff, 0xffff, 0xffff, 0xffff, 0xffff, 0xffff,
    0xffff, 0xffff, 0xffff, 0xffff, 0xffff, 0xffff, 0xffff, 0xffff, 0xffff, 0xffff, 0xffff, 0xffff, 0xffff, 0xffff, 0xffff, 0xffff,
    0xffff, 0xffff, 0xffff, 0xffff, 0xffff, 0xffff, 0xffff, 0xffff, 0xffff, 0xffff, 0xffff, 0xffff, 0xffff, 0xffff, 0xffff, 0xffff,
    0xffff, 0xffff, 0xffff, 0xffff, 0x0000, 0x0000, 0x0000, 0x0000, 0x0000, 0x0000, 0x0000, 0x0000, 0x0000, 0x0000, 0x0000, 0x0000,
    0x0000, 0x0000, 0x0000, 0x0000, 0x0000, 0x0000, 0x0000, 0x0000, 0x0000, 0x0000, 0x0000, 0x080a, 0x080a, 0x080a, 0x080a, 0x080a,
    0x080a, 0x080a, 0x080a, 0x080a, 0x080a, 0x080a, 0x080a, 0x080a, 0x080a, 0x080a, 0x05bf, 0x05bf, 0x05bf, 0x05bf, 0x05bf, 0x05bf,
    0x05bf, 0x05bf, 0x05bf, 0x05bf, 0x05bf, 0x6b36, 0x6b36, 0x6b36, 0x6b36, 0x6b36, 0x6b36, 0x6b36, 0x6b36, 0x6b36, 0x6b36, 0x6b36,
    0xffff, 0xffff, 0xffff, 0xffff, 0xffff, 0xffff, 0xffff, 0xffff, 0xffff, 0xffff, 0xffff, 0xffff, 0xffff, 0xffff, 0xffff, 0xffff,
    0xffff, 0xffff, 0xffff, 0xffff, 0xffff, 0xffff, 0xffff, 0xf800, 0xf800, 0xf800, 0xffff, 0xffff, 0xffff, 0xffff, 0xffff, 0xffff,
    0xffff, 0xffff, 0xffff, 0xffff, 0xffff, 0xffff, 0xf800, 0xf800, 0xf800, 0xffff, 0xffff, 0xffff, 0xffff, 0xffff, 0xffff, 0xffff,
    0xffff, 0xf800, 0xf800, 0xf800, 0xf800, 0xffff, 0xffff, 0xffff, 0xffff, 0xffff, 0xffff, 0xffff, 0xffff, 0xffff, 0xffff, 0xffff,
    0xffff, 0xffff, 0xffff, 0xffff, 0xf800, 0xf800, 0xf800, 0xffff, 0xffff, 0xffff, 0xffff, 0xffff, 0xffff, 0xffff, 0xffff, 0xf800,
    0xf800, 0xf800, 0xf800, 0xffff, 0xffff, 0xffff, 0xffff, 0xffff, 0xffff, 0xffff, 0xffff, 0xffff, 0xffff, 0xffff, 0xffff, 0xff20,
    0xff20, 0xff20, 0xff20, 0xff20, 0xff20, 0xff20, 0xff20, 0xff20, 0xff20, 0xff20, 0xffff, 0xffff, 0xffff, 0xffff, 0xffff, 0xffff,
    0xffff, 0xffff, 0xffff, 0xffff, 0xffff, 0xffff, 0xffff, 0xffff, 0xffff, 0xffff, 0xffff, 0xffff, 0xffff, 0xffff, 0xffff, 0xffff,
    0xffff, 0xffff, 0xffff, 0xffff, 0xffff, 0xffff, 0xffff, 0xffff, 0xffff, 0xffff, 0xffff, 0xffff, 0xffff, 0xffff, 0xffff, 0xffff,
    0xffff, 0xffff, 0xffff, 0xffff, 0xffff, 0xffff, 0xffff, 0xffff, 0xffff, 0xffff, 0xffff, 0xffff, 0xffff, 0xffff, 0xffff, 0xffff,
    0xffff, 0xffff, 0xffff, 0xffff, 0xffff, 0xffff, 0xffff, 0xffff, 0xffff, 0xffff, 0xffff, 0xffff, 0xffff, 0xffff, 0xffff, 0xffff,
    0xffff, 0xffff, 0xffff, 0xffff, 0x0000, 0x0000, 0x0000, 0x0000, 0x0000, 0x0000, 0x0000, 0x0000, 0x0000, 0x0000, 0x0000, 0x0000,
    0x0000, 0x0000, 0x0000, 0x0000, 0x0000, 0x0000, 0x0000, 0x0000, 0x0000, 0x0000, 0x0000, 0x080a, 0x080a, 0x080a, 0x080a, 0x080a,
    0x080a, 0x080a, 0x080a, 0x080a, 0x080a, 0x080a, 0x080a, 0x080a, 0x080a, 0x080a, 0x05bf, 0x05bf, 0x05bf, 0x05bf, 0x05bf, 0x05bf,
    0x05bf, 0x05bf, 0x05bf, 0x05bf, 0x05bf, 0x6b36, 0x6b36, 0x6b36, 0x6b36, 0x6b36, 0x6b36, 0x6b36, 0x6b36, 0x6b36, 0x6b36, 0x6b36,
    0xffff, 0xffff, 0xffff, 0xffff, 0xffff, 0xffff, 0xffff, 0xffff, 0xffff, 0xffff, 0xffff, 0xffff, 0xffff, 0xffff, 0xffff, 0xffff,
    0xffff, 0xffff, 0xffff, 0xffff, 0xffff, 0xffff, 0xffff, 0xf800, 0xf800, 0xf800, 0xffff, 0xffff, 0xffff, 0xffff, 0xffff, 0xffff,
    0xffff, 0xffff, 0xffff, 0xffff, 0xffff, 0xffff, 0xf800, 0xf800, 0xf800, 0xffff, 0xffff, 0xffff, 0xffff, 0xffff, 0xffff, 0xffff,
    0xffff, 0xf800, 0xf800, 0xf800, 0xf800, 0xffff, 0xffff, 0xffff, 0xffff, 0xffff, 0xffff, 0xffff, 0xffff, 0xffff, 0xffff, 0xffff,
    0xf800, 0xf800, 0xf800, 0xf800, 0xf800, 0xf800, 0xf800, 0xffff, 0xffff, 0xffff, 0xffff, 0xffff, 0xffff, 0xffff, 0xffff, 0xf800,
    0xf800, 0xf800, 0xf800, 0xffff, 0xffff, 0xffff, 0xffff, 0xffff, 0xffff, 0xffff, 0xffff, 0xffff, 0xffff, 0xffff, 0xffff, 0xff20,
    0xffff, 0xff20, 0xff20, 0xff20, 0xff20, 0xff20, 0xff20, 0xff20, 0xffff, 0xffff, 0xffff, 0xffff, 0xffff, 0xffff, 0xffff, 0xffff,
    0xffff, 0xffff, 0xffff, 0xffff, 0xffff, 0xffff, 0xffff, 0xffff, 0xffff, 0xffff, 0xffff, 0xffff, 0xffff, 0xffff, 0xffff, 0xffff,
    0xffff, 0xffff, 0xffff, 0xffff, 0xffff, 0xffff, 0xffff, 0xffff, 0xffff, 0xffff, 0xffff, 0xffff, 0xffff, 0xffff, 0xffff, 0xffff,
    0xffff, 0xffff, 0xffff, 0xffff, 0xffff, 0xffff, 0xffff, 0xffff, 0xffff, 0xffff, 0xffff, 0xffff, 0xffff, 0xffff, 0xffff, 0xffff,
    0xffff, 0xffff, 0xffff, 0xffff, 0xffff, 0xffff, 0xffff, 0xffff, 0xffff, 0xffff, 0xffff, 0xffff, 0xffff, 0xffff, 0xffff, 0xffff,
    0xffff, 0xffff, 0xffff, 0xffff, 0x0000, 0x0000, 0x0000, 0x0000, 0x0000, 0x0000, 0x0000, 0x0000, 0x0000, 0x0000, 0x0000, 0x0000,
    0x0000, 0x0000, 0x0000, 0x0000, 0x0000, 0x0000, 0x0000, 0x0000, 0x0000, 0x0000, 0x0000, 0x080a, 0x080a, 0x080a, 0x080a, 0x080a,
    0x080a, 0x080a, 0x05bf, 0x05bf, 0x05bf, 0x05bf, 0x05bf, 0x05bf, 0x05bf, 0x05bf, 0x05bf, 0x05bf, 0x05bf, 0x080a, 0x080a, 0x080a,
    0x080a, 0x6b36, 0x6b36, 0x6b36, 0x6b36, 0x6b36, 0x6b36, 0x6b36, 0x6b36, 0x6b36, 0x6b36, 0x6b36, 0x6b36, 0x6b36, 0x6b36, 0x6b36,
    0xffff, 0xffff, 0xffff, 0xffff, 0xffff, 0xffff, 0xffff, 0xffff, 0xffff, 0xffff, 0xffff, 0xffff, 0xffff, 0xffff, 0xffff, 0xffff,
    0xffff, 0xffff, 0xffff, 0xffff, 0xffff, 0xffff, 0xffff, 0xf800, 0xf800, 0xf800, 0xffff, 0xffff, 0xffff, 0xffff, 0xffff, 0xffff,
    0xffff, 0xffff, 0xffff, 0xffff, 0xffff, 0xffff, 0xf800, 0xf800, 0xf800, 0xffff, 0xffff, 0xffff, 0xffff, 0xffff, 0xffff, 0xffff,
    0xffff, 0xf800, 0xf800, 0xf800, 0xf800, 0xffff, 0xffff, 0xffff, 0xffff, 0xffff, 0xffff, 0xffff, 0xffff, 0xffff, 0xffff, 0xffff,
    0xf800, 0xf800, 0xf800, 0xf800, 0xf800, 0xf800, 0xf800, 0xffff, 0xffff, 0xffff, 0xffff, 0xffff, 0xffff, 0xffff, 0xffff, 0xf800,
    0xf800, 0xf800, 0xf800, 0xffff, 0xffff, 0xffff, 0xffff, 0xffff, 0xffff, 0xffff, 0xffff, 0xffff, 0xffff, 0xffff, 0xffff, 0xff20,
    0xff20, 0xff20, 0xff20, 0xff20, 0xff20, 0xff20, 0xffff, 0xffff, 0xffff, 0xffff, 0xffff, 0xffff, 0xffff, 0xffff, 0xffff, 0xffff,
    0xffff, 0xffff, 0xffff, 0xffff, 0xffff, 0xffff, 0xffff, 0xffff, 0xffff, 0xffff, 0xffff, 0xffff, 0xffff, 0xffff, 0xffff, 0xffff,
    0xffff, 0xffff, 0xffff, 0xffff, 0xffff, 0xffff, 0xffff, 0xffff, 0xffff, 0xffff, 0xffff, 0xffff, 0xffff, 0xffff, 0xffff, 0xffff,
    0xffff, 0xffff, 0xffff, 0xffff, 0xffff, 0xffff, 0xffff, 0xffff, 0xffff, 0xffff, 0xffff, 0xffff, 0xffff, 0xffff, 0xffff, 0xffff,
    0xffff, 0xffff, 0xffff, 0xffff, 0xffff, 0xffff, 0xffff, 0xffff, 0xffff, 0xffff, 0xffff, 0xffff, 0xffff, 0xffff, 0xffff, 0xffff,
    0xffff, 0xffff, 0xffff, 0xffff, 0x0000, 0x0000, 0x0000, 0x0000, 0x0000, 0x0000, 0x0000, 0x0000, 0x0000, 0x0000, 0x0000, 0x0000,
    0x0000, 0x0000, 0x0000, 0x0000, 0x0000, 0x0000, 0x0000, 0x0000, 0x0000, 0x0000, 0x0000, 0x080a, 0x080a, 0x080a, 0x080a, 0x080a,
    0x080a, 0x080a, 0x05bf, 0x05bf, 0x05bf, 0x05bf, 0x05bf, 0x05bf, 0x05bf, 0x05bf, 0x05bf, 0x05bf, 0x05bf, 0x080a, 0x080a, 0x080a,
    0x080a, 0x6b36, 0x6b36, 0x6b36, 0x6b36, 0x6b36, 0x6b36, 0x6b36, 0x6b36, 0x6b36, 0x6b36, 0x6b36, 0x6b36, 0x6b36, 0x6b36, 0x6b36,
    0xffff, 0xffff, 0xffff, 0xffff, 0xffff, 0xffff, 0xffff, 0xffff, 0xffff, 0xffff, 0xffff, 0xffff, 0xffff, 0xffff, 0xffff, 0xffff,
    0xffff, 0xffff, 0xffff, 0xffff, 0xffff, 0xffff, 0xffff, 0xf800, 0xf800, 0xf800, 0xffff, 0xffff, 0xffff, 0xffff, 0xffff, 0xffff,
    0xffff, 0xffff, 0xffff, 0xffff, 0xffff, 0xffff, 0xf800, 0xf800, 0xf800, 0xffff, 0xffff, 0xffff, 0xffff, 0xffff, 0xffff, 0xffff,
    0xffff, 0xf800, 0xf800, 0xf800, 0xf800, 0xffff, 0xffff, 0xffff, 0xffff, 0xffff, 0xffff, 0xffff, 0xffff, 0xffff, 0xffff, 0xffff,
    0xf800, 0xf800, 0xf800, 0xf800, 0xf800, 0xf800, 0xf800, 0xffff, 0xffff, 0xffff, 0xffff, 0xffff, 0xffff, 0xffff, 0xffff, 0xf800,
    0xf800, 0xf800, 0xf800, 0xffff, 0xffff, 0xffff, 0xffff, 0xffff, 0xffff, 0xffff, 0xffff, 0xffff, 0xffff, 0xffff, 0xffff, 0xffff,
    0xff20, 0xff20, 0xff20, 0xff20, 0xff20, 0xffff, 0xffff, 0xffff, 0xffff, 0xffff, 0xffff, 0xffff, 0xffff, 0xffff, 0xffff, 0xffff,
    0xffff, 0xffff, 0xffff, 0xffff, 0xffff, 0xffff, 0xffff, 0xffff, 0xffff, 0xffff, 0xffff, 0xffff, 0xffff, 0xffff, 0xffff, 0xffff,
    0xffff, 0xffff, 0xffff, 0xffff, 0xffff, 0xffff, 0xffff, 0xffff, 0xffff, 0xffff, 0xffff, 0xffff, 0xffff, 0xffff, 0xffff, 0xffff,
    0xffff, 0xffff, 0xffff, 0xffff, 0xffff, 0xffff, 0xffff, 0xffff, 0xffff, 0xffff, 0xffff, 0xffff, 0xffff, 0xffff, 0xffff, 0xffff,
    0xffff, 0xffff, 0xffff, 0xffff, 0xffff, 0xffff, 0xffff, 0xffff, 0xffff, 0xffff, 0xffff, 0xffff, 0xffff, 0xffff, 0xffff, 0xffff,
    0xffff, 0xffff, 0xffff, 0xffff, 0x0000, 0x0000, 0x0000, 0x0000, 0x0000, 0x0000, 0x0000, 0x0000, 0x0000, 0x0000, 0x0000, 0x0000,
    0x0000, 0x0000, 0x0000, 0x0000, 0x0000, 0x0000, 0x0000, 0x0000, 0x0000, 0x0000, 0x0000, 0x080a, 0x080a, 0x080a, 0x080a, 0x080a,
    0x080a, 0x080a, 0x05bf, 0x05bf, 0x05bf, 0x05bf, 0x05bf, 0x05bf, 0x05bf, 0x05bf, 0x05bf, 0x05bf, 0x05bf, 0x080a, 0x080a, 0x080a,
    0x080a, 0x6b36, 0x6b36, 0x6b36, 0x6b36, 0x6b36, 0x6b36, 0x6b36, 0x6b36, 0x6b36, 0x6b36, 0x6b36, 0x6b36, 0x6b36, 0x6b36, 0x6b36,
    0xffff, 0xffff, 0xffff, 0xffff, 0xffff, 0xffff, 0xffff, 0xffff, 0xffff, 0xffff, 0xffff, 0xffff, 0xffff, 0xffff, 0xffff, 0xffff,
    0xffff, 0xffff, 0xffff, 0xffff, 0xffff, 0xffff, 0xffff, 0xf800, 0xf800, 0xf800, 0xffff, 0xffff, 0xffff, 0xffff, 0xffff, 0xffff,
    0xffff, 0xffff, 0xffff, 0xffff, 0xffff, 0xffff, 0xf800, 0xf800, 0xf800, 0xffff, 0xffff, 0xffff, 0xffff, 0xffff, 0xffff, 0xffff,
    0xffff, 0xf800, 0xf800, 0xf800, 0xf800, 0xffff, 0xffff, 0xffff, 0xffff, 0xffff, 0xffff, 0xffff, 0xffff, 0xffff, 0xffff, 0xffff,
    0xf800, 0xf800, 0xf800, 0xf800, 0xf800, 0xf800, 0xf800, 0xffff, 0xffff, 0xffff, 0xffff, 0xffff, 0xffff, 0xffff, 0xffff, 0xf800,
    0xf800, 0xf800, 0xf800, 0xffff, 0xffff, 0xffff, 0xffff, 0xffff, 0xffff, 0xffff, 0xffff, 0xffff, 0xffff, 0xffff, 0xffff, 0xffff,
    0xffff, 0xff20, 0xff20, 0xff20, 0xffff, 0xffff, 0xffff, 0xffff, 0xffff, 0xffff, 0xffff, 0xffff, 0xffff, 0xffff, 0xffff, 0xffff,
    0xffff, 0xffff, 0xffff, 0xffff, 0xffff, 0xffff, 0xffff, 0xffff, 0xffff, 0xffff, 0xffff, 0xffff, 0xffff, 0xffff, 0xffff, 0xffff,
    0xffff, 0xffff, 0xffff, 0xffff, 0xffff, 0xffff, 0xffff, 0xffff, 0xffff, 0xffff, 0xffff, 0xffff, 0xffff, 0xffff, 0xffff, 0xffff,
    0xffff, 0xffff, 0xffff, 0xffff, 0xffff, 0xffff, 0xffff, 0xffff, 0xffff, 0xffff, 0xffff, 0xffff, 0xffff, 0xffff, 0xffff, 0xffff,
    0xffff, 0xffff, 0xffff, 0xffff, 0xffff, 0xffff, 0xffff, 0xffff, 0xffff, 0xffff, 0xffff, 0xffff, 0xffff, 0xffff, 0xffff, 0xffff,
    0xffff, 0xffff, 0xffff, 0xffff, 0x0000, 0x0000, 0x0000, 0x0000, 0x0000, 0x0000, 0x0000, 0x0000, 0x0000, 0x0000, 0x0000, 0x0000,
    0x0000, 0x0000, 0x0000, 0x0000, 0x0000, 0x0000, 0x0000, 0x0000, 0x0000, 0x0000, 0x0000, 0x080a, 0x080a, 0x080a, 0x080a, 0x080a,
    0x080a, 0x080a, 0x05bf, 0x05bf, 0x05bf, 0x05bf, 0x05bf, 0x05bf, 0x05bf, 0x05bf, 0x05bf, 0x05bf, 0x05bf, 0x080a, 0x080a, 0x080a,
    0x080a, 0x6b36, 0x6b36, 0x6b36, 0x6b36, 0x6b36, 0x6b36, 0x6b36, 0x6b36, 0x6b36, 0x6b36, 0x6b36, 0x6b36, 0x6b36, 0x6b36, 0x6b36,
    0xffff, 0xffff, 0xffff, 0xffff, 0xffff, 0xffff, 0xffff, 0xffff, 0xffff, 0xffff, 0xffff, 0xffff, 0xffff, 0xffff, 0xffff, 0xffff,
    0xffff, 0xffff, 0xffff, 0xffff, 0xffff, 0xffff, 0xffff, 0xf800, 0xf800, 0xf800, 0xffff, 0xffff, 0xffff, 0xffff, 0xffff, 0xffff,
    0xffff, 0xffff, 0xffff, 0xffff, 0xffff, 0xffff, 0xf800, 0xf800, 0xf800, 0xffff, 0xffff, 0xffff, 0xffff, 0xffff, 0xffff, 0xffff,
    0xffff, 0xf800, 0xf800, 0xf800, 0xf800, 0xffff, 0xffff, 0xffff, 0xffff, 0xffff, 0xffff, 0xffff, 0xf800, 0xf800, 0xf800, 0xf800,
    0xf800, 0xf800, 0xf800, 0xf800, 0xffff, 0xffff, 0xffff, 0xffff, 0xffff, 0xffff, 0xffff, 0xffff, 0xffff, 0xffff, 0xffff, 0xffff,
    0xffff, 0xffff, 0xffff, 0xffff, 0xffff, 0xffff, 0xffff, 0xffff, 0xff20, 0xffff, 0xffff, 0xffff, 0xffff, 0xffff, 0xffff, 0xffff,
    0xffff, 0xff20, 0xff20, 0xffff, 0xffff, 0xffff, 0xffff, 0xffff, 0xffff, 0xffff, 0xffff, 0xffff, 0xffff, 0xffff, 0xffff, 0xffff,
    0xffff, 0xffff, 0xffff, 0xffff, 0xffff, 0xffff, 0xffff, 0xffff, 0xffff, 0xffff, 0xffff, 0xffff, 0xffff, 0xffff, 0xffff, 0xffff,
    0xffff, 0xffff, 0xffff, 0xffff, 0xffff, 0xffff, 0xffff, 0xffff, 0xffff, 0xffff, 0xffff, 0xffff, 0xffff, 0xffff, 0xffff, 0xffff,
    0xffff, 0xffff, 0xffff, 0xffff, 0xffff, 0xffff, 0xffff, 0xffff, 0xffff, 0xffff, 0xffff, 0xffff, 0xffff, 0xffff, 0xffff, 0xffff,
    0xffff, 0xffff, 0xffff, 0xffff, 0xffff, 0x0000, 0x0000, 0x0000, 0x0000, 0x0000, 0x0000, 0x0000, 0x0000, 0x0000, 0x0000, 0x0000,
    0x0000, 0x0000, 0x0000, 0x0000, 0x0000, 0x0000, 0x0000, 0x0000, 0x0000, 0x0000, 0x0000, 0x0000, 0x080a, 0x080a, 0x080a, 0x080a,
    0x080a, 0x080a, 0x080a, 0x080a, 0x080a, 0x080a, 0x080a, 0x080a, 0x080a, 0x080a, 0x080a, 0x05bf, 0x05bf, 0x05bf, 0x05bf, 0x05bf,
    0x05bf, 0x05bf, 0x05bf, 0x05bf, 0x05bf, 0x05bf, 0x6b36, 0x6b36, 0x6b36, 0x6b36, 0x6b36, 0x6b36, 0x6b36, 0x6b36, 0x6b36, 0x6b36,
    0x6b36, 0x6b36, 0x6b36, 0x6b36, 0x6b36, 0x6b36, 0x6b36, 0x6b36, 0x6b36, 0x2194, 0x2194, 0x2194, 0x2194, 0x2194, 0x2194, 0x2194,
    0xffff, 0xffff, 0xffff, 0xffff, 0xffff, 0xffff, 0xffff, 0xffff, 0xffff, 0xffff, 0xffff, 0xffff, 0xffff, 0xffff, 0xffff, 0xffff,
    0xffff, 0xffff, 0xffff, 0xffff, 0xffff, 0xffff, 0xffff, 0xf800, 0xf800, 0xf800, 0xffff, 0xffff, 0xffff, 0xffff, 0xffff, 0xffff,
    0xffff, 0xffff, 0xffff, 0xffff, 0xffff, 0xffff, 0xf800, 0xf800, 0xf800, 0xffff, 0xffff, 0xffff, 0xffff, 0xffff, 0xffff, 0xffff,
    0xffff, 0xf800, 0xf800, 0xf800, 0xf800, 0xffff, 0xffff, 0xffff, 0xffff, 0xffff, 0xffff, 0xffff, 0xf800, 0xf800, 0xf800, 0xf800,
    0xf800, 0xf800, 0xf800, 0xf800, 0xffff, 0xffff, 0xffff, 0xffff, 0xffff, 0xffff, 0xffff, 0xffff, 0xffff, 0xffff, 0xffff, 0xffff,
    0xffff, 0xffff, 0xffff, 0xffff, 0xffff, 0xffff, 0xff20, 0xff20, 0xff20, 0xff20, 0xffff, 0xffff, 0xffff, 0xffff, 0xffff, 0xffff,
    0xffff, 0xffff, 0xffff, 0xffff, 0xffff, 0xffff, 0xffff, 0xffff, 0xffff, 0xffff, 0xffff, 0xffff, 0xffff, 0xffff, 0xffff, 0xffff,
    0xffff, 0xffff, 0xffff, 0xffff, 0xffff, 0xffff, 0xffff, 0xffff, 0xffff, 0xffff, 0xffff, 0xffff, 0xffff, 0xffff, 0xffff, 0xffff,
    0xffff, 0xffff, 0xffff, 0xffff, 0xffff, 0xffff, 0xffff, 0xffff, 0xffff, 0xffff, 0xffff, 0xffff, 0xffff, 0xffff, 0xffff, 0xffff,
    0xffff, 0xffff, 0xffff, 0xffff, 0xffff, 0xffff, 0xffff, 0xffff, 0xffff, 0xffff, 0xffff, 0xffff, 0xffff, 0xffff, 0xffff, 0xffff,
    0xffff, 0xffff, 0xffff, 0xffff, 0xffff, 0x0000, 0x0000, 0x0000, 0x0000, 0x0000, 0x0000, 0x0000, 0x0000, 0x0000, 0x0000, 0x0000,
    0x0000, 0x0000, 0x0000, 0x0000, 0x0000, 0x0000, 0x0000, 0x0000, 0x0000, 0x0000, 0x0000, 0x0000, 0x080a, 0x080a, 0x080a, 0x080a,
    0x080a, 0x080a, 0x080a, 0x080a, 0x080a, 0x080a, 0x080a, 0x080a, 0x080a, 0x080a, 0x080a, 0x05bf, 0x05bf, 0x05bf, 0x05bf, 0x05bf,
    0x05bf, 0x05bf, 0x05bf, 0x05bf, 0x05bf, 0x05bf, 0x6b36, 0x6b36, 0x6b36, 0x6b36, 0x6b36, 0x6b36, 0x6b36, 0x6b36, 0x6b36, 0x6b36,
    0x6b36, 0x6b36, 0x6b36, 0x6b36, 0x6b36, 0x6b36, 0x6b36, 0x6b36, 0x6b36, 0x2194, 0x2194, 0x2194, 0x2194, 0x2194, 0x2194, 0x2194,
    0xffff, 0xffff, 0xffff, 0xffff, 0xffff, 0xffff, 0xffff, 0xffff, 0xffff, 0xffff, 0xffff, 0xffff, 0xffff, 0xffff, 0xffff, 0xffff,
    0xffff, 0xffff, 0xffff, 0xffff, 0xffff, 0xffff, 0xffff, 0xf800, 0xf800, 0xf800, 0xffff, 0xffff, 0xffff, 0xffff, 0xffff, 0xffff,
    0xffff, 0xffff, 0xffff, 0xffff, 0xffff, 0xffff, 0xf800, 0xf800, 0xf800, 0xffff, 0xffff, 0xffff, 0xffff, 0xffff, 0xffff, 0xffff,
    0xffff, 0xf800, 0xf800, 0xf800, 0xf800, 0xffff, 0xffff, 0xffff, 0xffff, 0xffff, 0xffff, 0xffff, 0xf800, 0xf800, 0xf800, 0xf800,
    0xf800, 0xf800, 0xf800, 0xf800, 0xffff, 0xffff, 0xffff, 0xffff, 0xffff, 0xffff, 0xffff, 0xffff, 0xffff, 0xffff, 0xffff, 0xffff,
    0xffff, 0xffff, 0xffff, 0xffff, 0xff20, 0xff20, 0xff20, 0xff20, 0xff20, 0xffff, 0xff20, 0xffff, 0xffff, 0xffff, 0xffff, 0xffff,
    0xffff, 0xffff, 0xffff, 0xffff, 0xffff, 0xffff, 0xffff, 0xffff, 0xffff, 0xffff, 0xffff, 0xffff, 0xffff, 0xffff, 0xffff, 0xffff,
    0xffff, 0xffff, 0xffff, 0xffff, 0xffff, 0xffff, 0xffff, 0xffff, 0xffff, 0xffff, 0xffff, 0xffff, 0xffff, 0xffff, 0xffff, 0xffff,
    0xffff, 0xffff, 0xffff, 0xffff, 0xffff, 0xffff, 0xffff, 0xffff, 0xffff, 0xffff, 0xffff, 0xffff, 0xffff, 0xffff, 0xffff, 0xffff,
    0xffff, 0xffff, 0xffff, 0xffff, 0xffff, 0xffff, 0xffff, 0xffff, 0xffff, 0xffff, 0xffff, 0xffff, 0xffff, 0xffff, 0xffff, 0xffff,
    0xffff, 0xffff, 0xffff, 0xffff, 0xffff, 0x0000, 0x0000, 0x0000, 0x0000, 0x0000, 0x0000, 0x0000, 0x0000, 0x0000, 0x0000, 0x0000,
    0x0000, 0x0000, 0x0000, 0x0000, 0x0000, 0x0000, 0x0000, 0x0000, 0x0000, 0x0000, 0x0000, 0x0000, 0x080a, 0x080a, 0x080a, 0x080a,
    0x080a, 0x080a, 0x080a, 0x080a, 0x080a, 0x080a, 0x080a, 0x080a, 0x080a, 0x080a, 0x080a, 0x05bf, 0x05bf, 0x05bf, 0x05bf, 0x05bf,
    0x05bf, 0x05bf, 0x05bf, 0x05bf, 0x05bf, 0x05bf, 0x6b36, 0x6b36, 0x6b36, 0x6b36, 0x6b36, 0x6b36, 0x6b36, 0x6b36, 0x6b36, 0x6b36,
    0x6b36, 0x6b36, 0x6b36, 0x6b36, 0x6b36, 0x6b36, 0x6b36, 0x6b36, 0x6b36, 0x2194, 0x2194, 0x2194, 0x2194, 0x2194, 0x2194, 0x2194,
    0xffff, 0xffff, 0xffff, 0xffff, 0xffff, 0xffff, 0xffff, 0xffff, 0xffff, 0xffff, 0xffff, 0xffff, 0xffff, 0xffff, 0xffff, 0xffff,
    0xffff, 0xffff, 0xffff, 0xffff, 0xffff, 0xffff, 0xffff, 0xf800, 0xf800, 0xf800, 0xffff, 0xffff, 0xffff, 0xffff, 0xffff, 0xffff,
    0xffff, 0xffff, 0xffff, 0xffff, 0xffff, 0xffff, 0xf800, 0xf800, 0xf800, 0xffff, 0xffff, 0xffff, 0xffff, 0xffff, 0xffff, 0xffff,
    0xffff, 0xf800, 0xf800, 0xf800, 0xf800, 0xf800, 0xf800, 0xf800, 0xf800, 0xf800, 0xf800, 0xf800, 0xffff, 0xffff, 0xffff, 0xffff,
    0xffff, 0xffff, 0xffff, 0xffff, 0xffff, 0xffff, 0xffff, 0xffff, 0xffff, 0xffff, 0xffff, 0xffff, 0xffff, 0xffff, 0xffff, 0xffff,
    0xffff, 0xffff, 0xffff, 0xff20, 0xff20, 0xff20, 0xff20, 0xff20, 0xff20, 0xffff, 0xff20, 0xffff, 0xffff, 0xffff, 0xffff, 0xffff,
    0xffff, 0xffff, 0xffff, 0xffff, 0xffff, 0xffff, 0xffff, 0xffff, 0xffff, 0xffff, 0xffff, 0xffff, 0xffff, 0xffff, 0xffff, 0xffff,
    0xffff, 0xffff, 0xffff, 0xffff, 0xffff, 0xffff, 0xffff, 0xffff, 0xffff, 0xffff, 0xffff, 0xffff, 0xffff, 0xffff, 0xffff, 0xffff,
    0xffff, 0xffff, 0xffff, 0xffff, 0xffff, 0xffff, 0xffff, 0xffff, 0xffff, 0xffff, 0xffff, 0xffff, 0xffff, 0xffff, 0xffff, 0xffff,
    0xffff, 0xffff, 0xffff, 0xffff, 0xffff, 0xffff, 0xffff, 0xffff, 0xffff, 0xffff, 0xffff, 0xffff, 0xffff, 0xffff, 0xffff, 0xffff,
    0xffff, 0xffff, 0xffff, 0xffff, 0xffff, 0x0000, 0x0000, 0x0000, 0x0000, 0x0000, 0x0000, 0x0000, 0x0000, 0x0000, 0x0000, 0x0000,
    0x0000, 0x0000, 0x0000, 0x0000, 0x0000, 0x0000, 0x0000, 0x0000, 0x0000, 0x0000, 0x0000, 0x0000, 0x080a, 0x080a, 0x080a, 0x080a,
    0x080a, 0x080a, 0x080a, 0x05bf, 0x05bf, 0x05bf, 0x05bf, 0x05bf, 0x05bf, 0x05bf, 0x05bf, 0x05bf, 0x05bf, 0x05bf, 0x080a, 0x080a,
    0x080a, 0x080a, 0x6b36, 0x6b36, 0x6b36, 0x6b36, 0x6b36, 0x6b36, 0x6b36, 0x6b36, 0x6b36, 0x6b36, 0x6b36, 0x6b36, 0x6b36, 0x6b36,
    0x6b36, 0x6b36, 0x6b36, 0x6b36, 0x6b36, 0x6b36, 0x6b36, 0x6b36, 0x6b36, 0x2194, 0x2194, 0x2194, 0x2194, 0x2194, 0x2194, 0x2194,
    0xffff, 0xffff, 0xffff, 0xffff, 0xffff, 0xffff, 0xffff, 0xffff, 0xffff, 0xffff, 0xffff, 0xffff, 0xffff, 0xffff, 0xffff, 0xffff,
    0xffff, 0xffff, 0xffff, 0xffff, 0xffff, 0xffff, 0xffff, 0xf800, 0xf800, 0xf800, 0xffff, 0xffff, 0xffff, 0xffff, 0xffff, 0xffff,
    0xffff, 0xffff, 0xffff, 0xffff, 0xffff, 0xffff, 0xf800, 0xf800, 0xf800, 0xffff, 0xffff, 0xffff, 0xffff, 0xffff, 0xffff, 0xffff,
    0xffff, 0xf800, 0xf800, 0xf800, 0xf800, 0xf800, 0xf800, 0xf800, 0xf800, 0xf800, 0xf800, 0xf800, 0xffff, 0xffff, 0xffff, 0xffff,
    0xffff, 0xffff, 0xffff, 0xffff, 0xffff, 0xffff, 0xffff, 0xffff, 0xffff, 0xffff, 0xffff, 0xffff, 0xffff, 0xffff, 0xffff, 0xffff,
    0xff20, 0xff20, 0xff20, 0xff20, 0xff20, 0xff20, 0xff20, 0xff20, 0xff20, 0xff20, 0xffff, 0xffff, 0xffff, 0xffff, 0xffff, 0xffff,
    0xffff, 0xffff, 0xffff, 0xffff, 0xffff, 0xffff, 0xffff, 0xffff, 0xffff, 0xffff, 0xffff, 0xffff, 0xffff, 0xffff, 0xffff, 0xffff,
    0xffff, 0xffff, 0xffff, 0xffff, 0xffff, 0xffff, 0xffff, 0xffff, 0xffff, 0xffff, 0xffff, 0xffff, 0xffff, 0xffff, 0xffff, 0xffff,
    0xffff, 0xffff, 0xffff, 0xffff, 0xffff, 0xffff, 0xffff, 0xffff, 0xffff, 0xffff, 0xffff, 0xffff, 0xffff, 0xffff, 0xffff, 0xffff,
    0xffff, 0xffff, 0xffff, 0xffff, 0xffff, 0xffff, 0xffff, 0xffff, 0xffff, 0xffff, 0xffff, 0xffff, 0xffff, 0xffff, 0xffff, 0xffff,
    0xffff, 0xffff, 0xffff, 0xffff, 0xffff, 0x0000, 0x0000, 0x0000, 0x0000, 0x0000, 0x0000, 0x0000, 0x0000, 0x0000, 0x0000, 0x0000,
    0x0000, 0x0000, 0x0000, 0x0000, 0x0000, 0x0000, 0x0000, 0x0000, 0x0000, 0x0000, 0x0000, 0x0000, 0x080a, 0x080a, 0x080a, 0x080a,
    0x080a, 0x080a, 0x080a, 0x05bf, 0x05bf, 0x05bf, 0x05bf, 0x05bf, 0x05bf, 0x05bf, 0x05bf, 0x05bf, 0x05bf, 0x05bf, 0x080a, 0x080a,
    0x080a, 0x080a, 0x6b36, 0x6b36, 0x6b36, 0x6b36, 0x6b36, 0x6b36, 0x6b36, 0x6b36, 0x6b36, 0x6b36, 0x6b36, 0x6b36, 0x6b36, 0x6b36,
    0x6b36, 0x6b36, 0x6b36, 0x6b36, 0x6b36, 0x6b36, 0x6b36, 0x6b36, 0x6b36, 0x2194, 0x2194, 0x2194, 0x2194, 0x2194, 0x2194, 0x2194,
    0xffff, 0xffff, 0xffff, 0xffff, 0xffff, 0xffff, 0xffff, 0xffff, 0xffff, 0xffff, 0xffff, 0xffff, 0xffff, 0xffff, 0xffff, 0xffff,
    0xffff, 0xffff, 0xffff, 0xffff, 0xffff, 0xffff, 0xffff, 0xf800, 0xf800, 0xf800, 0xffff, 0xffff, 0xffff, 0xffff, 0xffff, 0xffff,
    0xffff, 0xffff, 0xffff, 0xffff, 0xffff, 0xffff, 0xf800, 0xf800, 0xf800, 0xffff, 0xffff, 0xffff, 0xffff, 0xffff, 0xffff, 0xffff,
    0xffff, 0xf800, 0xf800, 0xf800, 0xf800, 0xf800, 0xf800, 0xf800, 0xf800, 0xf800, 0xf800, 0xf800, 0xffff, 0xffff, 0xffff, 0xffff,
    0xffff, 0xffff, 0xffff, 0xffff, 0xffff, 0xffff, 0xffff, 0xffff, 0xffff, 0xffff, 0xffff, 0xffff, 0xffff, 0xffff, 0xff20, 0xff20,
    0xff20, 0xff20, 0xff20, 0xff20, 0xff20, 0xff20, 0xff20, 0xff20, 0xff20, 0xffff, 0xffff, 0xffff, 0xffff, 0xffff, 0xffff, 0xffff,
    0xffff, 0xffff, 0xffff, 0xffff, 0xffff, 0xffff, 0xffff, 0xffff, 0xffff, 0xffff, 0xffff, 0xffff, 0xffff, 0xffff, 0xffff, 0xffff,
    0xffff, 0xffff, 0xffff, 0xffff, 0xffff, 0xffff, 0xffff, 0xffff, 0xffff, 0xffff, 0xffff, 0xffff, 0xffff, 0xffff, 0xffff, 0xffff,
    0xffff, 0xffff, 0xffff, 0xffff, 0xffff, 0xffff, 0xffff, 0xffff, 0xffff, 0xffff, 0xffff, 0xffff, 0xffff, 0xffff, 0xffff, 0xffff,
    0xffff, 0xffff, 0xffff, 0xffff, 0xffff, 0xffff, 0xffff, 0xffff, 0xffff, 0xffff, 0xffff, 0xffff, 0xffff, 0xffff, 0xffff, 0xffff,
    0xffff, 0xffff, 0xffff, 0xffff, 0xffff, 0x0000, 0x0000, 0x0000, 0x0000, 0x0000, 0x0000, 0x0000, 0x0000, 0x0000, 0x0000, 0x0000,
    0x0000, 0x0000, 0x0000, 0x0000, 0x0000, 0x0000, 0x0000, 0x0000, 0x0000, 0x0000, 0x0000, 0x0000, 0x080a, 0x080a, 0x080a, 0x080a,
    0x080a, 0x080a, 0x080a, 0x05bf, 0x05bf, 0x05bf, 0x05bf, 0x05bf, 0x05bf, 0x05bf, 0x05bf, 0x05bf, 0x05bf, 0x05bf, 0x080a, 0x080a,
    0x080a, 0x080a, 0x6b36, 0x6b36, 0x6b36, 0x6b36, 0x6b36, 0x6b36, 0x6b36, 0x6b36, 0x6b36, 0x6b36, 0x6b36, 0x6b36, 0x6b36, 0x6b36,
    0x6b36, 0x6b36, 0x6b36, 0x6b36, 0x6b36, 0x6b36, 0x6b36, 0x6b36, 0x6b36, 0x2194, 0x2194, 0x2194, 0x2194, 0x2194, 0x2194, 0x2194,
    0xffff, 0xffff, 0xffff, 0xffff, 0xffff, 0xffff, 0xffff, 0xffff, 0xffff, 0xffff, 0xffff, 0xffff, 0xffff, 0xffff, 0xffff, 0xffff,
    0xffff, 0xffff, 0xffff, 0xffff, 0xffff, 0xffff, 0xffff, 0xf800, 0xf800, 0xf800, 0xffff, 0xffff, 0xffff, 0xffff, 0xffff, 0xffff,
    0xffff, 0xffff, 0xffff, 0xffff, 0xffff, 0xffff, 0xf800, 0xf800, 0xf800, 0xffff, 0xffff, 0xffff, 0xffff, 0xffff, 0xffff, 0xffff,
    0xffff, 0xf800, 0xf800, 0xf800, 0xf800, 0xf800, 0xf800, 0xf800, 0xf800, 0xf800, 0xf800, 0xf800, 0xffff, 0xffff, 0xffff, 0xffff,
    0xffff, 0xffff, 0xffff, 0xffff, 0xffff, 0xffff, 0xffff, 0xffff, 0xffff, 0xffff, 0xffff, 0xffff, 0xff20, 0xff20, 0xff20, 0xff20,
    0xff20, 0xff20, 0xff20, 0xff20, 0xff20, 0xff20, 0xff20, 0xffff, 0xffff, 0xffff, 0xffff, 0xffff, 0xffff, 0xffff, 0xffff, 0xffff,
    0xffff, 0xffff, 0xffff, 0xffff, 0xffff, 0xffff, 0xffff, 0xffff, 0xffff, 0xffff, 0xffff, 0xffff, 0xffff, 0xffff, 0xffff, 0xffff,
    0xffff, 0xffff, 0xffff, 0xffff, 0xffff, 0xffff, 0xffff, 0xffff, 0xffff, 0xffff, 0xffff, 0xffff, 0xffff, 0xffff, 0xffff, 0xffff,
    0xffff, 0xffff, 0xffff, 0xffff, 0xffff, 0xffff, 0xffff, 0xffff, 0xffff, 0xffff, 0xffff, 0xffff, 0xffff, 0xffff, 0xffff, 0xffff,
    0xffff, 0xffff, 0xffff, 0xffff, 0xffff, 0xffff, 0xffff, 0xffff, 0xffff, 0xffff, 0xffff, 0xffff, 0xffff, 0xffff, 0xffff, 0xffff,
    0xffff, 0xffff, 0xffff, 0xffff, 0xffff, 0x0000, 0x0000, 0x0000, 0x0000, 0x0000, 0x0000, 0x0000, 0x0000, 0x0000, 0x0000, 0x0000,
    0x0000, 0x0000, 0x0000, 0x0000, 0x0000, 0x0000, 0x0000, 0x0000, 0x0000, 0x0000, 0x0000, 0x0000, 0x080a, 0x080a, 0x080a, 0x080a,
    0x080a, 0x080a, 0x080a, 0x05bf, 0x05bf, 0x05bf, 0x05bf, 0x05bf, 0x05bf, 0x05bf, 0x05bf, 0x05bf, 0x05bf, 0x05bf, 0x080a, 0x080a,
    0x080a, 0x080a, 0x6b36, 0x6b36, 0x6b36, 0x6b36, 0x6b36, 0x6b36, 0x6b36, 0x6b36, 0x6b36, 0x6b36, 0x6b36, 0x6b36, 0x6b36, 0x6b36,
    0x6b36, 0x6b36, 0x6b36, 0x6b36, 0x6b36, 0x6b36, 0x6b36, 0x6b36, 0x6b36, 0x2194, 0x2194, 0x2194, 0x2194, 0x2194, 0x2194, 0x2194,
    0xffff, 0xffff, 0xffff, 0xffff, 0xffff, 0xffff, 0xffff, 0xffff, 0xffff, 0xffff, 0xffff, 0xffff, 0xffff, 0xffff, 0xffff, 0xffff,
    0xffff, 0xffff, 0xffff, 0xffff, 0xffff, 0xffff, 0xffff, 0xffff, 0xffff, 0xffff, 0xf800, 0xf800, 0xf800, 0xf800, 0xf800, 0xf800,
    0xf800, 0xf800, 0xf800, 0xf800, 0xf800, 0xf800, 0xf800, 0xf800, 0xf800, 0xffff, 0xffff, 0xffff, 0xffff, 0xffff, 0xffff, 0xffff,
    0xffff, 0xffff, 0xffff, 0xffff, 0xffff, 0xffff, 0xffff, 0xffff, 0xffff, 0xffff, 0xffff, 0xffff, 0xffff, 0xffff, 0xffff, 0xffff,
    0xffff, 0xffff, 0xffff, 0xffff, 0xffff, 0xffff, 0xffff, 0xffff, 0xffff, 0xffff, 0xffff, 0xff20, 0xff20, 0xff20, 0xff20, 0xffff,
    0xff20, 0xff20, 0xff20, 0xff20, 0xff20, 0xff20, 0xffff, 0xffff, 0xffff, 0xffff, 0xffff, 0xffff, 0xffff, 0xffff, 0xffff, 0xffff,
    0xffff, 0xffff, 0xffff, 0xffff, 0xffff, 0xffff, 0xffff, 0xffff, 0xffff, 0xffff, 0xffff, 0xffff, 0xffff, 0xffff, 0xffff, 0xffff,
    0xffff, 0xffff, 0xffff, 0xffff, 0xffff, 0xffff, 0xffff, 0xffff, 0xffff, 0xffff, 0xffff, 0xffff, 0xffff, 0xffff, 0xffff, 0xffff,
    0xffff, 0xffff, 0xffff, 0xffff, 0xffff, 0xffff, 0xffff, 0xffff, 0xffff, 0xffff, 0xffff, 0xffff, 0xffff, 0xffff, 0xffff, 0xffff,
    0xffff, 0xffff, 0xffff, 0xffff, 0xffff, 0xffff, 0x0000, 0x0000, 0x0000, 0x0000, 0x0000, 0x0000, 0x0000, 0x0000, 0x0000, 0x0000,
    0x0000, 0x0000, 0x0000, 0x0000, 0x0000, 0x0000, 0x0000, 0x0000, 0x0000, 0x0000, 0x0000, 0x0000, 0x0000, 0x080a, 0x080a, 0x080a,
    0x080a, 0x080a, 0x080a, 0x080a, 0x080a, 0x080a, 0x080a, 0x080a, 0x080a, 0x080a, 0x080a, 0x080a, 0x05bf, 0x05bf, 0x05bf, 0x05bf,
    0x05bf, 0x05bf, 0x05bf, 0x05bf, 0x05bf, 0x05bf, 0x05bf, 0x6b36, 0x6b36, 0x6b36, 0x6b36, 0x6b36, 0x6b36, 0x6b36, 0x6b36, 0x6b36,
    0x6b36, 0x6b36, 0x6b36, 0x6b36, 0x6b36, 0x6b36, 0x6b36, 0x6b36, 0x6b36, 0x6b36, 0x2194, 0x2194, 0x2194, 0x2194, 0x2194, 0x2194,
    0x2194, 0x2194, 0x2194, 0x2194, 0x2194, 0x2194, 0x2194, 0x2194, 0x2194, 0x2194, 0x2194, 0x2194, 0x2194, 0x2194, 0x2194, 0x2194,
    0xffff, 0xffff, 0xffff, 0xffff, 0xffff, 0xffff, 0xffff, 0xffff, 0xffff, 0xffff, 0xffff, 0xffff, 0xffff, 0xffff, 0xffff, 0xffff,
    0xffff, 0xffff, 0xffff, 0xffff, 0xffff, 0xffff, 0xffff, 0xffff, 0xffff, 0xffff, 0xf800, 0xf800, 0xf800, 0xf800, 0xf800, 0xf800,
    0xf800, 0xf800, 0xf800, 0xf800, 0xf800, 0xf800, 0xf800, 0xf800, 0xf800, 0xffff, 0xffff, 0xffff, 0xffff, 0xffff, 0xffff, 0xffff,
    0xffff, 0xffff, 0xffff, 0xffff, 0xffff, 0xffff, 0xffff, 0xffff, 0xffff, 0xffff, 0xffff, 0xffff, 0xffff, 0xffff, 0xffff, 0xffff,
    0xffff, 0xffff, 0xffff, 0xffff, 0xffff, 0xffff, 0xffff, 0xffff, 0xffff, 0xff20, 0xff20, 0xff20, 0xff20, 0xff20, 0xff20, 0xff20,
    0xff20, 0xff20, 0xff20, 0xffff, 0xffff, 0xffff, 0xffff, 0xffff, 0xffff, 0xffff, 0xffff, 0xffff, 0xffff, 0xffff, 0xffff, 0xffff,
    0xffff, 0xffff, 0xffff, 0xffff, 0xffff, 0xffff, 0xffff, 0xffff, 0xffff, 0xffff, 0xffff, 0xffff, 0xffff, 0xffff, 0xffff, 0xffff,
    0xffff, 0xffff, 0xffff, 0xffff, 0xffff, 0xffff, 0xffff, 0xffff, 0xffff, 0xffff, 0xffff, 0xffff, 0xffff, 0xffff, 0xffff, 0xffff,
    0xffff, 0xffff, 0xffff, 0xffff, 0xffff, 0xffff, 0xffff, 0xffff, 0xffff, 0xffff, 0xffff, 0xffff, 0xffff, 0xffff, 0xffff, 0xffff,
    0xffff, 0xffff, 0xffff, 0xffff, 0xffff, 0xffff, 0x0000, 0x0000, 0x0000, 0x0000, 0x0000, 0x0000, 0x0000, 0x0000, 0x0000, 0x0000,
    0x0000, 0x0000, 0x0000, 0x0000, 0x0000, 0x0000, 0x0000, 0x0000, 0x0000, 0x0000, 0x0000, 0x0000, 0x0000, 0x080a, 0x080a, 0x080a,
    0x080a, 0x080a, 0x080a, 0x080a, 0x080a, 0x080a, 0x080a, 0x080a, 0x080a, 0x080a, 0x080a, 0x080a, 0x05bf, 0x05bf, 0x05bf, 0x05bf,
    0x05bf, 0x05bf, 0x05bf, 0x05bf, 0x05bf, 0x05bf, 0x05bf, 0x6b36, 0x6b36, 0x6b36, 0x6b36, 0x6b36, 0x6b36, 0x6b36, 0x6b36, 0x6b36,
    0x6b36, 0x6b36, 0x6b36, 0x6b36, 0x6b36, 0x6b36, 0x6b36, 0x6b36, 0x6b36, 0x6b36, 0x2194, 0x2194, 0x2194, 0x2194, 0x2194, 0x2194,
    0x2194, 0x2194, 0x2194, 0x2194, 0x2194, 0x2194, 0x2194, 0x2194, 0x2194, 0x2194, 0x2194, 0x2194, 0x2194, 0x2194, 0x2194, 0x2194,
    0xffff, 0xffff, 0xffff, 0xffff, 0xffff, 0xffff, 0xffff, 0xffff, 0xffff, 0xffff, 0xffff, 0xffff, 0xffff, 0xffff, 0xffff, 0xffff,
    0xffff, 0xffff, 0xffff, 0xffff, 0xffff, 0xffff, 0xffff, 0xffff, 0xffff, 0xffff, 0xf800, 0xf800, 0xf800, 0xf800, 0xf800, 0xf800,
    0xf800, 0xf800, 0xf800, 0xf800, 0xf800, 0xf800, 0xf800, 0xf800, 0xf800, 0xffff, 0xffff, 0xffff, 0xffff, 0xffff, 0xffff, 0xffff,
    0xffff, 0xffff, 0xffff, 0xffff, 0xffff, 0xffff, 0xffff, 0xffff, 0xffff, 0xffff, 0xffff, 0xffff, 0xffff, 0xffff, 0xffff, 0xffff,
    0xffff, 0xffff, 0xffff, 0xffff, 0xffff, 0xffff, 0xffff, 0xff20, 0xff20, 0xff20, 0xff20, 0xff20, 0xff20, 0xff20, 0xff20, 0xff20,
    0xff20, 0xffff, 0xffff, 0xffff, 0xffff, 0xffff, 0xffff, 0xffff, 0xffff, 0xffff, 0xffff, 0xffff, 0xffff, 0xffff, 0xffff, 0xffff,
    0xffff, 0xffff, 0xffff, 0xffff, 0xffff, 0xffff, 0xffff, 0xffff, 0xffff, 0xffff, 0xffff, 0xffff, 0xffff, 0xffff, 0xffff, 0xffff,
    0xffff, 0xffff, 0xffff, 0xffff, 0xffff, 0xffff, 0xffff, 0xffff, 0xffff, 0xffff, 0xffff, 0xffff, 0xffff, 0xffff, 0xffff, 0xffff,
    0xffff, 0xffff, 0xffff, 0xffff, 0xffff, 0xffff, 0xffff, 0xffff, 0xffff, 0xffff, 0xffff, 0xffff, 0xffff, 0xffff, 0xffff, 0xffff,
    0xffff, 0xffff, 0xffff, 0xffff, 0xffff, 0xffff, 0x0000, 0x0000, 0x0000, 0x0000, 0x0000, 0x0000, 0x0000, 0x0000, 0x0000, 0x0000,
    0x0000, 0x0000, 0x0000, 0x0000, 0x0000, 0x0000, 0x0000, 0x0000, 0x0000, 0x0000, 0x0000, 0x0000, 0x0000, 0x080a, 0x080a, 0x080a,
    0x080a, 0x080a, 0x080a, 0x080a, 0x080a, 0x080a, 0x080a, 0x080a, 0x080a, 0x080a, 0x080a, 0x080a, 0x05bf, 0x05bf, 0x05bf, 0x05bf,
    0x05bf, 0x05bf, 0x05bf, 0x05bf, 0x05bf, 0x05bf, 0x05bf, 0x6b36, 0x6b36, 0x6b36, 0x6b36, 0x6b36, 0x6b36, 0x6b36, 0x6b36, 0x6b36,
    0x6b36, 0x6b36, 0x6b36, 0x6b36, 0x6b36, 0x6b36, 0x6b36, 0x6b36, 0x6b36, 0x6b36, 0x2194, 0x2194, 0x2194, 0x2194, 0x2194, 0x2194,
    0x2194, 0x2194, 0x2194, 0x2194, 0x2194, 0x2194, 0x2194, 0x2194, 0x2194, 0x2194, 0x2194, 0x2194, 0x2194, 0x2194, 0x2194, 0x2194,
    0xffff, 0xffff, 0xffff, 0xffff, 0xffff, 0xffff, 0xffff, 0xffff, 0xffff, 0xffff, 0xffff, 0xffff, 0xffff, 0xffff, 0xffff, 0xffff,
    0xffff, 0xffff, 0xffff, 0xffff, 0xffff, 0xffff, 0xffff, 0xffff, 0xffff, 0xffff, 0xf800, 0xf800, 0xf800, 0xf800, 0xf800, 0xf800,
    0xf800, 0xf800, 0xf800, 0xf800, 0xf800, 0xf800, 0xf800, 0xf800, 0xf800, 0xffff, 0xffff, 0xffff, 0xffff, 0xffff, 0xffff, 0xffff,
    0xffff, 0xffff, 0xffff, 0xffff, 0xffff, 0xffff, 0xffff, 0xffff, 0xffff, 0xffff, 0xffff, 0xffff, 0xffff, 0xffff, 0xffff, 0xffff,
    0xffff, 0xffff, 0xffff, 0xffff, 0xffff, 0xffff, 0xff20, 0xff20, 0xff20, 0xff20, 0xff20, 0xff20, 0xff20, 0xff20, 0xff20, 0xffff,
    0xffff, 0xffff, 0xffff, 0xffff, 0xffff, 0xffff, 0xffff, 0xffff, 0xffff, 0xffff, 0xffff, 0xffff, 0xffff, 0xffff, 0xffff, 0xffff,
    0xffff, 0xffff, 0xffff, 0xffff, 0xffff, 0xffff, 0xffff, 0xffff, 0xffff, 0xffff, 0xffff, 0xffff, 0xffff, 0xffff, 0xffff, 0xffff,
    0xffff, 0xffff, 0xffff, 0xffff, 0xffff, 0xffff, 0xffff, 0xffff, 0xffff, 0xffff, 0xffff, 0xffff, 0xffff, 0xffff, 0xffff, 0xffff,
    0xffff, 0xffff, 0xffff, 0xffff, 0xffff, 0xffff, 0xffff, 0xffff, 0xffff, 0xffff, 0xffff, 0xffff, 0xffff, 0xffff, 0xffff, 0xffff,
    0xffff, 0xffff, 0xffff, 0xffff, 0xffff, 0xffff, 0x0000, 0x0000, 0x0000, 0x0000, 0x0000, 0x0000, 0x0000, 0x0000, 0x0000, 0x0000,
    0x0000, 0x0000, 0x0000, 0x0000, 0x0000, 0x0000, 0x0000, 0x0000, 0x0000, 0x0000, 0x0000, 0x0000, 0x0000, 0x080a, 0x080a, 0x080a,
    0x080a, 0x080a, 0x080a, 0x080a, 0x080a, 0x080a, 0x080a, 0x080a, 0x080a, 0x080a, 0x080a, 0x080a, 0x05bf, 0x05bf, 0x05bf, 0x05bf,
    0x05bf, 0x05bf, 0x05bf, 0x05bf, 0x05bf, 0x05bf, 0x05bf, 0x6b36, 0x6b36, 0x6b36, 0x6b36, 0x6b36, 0x6b36, 0x6b36, 0x6b36, 0x6b36,
    0x6b36, 0x6b36, 0x6b36, 0x6b36, 0x6b36, 0x6b36, 0x6b36, 0x6b36, 0x6b36, 0x6b36, 0x2194, 0x2194, 0x2194, 0x2194, 0x2194, 0x2194,
    0x2194, 0x2194, 0x2194, 0x2194, 0x2194, 0x2194, 0x2194, 0x2194, 0x2194, 0x2194, 0x2194, 0x2194, 0x2194, 0x2194, 0x2194, 0x2194,
    0xffff, 0xffff, 0xffff, 0xffff, 0xffff, 0xffff, 0xffff, 0xffff, 0xffff, 0xffff, 0xffff, 0xffff, 0xffff, 0xffff, 0xffff, 0xffff,
    0xffff, 0xffff, 0xffff, 0xffff, 0xffff, 0xffff, 0xffff, 0xffff, 0xffff, 0xffff, 0xffff, 0xffff, 0xffff, 0xffff, 0xffff, 0xffff,
    0xffff, 0xffff, 0xffff, 0xffff, 0xffff, 0xffff, 0xffff, 0xffff, 0xffff, 0xffff, 0xffff, 0xffff, 0xffff, 0xffff, 0xffff, 0xffff,
    0xffff, 0xffff, 0xffff, 0xffff, 0xffff, 0xffff, 0xffff, 0xffff, 0xffff, 0xffff, 0xffff, 0xffff, 0xffff, 0xffff, 0xffff, 0xffff,
    0xffff, 0xffff, 0xffff, 0xffff, 0xffff, 0xff20, 0xff20, 0xff20, 0xff20, 0xff20, 0xff20, 0xff20, 0xff20, 0xffff, 0xffff, 0xffff,
    0xffff, 0xffff, 0xffff, 0xffff, 0xffff, 0xffff, 0xffff, 0xffff, 0xffff, 0xffff, 0xffff, 0xffff, 0xffff, 0xffff, 0xffff, 0xffff,
    0xffff, 0xffff, 0xffff, 0xffff, 0xffff, 0xffff, 0xffff, 0xffff, 0xffff, 0xffff, 0xffff, 0xffff, 0xffff, 0xffff, 0xffff, 0xffff,
    0xffff, 0xffff, 0xffff, 0xffff, 0xffff, 0xffff, 0xffff, 0xffff, 0xffff, 0xffff, 0xffff, 0xffff, 0xffff, 0xffff, 0xffff, 0xffff,
    0xffff, 0xffff, 0xffff, 0xffff, 0xffff, 0xffff, 0xffff, 0xffff, 0xffff, 0xffff, 0xffff, 0xffff, 0xffff, 0xffff, 0xffff, 0xffff,
    0xffff, 0xffff, 0xffff, 0xffff, 0xffff, 0xffff, 0x0000, 0x0000, 0x0000, 0x0000, 0x0000, 0x0000, 0x0000, 0x0000, 0x0000, 0x0000,
    0x0000, 0x0000, 0x0000, 0x0000, 0x0000, 0x0000, 0x0000, 0x0000, 0x0000, 0x0000, 0x0000, 0x0000, 0x0000, 0x080a, 0x080a, 0x080a,
    0x080a, 0x080a, 0x080a, 0x080a, 0x080a, 0x080a, 0x080a, 0x080a, 0x05bf, 0x05bf, 0x05bf, 0x05bf, 0x05bf, 0x05bf, 0x05bf, 0x080a,
    0x080a, 0x080a, 0x080a, 0x6b36, 0x6b36, 0x6b36, 0x6b36, 0x6b36, 0x6b36, 0x6b36, 0x6b36, 0x6b36, 0x6b36, 0x6b36, 0x6b36, 0x6b36,
    0x6b36, 0x6b36, 0x6b36, 0x6b36, 0x6b36, 0x6b36, 0x6b36, 0x6b36, 0x6b36, 0x6b36, 0x2194, 0x2194, 0x2194, 0x2194, 0x2194, 0x2194,
    0x2194, 0x2194, 0x2194, 0x2194, 0x2194, 0x2194, 0x2194, 0x2194, 0x2194, 0x2194, 0x2194, 0x2194, 0x2194, 0x2194, 0x2194, 0x2194,
    0xffff, 0xffff, 0xffff, 0xffff, 0xffff, 0xffff, 0xffff, 0xffff, 0xffff, 0xffff, 0xffff, 0xffff, 0xffff, 0xffff, 0xffff, 0xffff,
    0xffff, 0xffff, 0xffff, 0xffff, 0xffff, 0xffff, 0xffff, 0xffff, 0xffff, 0xffff, 0xffff, 0xffff, 0xffff, 0xffff, 0xffff, 0xffff,
    0xffff, 0xffff, 0xffff, 0xffff, 0xffff, 0xffff, 0xffff, 0xffff, 0xffff, 0xffff, 0xffff, 0xffff, 0xffff, 0xffff, 0xffff, 0xffff,
    0xffff, 0xffff, 0xffff, 0xffff, 0xffff, 0xffff, 0xffff, 0xffff, 0xffff, 0xffff, 0xffff, 0xffff, 0xffff, 0xffff, 0xff20, 0xffff,
    0xffff, 0xffff, 0xffff, 0xffff, 0xffff, 0xffff, 0xff20, 0xff20, 0xff20, 0xff20, 0xff20, 0xff20, 0xffff, 0xffff, 0xffff, 0xffff,
    0xffff, 0xffff, 0xffff, 0xffff, 0xffff, 0xffff, 0xffff, 0xffff, 0xffff, 0xffff, 0xffff, 0xffff, 0xffff, 0xffff, 0xffff, 0xffff,
    0xffff, 0xffff, 0xffff, 0xffff, 0xffff, 0xffff, 0xffff, 0xffff, 0xffff, 0xffff, 0xffff, 0xffff, 0xffff, 0xffff, 0xffff, 0xffff,
    0xffff, 0xffff, 0xffff, 0xffff, 0xffff, 0xffff, 0xffff, 0xffff, 0xffff, 0xffff, 0xffff, 0xffff, 0xffff, 0xffff, 0xffff, 0xffff,
    0xffff, 0xffff, 0xffff, 0xffff, 0xffff, 0xffff, 0xffff, 0xffff, 0xffff, 0xffff, 0xffff, 0xffff, 0xffff, 0xffff, 0xffff, 0xffff,
    0xffff, 0xffff, 0xffff, 0xffff, 0xffff, 0xffff, 0x0000, 0x0000, 0x0000, 0x0000, 0x0000, 0x0000, 0x0000, 0x0000, 0x0000, 0x0000,
    0x0000, 0x0000, 0x0000, 0x0000, 0x0000, 0x0000, 0x0000, 0x0000, 0x0000, 0x0000, 0x0000, 0x0000, 0x0000, 0x080a, 0x080a, 0x080a,
    0x080a, 0x080a, 0x080a, 0x080a, 0x080a, 0x080a, 0x080a, 0x080a, 0x05bf, 0x05bf, 0x05bf, 0x05bf, 0x05bf, 0x05bf, 0x05bf, 0x080a,
    0x080a, 0x080a, 0x080a, 0x6b36, 0x6b36, 0x6b36, 0x6b36, 0x6b36, 0x6b36, 0x6b36, 0x6b36, 0x6b36, 0x6b36, 0x6b36, 0x6b36, 0x6b36,
    0x6b36, 0x6b36, 0x6b36, 0x6b36, 0x6b36, 0x6b36, 0x6b36, 0x6b36, 0x6b36, 0x6b36, 0x2194, 0x2194, 0x2194, 0x2194, 0x2194, 0x2194,
    0x2194, 0x2194, 0x2194, 0x2194, 0x2194, 0x2194, 0x2194, 0x2194, 0x2194, 0x2194, 0x2194, 0x2194, 0x2194, 0x2194, 0x2194, 0x2194,
    0xffff, 0xffff, 0xffff, 0xffff, 0xffff, 0xffff, 0xffff, 0xffff, 0xffff, 0xffff, 0xffff, 0xffff, 0xffff, 0xffff, 0xffff, 0xffff,
    0xffff, 0xffff, 0xffff, 0xffff, 0xffff, 0xffff, 0xffff, 0xffff, 0xffff, 0xffff, 0xffff, 0xffff, 0xffff, 0xffff, 0xffff, 0xffff,
    0xffff, 0xffff, 0xffff, 0xffff, 0xffff, 0xffff, 0xffff, 0xffff, 0xffff, 0xffff, 0xffff, 0xffff, 0xffff, 0xffff, 0xffff, 0xffff,
    0xffff, 0xffff, 0xffff, 0xffff, 0xffff, 0xffff, 0xffff, 0xffff, 0xffff, 0xffff, 0xffff, 0xffff, 0xffff, 0xffff, 0xff20, 0xffff,
    0xffff, 0xffff, 0xffff, 0xffff, 0xffff, 0xffff, 0xffff, 0xffff, 0xff20, 0xff20, 0xff20, 0xffff, 0xffff, 0xffff, 0xffff, 0xffff,
    0xffff, 0xffff, 0xffff, 0xffff, 0xffff, 0xffff, 0xffff, 0xffff, 0xffff, 0xffff, 0xffff, 0xffff, 0xffff, 0xffff, 0xffff, 0xffff,
    0xffff, 0xffff, 0xffff, 0xffff, 0xffff, 0xffff, 0xffff, 0xffff, 0xffff, 0xffff, 0xffff, 0xffff, 0xffff, 0xffff, 0xffff, 0xffff,
    0xffff, 0xffff, 0xffff, 0xffff, 0xffff, 0xffff, 0xffff, 0xffff, 0xffff, 0xffff, 0xffff, 0xffff, 0xffff, 0xffff, 0xffff, 0xffff,
    0xffff, 0xffff, 0xffff, 0xffff, 0xffff, 0xffff, 0xffff, 0xffff, 0xffff, 0xffff, 0xffff, 0xffff, 0xffff, 0xffff, 0xffff, 0xffff,
    0xffff, 0xffff, 0xffff, 0xffff, 0xffff, 0xffff, 0x0000, 0x0000, 0x0000, 0x0000, 0x0000, 0x0000, 0x0000, 0x0000, 0x0000, 0x0000,
    0x0000, 0x0000, 0x0000, 0x0000, 0x0000, 0x0000, 0x0000, 0x0000, 0x0000, 0x0000, 0x0000, 0x0000, 0x0000, 0x080a, 0x080a, 0x080a,
    0x080a, 0x080a, 0x080a, 0x080a, 0x080a, 0x080a, 0x080a, 0x080a, 0x05bf, 0x05bf, 0x05bf, 0x05bf, 0x05bf, 0x05bf, 0x05bf, 0x080a,
    0x080a, 0x080a, 0x080a, 0x6b36, 0x6b36, 0x6b36, 0x6b36, 0x6b36, 0x6b36, 0x6b36, 0x6b36, 0x6b36, 0x6b36, 0x6b36, 0x6b36, 0x6b36,
    0x6b36, 0x6b36, 0x6b36, 0x6b36, 0x6b36, 0x6b36, 0x6b36, 0x6b36, 0x6b36, 0x6b36, 0x2194, 0x2194, 0x2194, 0x2194, 0x2194, 0x2194,
    0x2194, 0x2194, 0x2194, 0x2194, 0x2194, 0x2194, 0x2194, 0x2194, 0x2194, 0x2194, 0x2194, 0x2194, 0x2194, 0x2194, 0x2194, 0x2194,
    0xffff, 0xffff, 0xffff, 0xffff, 0xffff, 0xffff, 0xffff, 0xffff, 0xffff, 0xffff, 0xffff, 0xffff, 0xffff, 0xffff, 0xffff, 0xffff,
    0xffff, 0xffff, 0xffff, 0xffff, 0xffff, 0xffff, 0xffff, 0xffff, 0xffff, 0xffff, 0xffff, 0xffff, 0xffff, 0xffff, 0xffff, 0xffff,
    0xffff, 0xffff, 0xffff, 0xffff, 0xffff, 0xffff, 0xffff, 0xffff, 0xffff, 0xffff, 0xffff, 0xffff, 0xffff, 0xffff, 0xffff, 0xffff,
    0xffff, 0xffff, 0xffff, 0xffff, 0xffff, 0xffff, 0xffff, 0xffff, 0xffff, 0xffff, 0xffff, 0xff20, 0xff20, 0xff20, 0xff20, 0xffff,
    0xffff, 0xffff, 0xffff, 0xffff, 0xffff, 0xffff, 0xffff, 0xffff, 0xffff, 0xffff, 0xffff, 0xffff, 0xffff, 0xffff, 0xffff, 0xffff,
    0xffff, 0xffff, 0xffff, 0xffff, 0xffff, 0xffff, 0xffff, 0xffff, 0xffff, 0xffff, 0xffff, 0xffff, 0xffff, 0xffff, 0xffff, 0xffff,
    0xffff, 0xffff, 0xffff, 0xffff, 0xffff, 0xffff, 0xffff, 0xffff, 0xffff, 0xffff, 0xffff, 0xffff, 0xffff, 0xffff, 0xffff, 0xffff,
    0xffff, 0xffff, 0xffff, 0xffff, 0xffff, 0xffff, 0xffff, 0xffff, 0xffff, 0xffff, 0xffff, 0xffff, 0xffff, 0xffff, 0xffff, 0xffff,
    0xffff, 0xffff, 0xffff, 0xffff, 0xffff, 0xffff, 0xffff, 0xffff, 0xffff, 0xffff, 0xffff, 0xffff, 0xffff, 0xffff, 0xffff, 0xffff,
    0xffff, 0xffff, 0xffff, 0xffff, 0xffff, 0xffff, 0x0000, 0x0000, 0x0000, 0x0000, 0x0000, 0x0000, 0x0000, 0x0000, 0x0000, 0x0000,
    0x0000, 0x0000, 0x0000, 0x0000, 0x0000, 0x0000, 0x0000, 0x0000, 0x0000, 0x0000, 0x0000, 0x0000, 0x0000, 0x080a, 0x080a, 0x080a,
    0x080a, 0x080a, 0x080a, 0x080a, 0x080a, 0x080a, 0x080a, 0x080a, 0x05bf, 0x05bf, 0x05bf, 0x05bf, 0x05bf, 0x05bf, 0x05bf, 0x080a,
    0x080a, 0x080a, 0x080a, 0x6b36, 0x6b36, 0x6b36, 0x6b36, 0x6b36, 0x6b36, 0x6b36, 0x6b36, 0x6b36, 0x6b36, 0x6b36, 0x6b36, 0x6b36,
    0x6b36, 0x6b36, 0x6b36, 0x6b36, 0x6b36, 0x6b36, 0x6b36, 0x6b36, 0x6b36, 0x6b36, 0x2194, 0x2194, 0x2194, 0x2194, 0x2194, 0x2194,
    0x2194, 0x2194, 0x2194, 0x2194, 0x2194, 0x2194, 0x2194, 0x2194, 0x2194, 0x2194, 0x2194, 0x2194, 0x2194, 0x2194, 0x2194, 0x2194,
    0xffff, 0xffff, 0xffff, 0xffff, 0xffff, 0xffff, 0xffff, 0xffff, 0xffff, 0xffff, 0xffff, 0xffff, 0xffff, 0xffff, 0xffff, 0xffff,
    0xffff, 0xffff, 0xffff, 0xffff, 0xffff, 0xffff, 0xffff, 0xffff, 0xffff, 0xffff, 0xffff, 0xffff, 0xffff, 0xffff, 0xffff, 0xffff,
    0xffff, 0xffff, 0xffff, 0xffff, 0xffff, 0xffff, 0xffff, 0xffff, 0xffff, 0xffff, 0xffff, 0xffff, 0xffff, 0xffff, 0xffff, 0xffff,
    0xffff, 0xffff, 0xffff, 0xffff, 0xffff, 0xffff, 0xffff, 0xffff, 0xff20, 0xff20, 0xff20, 0xff20, 0xff20, 0xff20, 0xffff, 0xff20,
    0xffff, 0xffff, 0xffff, 0xffff, 0xffff, 0xffff, 0xffff, 0xffff, 0xffff, 0xffff, 0xffff, 0xffff, 0xffff, 0xffff, 0xffff, 0xffff,
    0xffff, 0xffff, 0xffff, 0xffff, 0xffff, 0xffff, 0xffff, 0xffff, 0xffff, 0xffff, 0xffff, 0xffff, 0xffff, 0xffff, 0xffff, 0xffff,
    0xffff, 0xffff, 0xffff, 0xffff, 0xffff, 0xffff, 0xffff, 0xffff, 0xffff, 0xffff, 0xffff, 0xffff, 0xffff, 0xffff, 0xffff, 0xffff,
    0xffff, 0xffff, 0xffff, 0xffff, 0xffff, 0xffff, 0xffff, 0xffff, 0xffff, 0xffff, 0xffff, 0xffff, 0xffff, 0xffff, 0xffff, 0xffff,
    0xffff, 0xffff, 0xffff, 0xffff, 0xffff, 0xffff, 0xffff, 0x0000, 0x0000, 0x0000, 0x0000, 0x0000, 0x0000, 0x0000, 0x0000, 0x0000,
    0x0000, 0x0000, 0x0000, 0x0000, 0x0000, 0x0000, 0x0000, 0x0000, 0x0000, 0x0000, 0x0000, 0x0000, 0x0000, 0x0000, 0x080a, 0x080a,
    0x080a, 0x080a, 0x080a, 0x080a, 0x080a, 0x080a, 0x080a, 0x080a, 0x080a, 0x080a, 0x080a, 0x080a, 0x080a, 0x080a, 0x080a, 0x080a,
    0x05bf, 0x05bf, 0x05bf, 0x05bf, 0x05bf, 0x05bf, 0x05bf, 0x05bf, 0x6b36, 0x6b36, 0x6b36, 0x6b36, 0x6b36, 0x6b36, 0x6b36, 0x6b36,
    0x6b36, 0x6b36, 0x6b36, 0x6b36, 0x6b36, 0x6b36, 0x6b36, 0x6b36, 0x6b36, 0x6b36, 0x6b36, 0x2194, 0x2194, 0x2194, 0x2194, 0x2194,
    0x2194, 0x2194, 0x2194, 0x2194, 0x2194, 0x2194, 0x2194, 0x2194, 0x2194, 0x2194, 0x2194, 0x2194, 0x2194, 0x2194, 0x2194, 0x2194,
    0x2194, 0x05bf, 0x05bf, 0x05bf, 0x05bf, 0x05bf, 0x05bf, 0x05bf, 0x05bf, 0x05bf, 0x05bf, 0x05bf, 0x05bf, 0x05bf, 0x05bf, 0x05bf,
    0xffff, 0xffff, 0xffff, 0xffff, 0xffff, 0xffff, 0xffff, 0xffff, 0xffff, 0xffff, 0xffff, 0xffff, 0xffff, 0xffff, 0xffff, 0xffff,
    0xffff, 0xffff, 0xffff, 0xffff, 0xffff, 0xffff, 0xffff, 0xffff, 0xffff, 0xffff, 0xffff, 0xffff, 0xffff, 0xffff, 0xffff, 0xffff,
    0xffff, 0xffff, 0xffff, 0xffff, 0xffff, 0xffff, 0xffff, 0xffff, 0xffff, 0xffff, 0xffff, 0xffff, 0xffff, 0xffff, 0xffff, 0xffff,
    0xffff, 0xffff, 0xffff, 0xffff, 0xffff, 0xffff, 0xff20, 0xff20, 0xff20, 0xff20, 0xff20, 0xff20, 0xff20, 0xff20, 0xff20, 0xffff,
    0xffff, 0xffff, 0xffff, 0xffff, 0xffff, 0xffff, 0xffff, 0xffff, 0xffff, 0xffff, 0xffff, 0xffff, 0xffff, 0xffff, 0xffff, 0xffff,
    0xffff, 0xffff, 0xffff, 0xffff, 0xffff, 0xffff, 0xffff, 0xffff, 0xffff, 0xffff, 0xffff, 0xffff, 0xffff, 0xffff, 0xffff, 0xffff,
    0xffff, 0xffff, 0xffff, 0xffff, 0xffff, 0xffff, 0xffff, 0xffff, 0xffff, 0xffff, 0xffff, 0xffff, 0xffff, 0xffff, 0xffff, 0xffff,
    0xffff, 0xffff, 0xffff, 0xffff, 0xffff, 0xffff, 0xffff, 0xffff, 0xffff, 0xffff, 0xffff, 0xffff, 0xffff, 0xffff, 0xffff, 0xffff,
    0xffff, 0xffff, 0xffff, 0xffff, 0xffff, 0xffff, 0xffff, 0x0000, 0x0000, 0x0000, 0x0000, 0x0000, 0x0000, 0x0000, 0x0000, 0x0000,
    0x0000, 0x0000, 0x0000, 0x0000, 0x0000, 0x0000, 0x0000, 0x0000, 0x0000, 0x0000, 0x0000, 0x0000, 0x0000, 0x0000, 0x080a, 0x080a,
    0x080a, 0x080a, 0x080a, 0x080a, 0x080a, 0x080a, 0x080a, 0x080a, 0x080a, 0x080a, 0x080a, 0x080a, 0x080a, 0x080a, 0x080a, 0x080a,
    0x05bf, 0x05bf, 0x05bf, 0x05bf, 0x05bf, 0x05bf, 0x05bf, 0x05bf, 0x6b36, 0x6b36, 0x6b36, 0x6b36, 0x6b36, 0x6b36, 0x6b36, 0x6b36,
    0x6b36, 0x6b36, 0x6b36, 0x6b36, 0x6b36, 0x6b36, 0x6b36, 0x6b36, 0x6b36, 0x6b36, 0x6b36, 0x2194, 0x2194, 0x2194, 0x2194, 0x2194,
    0x2194, 0x2194, 0x2194, 0x2194, 0x2194, 0x2194, 0x2194, 0x2194, 0x2194, 0x2194, 0x2194, 0x2194, 0x2194, 0x2194, 0x2194, 0x2194,
    0x2194, 0x05bf, 0x05bf, 0x05bf, 0x05bf, 0x05bf, 0x05bf, 0x05bf, 0x05bf, 0x05bf, 0x05bf, 0x05bf, 0x05bf, 0x05bf, 0x05bf, 0x05bf,
    0xffff, 0xffff, 0xffff, 0xffff, 0xffff, 0xffff, 0xffff, 0xffff, 0xffff, 0xffff, 0xffff, 0xffff, 0xffff, 0xffff, 0xffff, 0xffff,
    0xffff, 0xffff, 0xffff, 0xffff, 0xffff, 0xffff, 0xffff, 0xffff, 0xffff, 0xffff, 0xffff, 0xffff, 0xffff, 0xffff, 0xffff, 0xffff,
    0xffff, 0xffff, 0xffff, 0xffff, 0xffff, 0xffff, 0xffff, 0xffff, 0xffff, 0xffff, 0xffff, 0xffff, 0xffff, 0xffff, 0xffff, 0xffff,
    0xffff, 0xffff, 0xffff, 0xffff, 0xff20, 0xff20, 0xff20, 0xff20, 0xff20, 0xff20, 0xff20, 0xff20, 0xff20, 0xffff, 0xffff, 0xffff,
    0xffff, 0xffff, 0xffff, 0xffff, 0xffff, 0xffff, 0xffff, 0xffff, 0xffff, 0xffff, 0xffff, 0xffff, 0xffff, 0xffff, 0xffff, 0xffff,
    0xffff, 0xffff, 0xffff, 0xffff, 0xffff, 0xffff, 0xffff, 0xffff, 0xffff, 0xffff, 0xffff, 0xffff, 0xffff, 0xffff, 0xffff, 0xffff,
    0xffff, 0xffff, 0xffff, 0xffff, 0xffff, 0xffff, 0xffff, 0xffff, 0xffff, 0xffff, 0xffff, 0xffff, 0xffff, 0xffff, 0xffff, 0xffff,
    0xffff, 0xffff, 0xffff, 0xffff, 0xffff, 0xffff, 0xffff, 0xffff, 0xffff, 0xffff, 0xffff, 0xffff, 0xffff, 0xffff, 0xffff, 0xffff,
    0xffff, 0xffff, 0xffff, 0xffff, 0xffff, 0xffff, 0xffff, 0x0000, 0x0000, 0x0000, 0x0000, 0x0000, 0x0000, 0x0000, 0x0000, 0x0000,
    0x0000, 0x0000, 0x0000, 0x0000, 0x0000, 0x0000, 0x0000, 0x0000, 0x0000, 0x0000, 0x0000, 0x0000, 0x0000, 0x0000, 0x080a, 0x080a,
    0x080a, 0x080a, 0x080a, 0x080a, 0x080a, 0x080a, 0x080a, 0x080a, 0x080a, 0x080a, 0x080a, 0x080a, 0x080a, 0x080a, 0x080a, 0x080a,
    0x05bf, 0x05bf, 0x05bf, 0x05bf, 0x05bf, 0x05bf, 0x05bf, 0x05bf, 0x6b36, 0x6b36, 0x6b36, 0x6b36, 0x6b36, 0x6b36, 0x6b36, 0x6b36,
    0x6b36, 0x6b36, 0x6b36, 0x6b36, 0x6b36, 0x6b36, 0x6b36, 0x6b36, 0x6b36, 0x6b36, 0x6b36, 0x2194, 0x2194, 0x2194, 0x2194, 0x2194,
    0x2194, 0x2194, 0x2194, 0x2194, 0x2194, 0x2194, 0x2194, 0x2194, 0x2194, 0x2194, 0x2194, 0x2194, 0x2194, 0x2194, 0x2194, 0x2194,
    0x2194, 0x05bf, 0x05bf, 0x05bf, 0x05bf, 0x05bf, 0x05bf, 0x05bf, 0x05bf, 0x05bf, 0x05bf, 0x05bf, 0x05bf, 0x05bf, 0x05bf, 0x05bf,
    0xffff, 0xffff, 0xffff, 0xffff, 0xffff, 0xffff, 0xffff, 0xffff, 0xffff, 0xffff, 0xffff, 0xffff, 0xffff, 0xffff, 0xffff, 0xffff,
    0xffff, 0xffff, 0xffff, 0xffff, 0xffff, 0xffff, 0xffff, 0xffff, 0xffff, 0xffff, 0xffff, 0xffff, 0xffff, 0xffff, 0xffff, 0xffff,
    0xffff, 0xffff, 0xffff, 0xffff, 0xffff, 0xffff, 0xffff, 0xffff, 0xffff, 0xffff, 0xffff, 0xffff, 0xffff, 0xffff, 0xffff, 0xffff,
    0xffff, 0xffff, 0xff20, 0xff20, 0xff20, 0xff20, 0xff20, 0xff20, 0xff20, 0xff20, 0xff20, 0xffff, 0xffff, 0xffff, 0xffff, 0xffff,
    0xffff, 0xffff, 0xffff, 0xffff, 0xffff, 0xffff, 0xffff, 0xffff, 0xffff, 0xffff, 0xffff, 0xffff, 0xffff, 0xffff, 0xffff, 0xffff,
    0xffff, 0xffff, 0xffff, 0xffff, 0xffff, 0xffff, 0xffff, 0xffff, 0xffff, 0xffff, 0xffff, 0xffff, 0xffff, 0xffff, 0xffff, 0xffff,
    0xffff, 0xffff, 0xffff, 0xffff, 0xffff, 0xffff, 0xffff, 0xffff, 0xffff, 0xffff, 0xffff, 0xffff, 0xffff, 0xffff, 0xffff, 0xffff,
    0xffff, 0xffff, 0xffff, 0xffff, 0xffff, 0xffff, 0xffff, 0xffff, 0xffff, 0xffff, 0xffff, 0xffff, 0xffff, 0xffff, 0xffff, 0xffff,
    0xffff, 0xffff, 0xffff, 0xffff, 0xffff, 0xffff, 0xffff, 0x0000, 0x0000, 0x0000, 0x0000, 0x0000, 0x0000, 0x0000, 0x0000, 0x0000,
    0x0000, 0x0000, 0x0000, 0x0000, 0x0000, 0x0000, 0x0000, 0x0000, 0x0000, 0x0000, 0x0000, 0x0000, 0x0000, 0x0000, 0x080a, 0x080a,
    0x080a, 0x080a, 0x080a, 0x080a, 0x080a, 0x080a, 0x080a, 0x080a, 0x080a, 0x05bf, 0x05bf, 0x05bf, 0x05bf, 0x05bf, 0x05bf, 0x05bf,
    0x05bf, 0x05bf, 0x05bf, 0x05bf, 0x6b36, 0x6b36, 0x6b36, 0x6b36, 0x6b36, 0x6b36, 0x6b36, 0x6b36, 0x6b36, 0x6b36, 0x6b36, 0x6b36,
    0x6b36, 0x6b36, 0x6b36, 0x6b36, 0x6b36, 0x6b36, 0x6b36, 0x6b36, 0x6b36, 0x6b36, 0x6b36, 0x2194, 0x2194, 0x2194, 0x2194, 0x2194,
    0x2194, 0x2194, 0x2194, 0x2194, 0x2194, 0x2194, 0x2194, 0x2194, 0x2194, 0x2194, 0x2194, 0x2194, 0x2194, 0x2194, 0x2194, 0x2194,
    0x2194, 0x05bf, 0x05bf, 0x05bf, 0x05bf, 0x05bf, 0x05bf, 0x05bf, 0x05bf, 0x05bf, 0x05bf, 0x05bf, 0x05bf, 0x05bf, 0x05bf, 0x05bf,
    0xffff, 0xffff, 0xffff, 0xffff, 0xffff, 0xffff, 0xffff, 0xffff, 0xffff, 0xffff, 0xffff, 0xffff, 0xffff, 0xffff, 0xffff, 0xffff,
    0xffff, 0xffff, 0xffff, 0xffff, 0xffff, 0xffff, 0xffff, 0xffff, 0xffff, 0xffff, 0xffff, 0xffff, 0xffff, 0xffff, 0xffff, 0xffff,
    0xffff, 0xffff, 0xffff, 0xffff, 0xffff, 0xffff, 0xffff, 0xffff, 0xffff, 0xffff, 0xffff, 0xffff, 0xffff, 0xffff, 0xffff, 0xffff,
    0xff20, 0xff20, 0xffff, 0xff20, 0xff20, 0xff20, 0xff20, 0xff20, 0xff20, 0xff20, 0xffff, 0xffff, 0xffff, 0xffff, 0xffff, 0xffff,
    0xffff, 0xffff, 0xffff, 0xffff, 0xffff, 0xffff, 0xffff, 0xffff, 0xffff, 0xffff, 0xffff, 0xffff, 0xffff, 0xffff, 0xffff, 0xffff,
    0xffff, 0xffff, 0xffff, 0xffff, 0xffff, 0xffff, 0xffff, 0xffff, 0xffff, 0xffff, 0xffff, 0xffff, 0xffff, 0xffff, 0xffff, 0xffff,
    0xffff, 0xffff, 0xffff, 0xffff, 0xffff, 0xffff, 0xffff, 0xffff, 0xffff, 0xffff, 0xffff, 0xffff, 0xffff, 0xffff, 0xffff, 0xffff,
    0xffff, 0xffff, 0xffff, 0xffff, 0xffff, 0xffff, 0xffff, 0xffff, 0xffff, 0xffff, 0xffff, 0xffff, 0xffff, 0xffff, 0xffff, 0xffff,
    0xffff, 0xffff, 0xffff, 0xffff, 0xffff, 0xffff, 0xffff, 0x0000, 0x0000, 0x0000, 0x0000, 0x0000, 0x0000, 0x0000, 0x0000, 0x0000,
    0x0000, 0x0000, 0x0000, 0x0000, 0x0000, 0x0000, 0x0000, 0x0000, 0x0000, 0x0000, 0x0000, 0x0000, 0x0000, 0x0000, 0x080a, 0x080a,
    0x080a, 0x080a, 0x080a, 0x080a, 0x080a, 0x080a, 0x080a, 0x080a, 0x080a, 0x05bf, 0x05bf, 0x05bf, 0x05bf, 0x05bf, 0x05bf, 0x05bf,
    0x05bf, 0x05bf, 0x05bf, 0x05bf, 0x6b36, 0x6b36, 0x6b36, 0x6b36, 0x6b36, 0x6b36, 0x6b36, 0x6b36, 0x6b36, 0x6b36, 0x6b36, 0x6b36,
    0x6b36, 0x6b36, 0x6b36, 0x6b36, 0x6b36, 0x6b36, 0x6b36, 0x6b36, 0x6b36, 0x6b36, 0x6b36, 0x2194, 0x2194, 0x2194, 0x2194, 0x2194,
    0x2194, 0x2194, 0x2194, 0x2194, 0x2194, 0x2194, 0x2194, 0x2194, 0x2194, 0x2194, 0x2194, 0x2194, 0x2194, 0x2194, 0x2194, 0x2194,
    0x2194, 0x05bf, 0x05bf, 0x05bf, 0x05bf, 0x05bf, 0x05bf, 0x05bf, 0x05bf, 0x05bf, 0x05bf, 0x05bf, 0x05bf, 0x05bf, 0x05bf, 0x05bf,
    0xffff, 0xffff, 0xffff, 0xffff, 0xffff, 0xffff, 0xffff, 0xffff, 0xffff, 0xffff, 0xffff, 0xffff, 0xffff, 0xffff, 0xffff, 0xffff,
    0xffff, 0xffff, 0xffff, 0xffff, 0xffff, 0xffff, 0xffff, 0xffff, 0xffff, 0xffff, 0xffff, 0xffff, 0xffff, 0xffff, 0xffff, 0xffff,
    0xffff, 0xffff, 0xffff, 0xffff, 0xffff, 0xffff, 0xffff, 0xffff, 0xffff, 0xffff, 0xffff, 0xffff, 0xffff, 0xffff, 0xffff, 0xff20,
    0xff20, 0xff20, 0xff20, 0xff20, 0xff20, 0xff20, 0xff20, 0xffff, 0xff20, 0xffff, 0xffff, 0xffff, 0xffff, 0xffff, 0xffff, 0xffff,
    0xffff, 0xffff, 0xffff, 0xffff, 0xffff, 0xffff, 0xffff, 0xffff, 0xffff, 0xffff, 0xffff, 0xffff, 0xffff, 0xffff, 0xffff, 0xffff,
    0xffff, 0xffff, 0xffff, 0xffff, 0xffff, 0xffff, 0xffff, 0xffff, 0xffff, 0xffff, 0xffff, 0xffff, 0xffff, 0xffff, 0xffff, 0xffff,
    0xffff, 0xffff, 0xffff, 0xffff, 0xffff, 0xffff, 0xffff, 0xffff, 0xffff, 0xffff, 0xffff, 0xffff, 0xffff, 0xffff, 0xffff, 0xffff,
    0xffff, 0xffff, 0xffff, 0xffff, 0xffff, 0xffff, 0xffff, 0xffff, 0xffff, 0xffff, 0xffff, 0xffff, 0xffff, 0xffff, 0xffff, 0xffff,
    0xffff, 0xffff, 0xffff, 0xffff, 0xffff, 0xffff, 0xffff, 0x0000, 0x0000, 0x0000, 0x0000, 0x0000, 0x0000, 0x0000, 0x0000, 0x0000,
    0x0000, 0x0000, 0x0000, 0x0000, 0x0000, 0x0000, 0x0000, 0x0000, 0x0000, 0x0000, 0x0000, 0x0000, 0x0000, 0x0000, 0x080a, 0x080a,
    0x080a, 0x080a, 0x080a, 0x080a, 0x080a, 0x080a, 0x080a, 0x080a, 0x080a, 0x05bf, 0x05bf, 0x05bf, 0x05bf, 0x05bf, 0x05bf, 0x05bf,
    0x05bf, 0x05bf, 0x05bf, 0x05bf, 0x6b36, 0x6b36, 0x6b36, 0x6b36, 0x6b36, 0x6b36, 0x6b36, 0x6b36, 0x6b36, 0x6b36, 0x6b36, 0x6b36,
    0x6b36, 0x6b36, 0x6b36, 0x6b36, 0x6b36, 0x6b36, 0x6b36, 0x6b36, 0x6b36, 0x6b36, 0x6b36, 0x2194, 0x2194, 0x2194, 0x2194, 0x2194,
    0x2194, 0x2194, 0x2194, 0x2194, 0x2194, 0x2194, 0x2194, 0x2194, 0x2194, 0x2194, 0x2194, 0x2194, 0x2194, 0x2194, 0x2194, 0x2194,
    0x2194, 0x05bf, 0x05bf, 0x05bf, 0x05bf, 0x05bf, 0x05bf, 0x05bf, 0x05bf, 0x05bf, 0x05bf, 0x05bf, 0x05bf, 0x05bf, 0x05bf, 0x05bf,
    0xffff, 0xffff, 0xffff, 0xffff, 0xffff, 0xffff, 0xffff, 0xffff, 0xffff, 0xffff, 0xffff, 0xffff, 0xffff, 0xffff, 0xffff, 0xffff,
    0xffff, 0xffff, 0xffff, 0xffff, 0xffff, 0xffff, 0xffff, 0xffff, 0xffff, 0xffff, 0xffff, 0xffff, 0xffff, 0xffff, 0xffff, 0xffff,
    0xffff, 0xffff, 0xffff, 0xffff, 0xffff, 0xffff, 0xffff, 0xffff, 0xffff, 0xffff, 0xffff, 0xffff, 0xffff, 0xff20, 0xff20, 0xff20,
    0xff20, 0xff20, 0xff20, 0xff20, 0xff20, 0xff20, 0xff20, 0xff20, 0xffff, 0xffff, 0xffff, 0xffff, 0xffff, 0xffff, 0xffff, 0xffff,
    0xffff, 0xffff, 0xffff, 0xffff, 0xffff, 0xffff, 0xffff, 0xffff, 0xffff, 0xffff, 0xffff, 0xffff, 0xffff, 0xffff, 0xffff, 0xffff,
    0xffff, 0xffff, 0xffff, 0xffff, 0xffff, 0xffff, 0xffff, 0xffff, 0xffff, 0xffff, 0xffff, 0xffff, 0xffff, 0xffff, 0xffff, 0xffff,
    0xffff, 0xffff, 0xffff, 0xffff, 0xffff, 0xffff, 0xffff, 0xffff, 0xffff, 0xffff, 0xffff, 0xffff, 0xffff, 0xffff, 0xffff, 0xffff,
    0xffff, 0xffff, 0xffff, 0xffff, 0xffff, 0xffff, 0xffff, 0xffff, 0xffff, 0xffff, 0xffff, 0xffff, 0xffff, 0xffff, 0xffff, 0xffff,
    0xffff, 0xffff, 0xffff, 0xffff, 0xffff, 0xffff, 0xffff, 0x0000, 0x0000, 0x0000, 0x0000, 0x0000, 0x0000, 0x0000, 0x0000, 0x0000,
    0x0000, 0x0000, 0x0000, 0x0000, 0x0000, 0x0000, 0x0000, 0x0000, 0x0000, 0x0000, 0x0000, 0x0000, 0x0000, 0x0000, 0x080a, 0x080a,
    0x080a, 0x080a, 0x080a, 0x080a, 0x080a, 0x080a, 0x080a, 0x080a, 0x080a, 0x05bf, 0x05bf, 0x05bf, 0x05bf, 0x05bf, 0x05bf, 0x05bf,
    0x05bf, 0x05bf, 0x05bf, 0x05bf, 0x6b36, 0x6b36, 0x6b36, 0x6b36, 0x6b36, 0x6b36, 0x6b36, 0x6b36, 0x6b36, 0x6b36, 0x6b36, 0x6b36,
    0x6b36, 0x6b36, 0x6b36, 0x6b36, 0x6b36, 0x6b36, 0x6b36, 0x6b36, 0x6b36, 0x6b36, 0x6b36, 0x2194, 0x2194, 0x2194, 0x2194, 0x2194,
    0x2194, 0x2194, 0x2194, 0x2194, 0x2194, 0x2194, 0x2194, 0x2194, 0x2194, 0x2194, 0x2194, 0x2194, 0x2194, 0x2194, 0x2194, 0x2194,
    0x2194, 0x05bf, 0x05bf, 0x05bf, 0x05bf, 0x05bf, 0x05bf, 0x05bf, 0x05bf, 0x05bf, 0x05bf, 0x05bf, 0x05bf, 0x05bf, 0x05bf, 0x05bf,
    0xffff, 0xffff, 0xffff, 0xffff, 0xffff, 0xffff, 0xffff, 0xffff, 0xffff, 0xffff, 0xffff, 0xffff, 0xffff, 0xffff, 0xffff, 0xffff,
    0xffff, 0xffff, 0xffff, 0xffff, 0xffff, 0xffff, 0xffff, 0xffff, 0xffff, 0xffff, 0xffff, 0xffff, 0xffff, 0xffff, 0xffff, 0xffff,
    0xffff, 0xffff, 0xffff, 0xffff, 0xffff, 0xffff, 0xffff, 0xffff, 0xffff, 0xffff, 0xffff, 0xff20, 0xff20, 0xff20, 0xff20, 0xff20,
    0xff20, 0xff20, 0xff20, 0xff20, 0xff20, 0xff20, 0xffff, 0xffff, 0xffff, 0xffff, 0xffff, 0xffff, 0xffff, 0xffff, 0xffff, 0xffff,
    0xffff, 0xffff, 0xffff, 0xffff, 0xffff, 0xffff, 0xffff, 0xffff, 0xffff, 0xffff, 0xffff, 0xffff, 0xffff, 0xffff, 0xffff, 0xffff,
    0xffff, 0xffff, 0xffff, 0xffff, 0xffff, 0xffff, 0xffff, 0xffff, 0xffff, 0xffff, 0xffff, 0xffff, 0xffff, 0xffff, 0xffff, 0xffff,
    0xffff, 0xffff, 0xffff, 0xffff, 0xffff, 0xffff, 0xffff, 0xffff, 0xffff, 0xffff, 0xffff, 0xffff, 0xffff, 0xffff, 0xffff, 0xffff,
    0xffff, 0xffff, 0xffff, 0xffff, 0xffff, 0xffff, 0xffff, 0xffff, 0x0000, 0x0000, 0x0000, 0x0000, 0x0000, 0x0000, 0x0000, 0x0000,
    0x0000, 0x0000, 0x0000, 0x0000, 0x0000, 0x0000, 0x0000, 0x0000, 0x0000, 0x0000, 0x0000, 0x0000, 0x0000, 0x0000, 0x0000, 0x080a,
    0x080a, 0x080a, 0x080a, 0x080a, 0x080a, 0x080a, 0x080a, 0x080a, 0x080a, 0x080a, 0x080a, 0x080a, 0x080a, 0x080a, 0x080a, 0x080a,
    0x080a, 0x080a, 0x080a, 0x080a, 0x080a, 0x05bf, 0x05bf, 0x05bf, 0x05bf, 0x05bf, 0x05bf, 0x05bf, 0x05bf, 0x6b36, 0x6b36, 0x6b36,
    0x6b36, 0x6b36, 0x6b36, 0x6b36, 0x6b36, 0x6b36, 0x6b36, 0x6b36, 0x6b36, 0x6b36, 0x6b36, 0x6b36, 0x2194, 0x2194, 0x2194, 0x2194,
    0x2194, 0x2194, 0x2194, 0x2194, 0x2194, 0x2194, 0x2194, 0x2194, 0x2194, 0x2194, 0x2194, 0x2194, 0x2194, 0x2194, 0x2194, 0x2194,
    0x2194, 0x2194, 0x05bf, 0x05bf, 0x05bf, 0x05bf, 0x05bf, 0x05bf, 0x05bf, 0x05bf, 0x05bf, 0x05bf, 0x05bf, 0x05bf, 0x05bf, 0x05bf,
    0x05bf, 0x05bf, 0x05bf, 0x05bf, 0x05bf, 0x05bf, 0x05bf, 0x05bf, 0x05bf, 0x05bf, 0x05bf, 0x05bf, 0x05bf, 0x05bf, 0x05bf, 0x05bf,
    0xffff, 0xffff, 0xffff, 0xffff, 0xffff, 0xffff, 0xffff, 0xffff, 0xffff, 0xffff, 0xffff, 0xffff, 0xffff, 0xffff, 0xffff, 0xffff,
    0xffff, 0xffff, 0xffff, 0xffff, 0xffff, 0xffff, 0xffff, 0xffff, 0xffff, 0xffff, 0xffff, 0xffff, 0xffff, 0xffff, 0xffff, 0xffff,
    0xffff, 0xffff, 0xffff, 0xffff, 0xffff, 0xffff, 0xffff, 0xffff, 0xffff, 0xff20, 0xff20, 0xff20, 0xff20, 0xff20, 0xff20, 0xff20,
    0xff20, 0xff20, 0xff20, 0xffff, 0xffff, 0xffff, 0xffff, 0xffff, 0xffff, 0xffff, 0xffff, 0xffff, 0xffff, 0xffff, 0xffff, 0xffff,
    0xffff, 0xffff, 0xffff, 0xffff, 0xffff, 0xffff, 0xffff, 0xffff, 0xffff, 0xffff, 0xffff, 0xffff, 0xffff, 0xffff, 0xffff, 0xffff,
    0xffff, 0xffff, 0xffff, 0xffff, 0xffff, 0xffff, 0xffff, 0xffff, 0xffff, 0xffff, 0xffff, 0xffff, 0xffff, 0xffff, 0xffff, 0xffff,
    0xffff, 0xffff, 0xffff, 0xffff, 0xffff, 0xffff, 0xffff, 0xffff, 0xffff, 0xffff, 0xffff, 0xffff, 0xffff, 0xffff, 0xffff, 0xffff,
    0xffff, 0xffff, 0xffff, 0xffff, 0xffff, 0xffff, 0xffff, 0xffff, 0x0000, 0x0000, 0x0000, 0x0000, 0x0000, 0x0000, 0x0000, 0x0000,
    0x0000, 0x0000, 0x0000, 0x0000, 0x0000, 0x0000, 0x0000, 0x0000, 0x0000, 0x0000, 0x0000, 0x0000, 0x0000, 0x0000, 0x0000, 0x080a,
    0x080a, 0x080a, 0x080a, 0x080a, 0x080a, 0x080a, 0x080a, 0x080a, 0x080a, 0x080a, 0x080a, 0x080a, 0x080a, 0x080a, 0x080a, 0x080a,
    0x080a, 0x080a, 0x080a, 0x080a, 0x080a, 0x05bf, 0x05bf, 0x05bf, 0x05bf, 0x05bf, 0x05bf, 0x05bf, 0x05bf, 0x6b36, 0x6b36, 0x6b36,
    0x6b36, 0x6b36, 0x6b36, 0x6b36, 0x6b36, 0x6b36, 0x6b36, 0x6b36, 0x6b36, 0x6b36, 0x6b36, 0x6b36, 0x2194, 0x2194, 0x2194, 0x2194,
    0x2194, 0x2194, 0x2194, 0x2194, 0x2194, 0x2194, 0x2194, 0x2194, 0x2194, 0x2194, 0x2194, 0x2194, 0x2194, 0x2194, 0x2194, 0x2194,
    0x2194, 0x2194, 0x05bf, 0x05bf, 0x05bf, 0x05bf, 0x05bf, 0x05bf, 0x05bf, 0x05bf, 0x05bf, 0x05bf, 0x05bf, 0x05bf, 0x05bf, 0x05bf,
    0x05bf, 0x05bf, 0x05bf, 0x05bf, 0x05bf, 0x05bf, 0x05bf, 0x05bf, 0x05bf, 0x05bf, 0x05bf, 0x05bf, 0x05bf, 0x05bf, 0x05bf, 0x05bf,
    0xffff, 0xffff, 0xffff, 0xffff, 0xffff, 0xffff, 0xffff, 0xffff, 0xffff, 0xffff, 0xffff, 0xffff, 0xffff, 0xffff, 0xffff, 0xffff,
    0xffff, 0xffff, 0xffff, 0xffff, 0xffff, 0xffff, 0xffff, 0xffff, 0xffff, 0xffff, 0xffff, 0xffff, 0xffff, 0xffff, 0xffff, 0xffff,
    0xffff, 0xffff, 0xffff, 0xffff, 0xffff, 0xffff, 0xffff, 0xffff, 0xffff, 0xff20, 0xff20, 0xff20, 0xff20, 0xff20, 0xff20, 0xff20,
    0xff20, 0xff20, 0xffff, 0xffff, 0xffff, 0xffff, 0xffff, 0xffff, 0xffff, 0xffff, 0xffff, 0xffff, 0xffff, 0xffff, 0xffff, 0xffff,
    0xffff, 0xffff, 0xffff, 0xffff, 0xffff, 0xffff, 0xffff, 0xffff, 0xffff, 0xffff, 0xffff, 0xffff, 0xffff, 0xffff, 0xffff, 0xffff,
    0xffff, 0xffff, 0xffff, 0xffff, 0xffff, 0xffff, 0xffff, 0xffff, 0xffff, 0xffff, 0xffff, 0xffff, 0xffff, 0xffff, 0xffff, 0xffff,
    0xffff, 0xffff, 0xffff, 0xffff, 0xffff, 0xffff, 0xffff, 0xffff, 0xffff, 0xffff, 0xffff, 0xffff, 0xffff, 0xffff, 0xffff, 0xffff,
    0xffff, 0xffff, 0xffff, 0xffff, 0xffff, 0xffff, 0xffff, 0xffff, 0x0000, 0x0000, 0x0000, 0x0000, 0x0000, 0x0000, 0x0000, 0x0000,
    0x0000, 0x0000, 0x0000, 0x0000, 0x0000, 0x0000, 0x0000, 0x0000, 0x0000, 0x0000, 0x0000, 0x0000, 0x0000, 0x0000, 0x0000, 0x080a,
    0x080a, 0x080a, 0x080a, 0x080a, 0x080a, 0x080a, 0x080a, 0x080a, 0x080a, 0x080a, 0x080a, 0x080a, 0x080a, 0x080a, 0x080a, 0x080a,
    0x080a, 0x080a, 0x080a, 0x080a, 0x080a, 0x05bf, 0x05bf, 0x05bf, 0x05bf, 0x05bf, 0x05bf, 0x05bf, 0x05bf, 0x6b36, 0x6b36, 0x6b36,
    0x6b36, 0x6b36, 0x6b36, 0x6b36, 0x6b36, 0x6b36, 0x6b36, 0x6b36, 0x6b36, 0x6b36, 0x6b36, 0x6b36, 0x2194, 0x2194, 0x2194, 0x2194,
    0x2194, 0x2194, 0x2194, 0x2194, 0x2194, 0x2194, 0x2194, 0x2194, 0x2194, 0x2194, 0x2194, 0x2194, 0x2194, 0x2194, 0x2194, 0x2194,
    0x2194, 0x2194, 0x05bf, 0x05bf, 0x05bf, 0x05bf, 0x05bf, 0x05bf, 0x05bf, 0x05bf, 0x05bf, 0x05bf, 0x05bf, 0x05bf, 0x05bf, 0x05bf,
    0x05bf, 0x05bf, 0x05bf, 0x05bf, 0x05bf, 0x05bf, 0x05bf, 0x05bf, 0x05bf, 0x05bf, 0x05bf, 0x05bf, 0x05bf, 0x05bf, 0x05bf, 0x05bf,
    0xffff, 0xffff, 0xffff, 0xffff, 0xffff, 0xffff, 0xffff, 0xffff, 0xffff, 0xffff, 0xffff, 0xffff, 0xffff, 0xffff, 0xffff, 0xffff,
    0xffff, 0xffff, 0xffff, 0xffff, 0xffff, 0xffff, 0xffff, 0xffff, 0xffff, 0xffff, 0xffff, 0xffff, 0xffff, 0xffff, 0xffff, 0xffff,
    0xffff, 0xffff, 0xffff, 0xffff, 0xffff, 0xffff, 0xffff, 0xffff, 0xffff, 0xff20, 0xffff, 0xff20, 0xff20, 0xff20, 0xff20, 0xff20,
    0xff20, 0xffff, 0xffff, 0xffff, 0xffff, 0xffff, 0xffff, 0xffff, 0xffff, 0xffff, 0xffff, 0xffff, 0xffff, 0xffff, 0xffff, 0xffff,
    0xffff, 0xffff, 0xffff, 0xffff, 0xffff, 0xffff, 0xffff, 0xffff, 0xffff, 0xffff, 0xffff, 0xffff, 0xffff, 0xffff, 0xffff, 0xffff,
    0xffff, 0xffff, 0xffff, 0xffff, 0xffff, 0xffff, 0xffff, 0xffff, 0xffff, 0xffff, 0xffff, 0xffff, 0xffff, 0xffff, 0xffff, 0xffff,
    0xffff, 0xffff, 0xffff, 0xffff, 0xffff, 0xffff, 0xffff, 0xffff, 0xffff, 0xffff, 0xffff, 0xffff, 0xffff, 0xffff, 0xffff, 0xffff,
    0xffff, 0xffff, 0xffff, 0xffff, 0xffff, 0xffff, 0xffff, 0xffff, 0x0000, 0x0000, 0x0000, 0x0000, 0x0000, 0x0000, 0x0000, 0x0000,
    0x0000, 0x0000, 0x0000, 0x0000, 0x0000, 0x0000, 0x0000, 0x0000, 0x0000, 0x0000, 0x0000, 0x0000, 0x0000, 0x0000, 0x0000, 0x080a,
    0x080a, 0x080a, 0x080a, 0x080a, 0x080a, 0x080a, 0x080a, 0x080a, 0x080a, 0x080a, 0x080a, 0x080a, 0x080a, 0x080a, 0x080a, 0x080a,
    0x080a, 0x080a, 0x080a, 0x080a, 0x080a, 0x05bf, 0x05bf, 0x05bf, 0x05bf, 0x05bf, 0x05bf, 0x05bf, 0x05bf, 0x6b36, 0x6b36, 0x6b36,
    0x6b36, 0x6b36, 0x6b36, 0x6b36, 0x6b36, 0x6b36, 0x6b36, 0x6b36, 0x6b36, 0x6b36, 0x6b36, 0x6b36, 0x2194, 0x2194, 0x2194, 0x2194,
    0x2194, 0x2194, 0x2194, 0x2194, 0x2194, 0x2194, 0x2194, 0x2194, 0x2194, 0x2194, 0x2194, 0x2194, 0x2194, 0x2194, 0x2194, 0x2194,
    0x2194, 0x2194, 0x05bf, 0x05bf, 0x05bf, 0x05bf, 0x05bf, 0x05bf, 0x05bf, 0x05bf, 0x05bf, 0x05bf, 0x05bf, 0x05bf, 0x05bf, 0x05bf,
    0x05bf, 0x05bf, 0x05bf, 0x05bf, 0x05bf, 0x05bf, 0x05bf, 0x05bf, 0x05bf, 0x05bf, 0x05bf, 0x05bf, 0x05bf, 0x05bf, 0x05bf, 0x05bf,
    0xffff, 0xffff, 0xffff, 0xffff, 0xffff, 0xffff, 0xffff, 0xffff, 0xffff, 0xffff, 0xffff, 0xffff, 0xffff, 0xffff, 0xffff, 0xffff,
    0xffff, 0xffff, 0xffff, 0xffff, 0xffff, 0xffff, 0xffff, 0xffff, 0xffff, 0xffff, 0xffff, 0xffff, 0xffff, 0xffff, 0xffff, 0xffff,
    0xffff, 0xffff, 0xf800, 0xf800, 0xf800, 0xf800, 0xffff, 0xffff, 0xffff, 0xff20, 0xff20, 0xff20, 0xff20, 0xff20, 0xffff, 0xffff,
    0xffff, 0xffff, 0xffff, 0xffff, 0xffff, 0xf800, 0xf800, 0xf800, 0xffff, 0xffff, 0xffff, 0xffff, 0xffff, 0xffff, 0xffff, 0xffff,
    0xffff, 0xffff, 0xffff, 0xffff, 0xffff, 0xffff, 0xffff, 0xffff, 0xffff, 0xffff, 0xffff, 0xffff, 0xffff, 0xffff, 0xffff, 0xffff,
    0xffff, 0xffff, 0xffff, 0xffff, 0xffff, 0xffff, 0xffff, 0xffff, 0xffff, 0xffff, 0xffff, 0xffff, 0xffff, 0xffff, 0xffff, 0xffff,
    0xffff, 0xffff, 0xffff, 0xffff, 0xffff, 0xffff, 0xffff, 0xffff, 0xffff, 0xffff, 0xffff, 0xffff, 0xffff, 0xffff, 0xffff, 0xffff,
    0xffff, 0xffff, 0xffff, 0xffff, 0xffff, 0xffff, 0xffff, 0xffff, 0x0000, 0x0000, 0x0000, 0x0000, 0x0000, 0x0000, 0x0000, 0x0000,
    0x0000, 0x0000, 0x0000, 0x0000, 0x0000, 0x0000, 0x0000, 0x0000, 0x0000, 0x0000, 0x0000, 0x0000, 0x0000, 0x0000, 0x0000, 0x080a,
    0x080a, 0x080a, 0x080a, 0x080a, 0x080a, 0x080a, 0x080a, 0x080a, 0x080a, 0x080a, 0x080a, 0x080a, 0x080a, 0x080a, 0x05bf, 0x05bf,
    0x05bf, 0x05bf, 0x05bf, 0x05bf, 0x05bf, 0x6b36, 0x6b36, 0x6b36, 0x6b36, 0x6b36, 0x6b36, 0x6b36, 0x6b36, 0x6b36, 0x6b36, 0x6b36,
    0x6b36, 0x6b36, 0x6b36, 0x6b36, 0x6b36, 0x6b36, 0x6b36, 0x6b36, 0x6b36, 0x6b36, 0x6b36, 0x6b36, 0x2194, 0x2194, 0x2194, 0x2194,
    0x2194, 0x2194, 0x2194, 0x2194, 0x2194, 0x2194, 0x2194, 0x2194, 0x2194, 0x2194, 0x2194, 0x2194, 0x2194, 0x2194, 0x2194, 0x2194,
    0x2194, 0x2194, 0x05bf, 0x05bf, 0x05bf, 0x05bf, 0x05bf, 0x05bf, 0x05bf, 0x05bf, 0x05bf, 0x05bf, 0x05bf, 0x05bf, 0x05bf, 0x05bf,
    0x05bf, 0x05bf, 0x05bf, 0x05bf, 0x05bf, 0x05bf, 0x05bf, 0x05bf, 0x05bf, 0x05bf, 0x05bf, 0x05bf, 0x05bf, 0x05bf, 0x05bf, 0x05bf,
    0xffff, 0xffff, 0xffff, 0xffff, 0xffff, 0xffff, 0xffff, 0xffff, 0xffff, 0xffff, 0xffff, 0xffff, 0xffff, 0xffff, 0xffff, 0xffff,
    0xffff, 0xffff, 0xffff, 0xffff, 0xffff, 0xffff, 0xffff, 0xffff, 0xffff, 0xffff, 0xffff, 0xffff, 0xffff, 0xffff, 0xffff, 0xffff,
    0xffff, 0xffff, 0xf800, 0xf800, 0xf800, 0xf800, 0xffff, 0xffff, 0xffff, 0xffff, 0xff20, 0xff20, 0xff20, 0xffff, 0xffff, 0xffff,
    0xffff, 0xffff, 0xffff, 0xffff, 0xffff, 0xf800, 0xf800, 0xf800, 0xffff, 0xffff, 0xffff, 0xffff, 0xffff, 0xffff, 0xffff, 0xffff,
    0xffff, 0xffff, 0xffff, 0xffff, 0xffff, 0xffff, 0xffff, 0xffff, 0xffff, 0xffff, 0xffff, 0xffff, 0xffff, 0xffff, 0xffff, 0xffff,
    0xffff, 0xffff, 0xffff, 0xffff, 0xffff, 0xffff, 0xffff, 0xffff, 0xffff, 0xffff, 0xffff, 0xffff, 0xffff, 0xffff, 0xffff, 0xffff,
    0xffff, 0xffff, 0xffff, 0xffff, 0xffff, 0xffff, 0xffff, 0xffff, 0xffff, 0xffff, 0xffff, 0xffff, 0xffff, 0xffff, 0xffff, 0xffff,
    0xffff, 0xffff, 0xffff, 0xffff, 0xffff, 0xffff, 0xffff, 0xffff, 0x0000, 0x0000, 0x0000, 0x0000, 0x0000, 0x0000, 0x0000, 0x0000,
    0x0000, 0x0000, 0x0000, 0x0000, 0x0000, 0x0000, 0x0000, 0x0000, 0x0000, 0x0000, 0x0000, 0x0000, 0x0000, 0x0000, 0x0000, 0x080a,
    0x080a, 0x080a, 0x080a, 0x080a, 0x080a, 0x080a, 0x080a, 0x080a, 0x080a, 0x080a, 0x080a, 0x080a, 0x080a, 0x080a, 0x05bf, 0x05bf,
    0x05bf, 0x05bf, 0x05bf, 0x05bf, 0x05bf, 0x6b36, 0x6b36, 0x6b36, 0x6b36, 0x6b36, 0x6b36, 0x6b36, 0x6b36, 0x6b36, 0x6b36, 0x6b36,
    0x6b36, 0x6b36, 0x6b36, 0x6b36, 0x6b36, 0x6b36, 0x6b36, 0x6b36, 0x6b36, 0x6b36, 0x6b36, 0x6b36, 0x2194, 0x2194, 0x2194, 0x2194,
    0x2194, 0x2194, 0x2194, 0x2194, 0x2194, 0x2194, 0x2194, 0x2194, 0x2194, 0x2194, 0x2194, 0x2194, 0x2194, 0x2194, 0x2194, 0x2194,
    0x2194, 0x2194, 0x05bf, 0x05bf, 0x05bf, 0x05bf, 0x05bf, 0x05bf, 0x05bf, 0x05bf, 0x05bf, 0x05bf, 0x05bf, 0x05bf, 0x05bf, 0x05bf,
    0x05bf, 0x05bf, 0x05bf, 0x05bf, 0x05bf, 0x05bf, 0x05bf, 0x05bf, 0x05bf, 0x05bf, 0x05bf, 0x05bf, 0x05bf, 0x05bf, 0x05bf, 0x05bf,
    0xffff, 0xffff, 0xffff, 0xffff, 0xffff, 0xffff, 0xffff, 0xffff, 0xffff, 0xffff, 0xffff, 0xffff, 0xffff, 0xffff, 0xffff, 0xffff,
    0xffff, 0xffff, 0xffff, 0xffff, 0xffff, 0xffff, 0xffff, 0xffff, 0xffff, 0xffff, 0xffff, 0xffff, 0xffff, 0xffff, 0xffff, 0xffff,
    0xffff, 0xffff, 0xf800, 0xf800, 0xf800, 0xf800, 0xffff, 0xffff, 0xffff, 0xffff, 0xffff, 0xffff, 0xffff, 0xffff, 0xffff, 0xffff,
    0xffff, 0xffff, 0xffff, 0xffff, 0xffff, 0xf800, 0xf800, 0xf800, 0xffff, 0xffff, 0xffff, 0xffff, 0xffff, 0xffff, 0xffff, 0xffff,
    0xffff, 0xffff, 0xffff, 0xffff, 0xffff, 0xffff, 0xffff, 0xffff, 0xffff, 0xffff, 0xffff, 0xffff, 0xffff, 0xffff, 0xffff, 0xffff,
    0xffff, 0xffff, 0xffff, 0xffff, 0xffff, 0xffff, 0xffff, 0xffff, 0xffff, 0xffff, 0xffff, 0xffff, 0xffff, 0xffff, 0xffff, 0xffff,
    0xffff, 0xffff, 0xffff, 0xffff, 0xffff, 0xffff, 0xffff, 0xffff, 0xffff, 0xffff, 0xffff, 0xffff, 0xffff, 0xffff, 0xffff, 0xffff,
    0xffff, 0xffff, 0xffff, 0xffff, 0xffff, 0xffff, 0xffff, 0xffff, 0x0000, 0x0000, 0x0000, 0x0000, 0x0000, 0x0000, 0x0000, 0x0000,
    0x0000, 0x0000, 0x0000, 0x0000, 0x0000, 0x0000, 0x0000, 0x0000, 0x0000, 0x0000, 0x0000, 0x0000, 0x0000, 0x0000, 0x0000, 0x080a,
    0x080a, 0x080a, 0x080a, 0x080a, 0x080a, 0x080a, 0x080a, 0x080a, 0x080a, 0x080a, 0x080a, 0x080a, 0x080a, 0x080a, 0x05bf, 0x05bf,
    0x05bf, 0x05bf, 0x05bf, 0x05bf, 0x05bf, 0x6b36, 0x6b36, 0x6b36, 0x6b36, 0x6b36, 0x6b36, 0x6b36, 0x6b36, 0x6b36, 0x6b36, 0x6b36,
    0x6b36, 0x6b36, 0x6b36, 0x6b36, 0x6b36, 0x6b36, 0x6b36, 0x6b36, 0x6b36, 0x6b36, 0x6b36, 0x6b36, 0x2194, 0x2194, 0x2194, 0x2194,
    0x2194, 0x2194, 0x2194, 0x2194, 0x2194, 0x2194, 0x2194, 0x2194, 0x2194, 0x2194, 0x2194, 0x2194, 0x2194, 0x2194, 0x2194, 0x2194,
    0x2194, 0x2194, 0x05bf, 0x05bf, 0x05bf, 0x05bf, 0x05bf, 0x05bf, 0x05bf, 0x05bf, 0x05bf, 0x05bf, 0x05bf, 0x05bf, 0x05bf, 0x05bf,
    0x05bf, 0x05bf, 0x05bf, 0x05bf, 0x05bf, 0x05bf, 0x05bf, 0x05bf, 0x05bf, 0x05bf, 0x05bf, 0x05bf, 0x05bf, 0x05bf, 0x05bf, 0x05bf,
    0xffff, 0xffff, 0xffff, 0xffff, 0xffff, 0xffff, 0xffff, 0xffff, 0xffff, 0xffff, 0xffff, 0xffff, 0xffff, 0xffff, 0xffff, 0xffff,
    0xffff, 0xffff, 0xffff, 0xffff, 0xffff, 0xffff, 0xffff, 0xffff, 0xffff, 0xffff, 0xffff, 0xffff, 0xffff, 0xffff, 0xffff, 0xffff,
    0xffff, 0xffff, 0xf800, 0xf800, 0xf800, 0xf800, 0xffff, 0xffff, 0xffff, 0xffff, 0xffff, 0xffff, 0xffff, 0xffff, 0xffff, 0xffff,
    0xffff, 0xffff, 0xffff, 0xffff, 0xffff, 0xf800, 0xf800, 0xf800, 0xffff, 0xffff, 0xffff, 0xffff, 0xffff, 0xffff, 0xffff, 0xffff,
    0xffff, 0xffff, 0xffff, 0xffff, 0xffff, 0xffff, 0xffff, 0xffff, 0xffff, 0xffff, 0xffff, 0xffff, 0xffff, 0xffff, 0xffff, 0xffff,
    0xffff, 0xffff, 0xffff, 0xffff, 0xffff, 0xffff, 0xffff, 0xffff, 0xffff, 0xffff, 0xffff, 0xffff, 0xffff, 0xffff, 0xffff, 0xffff,
    0xffff, 0xffff, 0xffff, 0xffff, 0xffff, 0xffff, 0xffff, 0xffff, 0xffff, 0xffff, 0xffff, 0xffff, 0xffff, 0xffff, 0xffff, 0xffff,
    0xffff, 0xffff, 0xffff, 0xffff, 0xffff, 0xffff, 0xffff, 0xffff, 0x0000, 0x0000, 0x0000, 0x0000, 0x0000, 0x0000, 0x0000, 0x0000,
    0x0000, 0x0000, 0x0000, 0x0000, 0x0000, 0x0000, 0x0000, 0x0000, 0x0000, 0x0000, 0x0000, 0x0000, 0x0000, 0x0000, 0x0000, 0x080a,
    0x080a, 0x080a, 0x080a, 0x080a, 0x080a, 0x080a, 0x080a, 0x080a, 0x080a, 0x080a, 0x080a, 0x080a, 0x080a, 0x080a, 0x05bf, 0x05bf,
    0x05bf, 0x05bf, 0x05bf, 0x05bf, 0x05bf, 0x6b36, 0x6b36, 0x6b36, 0x6b36, 0x6b36, 0x6b36, 0x6b36, 0x6b36, 0x6b36, 0x6b36, 0x6b36,
    0x6b36, 0x6b36, 0x6b36, 0x6b36, 0x6b36, 0x6b36, 0x6b36, 0x6b36, 0x6b36, 0x6b36, 0x6b36, 0x6b36, 0x2194, 0x2194, 0x2194, 0x2194,
    0x2194, 0x2194, 0x2194, 0x2194, 0x2194, 0x2194, 0x2194, 0x2194, 0x2194, 0x2194, 0x2194, 0x2194, 0x2194, 0x2194, 0x2194, 0x2194,
    0x2194, 0x2194, 0x05bf, 0x05bf, 0x05bf, 0x05bf, 0x05bf, 0x05bf, 0x05bf, 0x05bf, 0x05bf, 0x05bf, 0x05bf, 0x05bf, 0x05bf, 0x05bf,
    0x05bf, 0x05bf, 0x05bf, 0x05bf, 0x05bf, 0x05bf, 0x05bf, 0x05bf, 0x05bf, 0x05bf, 0x05bf, 0x05bf, 0x05bf, 0x05bf, 0x05bf, 0x05bf,
    0xffff, 0xffff, 0xffff, 0xffff, 0xffff, 0xffff, 0xffff, 0xffff, 0xffff, 0xffff, 0xffff, 0xffff, 0xffff, 0xffff, 0xffff, 0xffff,
    0xffff, 0xffff, 0xffff, 0xffff, 0xffff, 0xffff, 0xffff, 0xffff, 0xffff, 0xffff, 0xffff, 0xffff, 0xffff, 0xffff, 0xffff, 0xffff,
    0xffff, 0xffff, 0xffff, 0xffff, 0xffff, 0xffff, 0xffff, 0xffff, 0xffff, 0xffff, 0xffff, 0xffff, 0xffff, 0xffff, 0xffff, 0xffff,
    0xffff, 0xffff, 0xffff, 0xffff, 0xffff, 0xffff, 0xffff, 0xffff, 0xffff, 0xffff, 0xffff, 0xffff, 0xffff, 0xffff, 0xffff, 0xffff,
    0xffff, 0xffff, 0xffff, 0xffff, 0xffff, 0xffff, 0xffff, 0xffff, 0xffff, 0xffff, 0xffff, 0xffff, 0xffff, 0xffff, 0xffff, 0xffff,
    0xffff, 0xffff, 0xffff, 0xffff, 0xffff, 0xffff, 0xffff, 0xffff, 0xffff, 0xffff, 0xffff, 0xffff, 0xffff, 0xffff, 0xffff, 0xffff,
    0xffff, 0xffff, 0xffff, 0xffff, 0xffff, 0xffff, 0xffff, 0xffff, 0xffff, 0xffff, 0xffff, 0xffff, 0xffff, 0xffff, 0xffff, 0xffff,
    0xffff, 0x0000, 0x0000, 0x0000, 0x0000, 0x0000, 0x0000, 0x0000, 0x0000, 0x0000, 0x0000, 0x0000, 0x0000, 0x0000, 0x0000, 0x0000,
    0x080a, 0x080a, 0x080a, 0x080a, 0x080a, 0x080a, 0x080a, 0x080a, 0x080a, 0x080a, 0x080a, 0x080a, 0x080a, 0x080a, 0x080a, 0x080a,
    0x080a, 0x080a, 0x080a, 0x080a, 0x080a, 0x080a, 0x05bf, 0x05bf, 0x05bf, 0x05bf, 0x05bf, 0x05bf, 0x05bf, 0x05bf, 0x6b36, 0x6b36,
    0x6b36, 0x6b36, 0x6b36, 0x6b36, 0x6b36, 0x6b36, 0x6b36, 0x6b36, 0x6b36, 0x6b36, 0x6b36, 0x6b36, 0x6b36, 0x2194, 0x2194, 0x2194,
    0x2194, 0x2194, 0x2194, 0x2194, 0x2194, 0x2194, 0x2194, 0x2194, 0x2194, 0x2194, 0x2194, 0x2194, 0x05bf, 0x05bf, 0x05bf, 0x05bf,
    0x05bf, 0x05bf, 0x05bf, 0x05bf, 0x05bf, 0x05bf, 0x05bf, 0x05bf, 0x05bf, 0x05bf, 0x05bf, 0x05bf, 0x05bf, 0x05bf, 0x05bf, 0x05bf,
    0x05bf, 0x05bf, 0x05bf, 0x05bf, 0x05bf, 0x05bf, 0x05bf, 0x05bf, 0x05bf, 0x05bf, 0x05bf, 0x05bf, 0x05bf, 0x05bf, 0x05bf, 0x05bf,
    0x05bf, 0x05bf, 0x05bf, 0x05bf, 0x05bf, 0x05bf, 0x05bf, 0x05bf, 0x05bf, 0x05bf, 0x05bf, 0x05bf, 0x05bf, 0x05bf, 0x05bf, 0x05bf,
    0xffff, 0xffff, 0xffff, 0xffff, 0xffff, 0xffff, 0xffff, 0xffff, 0xffff, 0xffff, 0xffff, 0xffff, 0xffff, 0xffff, 0xffff, 0xffff,
    0xffff, 0xffff, 0xffff, 0xffff, 0xffff, 0xffff, 0xffff, 0xffff, 0xffff, 0xffff, 0xffff, 0xffff, 0xffff, 0xffff, 0xffff, 0xffff,
    0xffff, 0xffff, 0xffff, 0xffff, 0xffff, 0xffff, 0xffff, 0xffff, 0xffff, 0xffff, 0xffff, 0xffff, 0xffff, 0xffff, 0xffff, 0xffff,
    0xffff, 0xffff, 0xffff, 0xffff, 0xffff, 0xffff, 0xffff, 0xffff, 0xffff, 0xffff, 0xffff, 0xffff, 0xffff, 0xffff, 0xffff, 0xffff,
    0xffff, 0xffff, 0xffff, 0xffff, 0xffff, 0xffff, 0xffff, 0xffff, 0xffff, 0xffff, 0xffff, 0xffff, 0xffff, 0xffff, 0xffff, 0xffff,
    0xffff, 0xffff, 0xffff, 0xffff, 0xffff, 0xffff, 0xffff, 0xffff, 0xffff, 0xffff, 0xffff, 0xffff, 0xffff, 0xffff, 0xffff, 0xffff,
    0xffff, 0xffff, 0xffff, 0xffff, 0xffff, 0xffff, 0xffff, 0xffff, 0xffff, 0xffff, 0xffff, 0xffff, 0xffff, 0xffff, 0xffff, 0xffff,
    0xffff, 0x0000, 0x0000, 0x0000, 0x0000, 0x0000, 0x0000, 0x0000, 0x0000, 0x0000, 0x0000, 0x0000, 0x0000, 0x0000, 0x0000, 0x0000,
    0x080a, 0x080a, 0x080a, 0x080a, 0x080a, 0x080a, 0x080a, 0x080a, 0x080a, 0x080a, 0x080a, 0x080a, 0x080a, 0x080a, 0x080a, 0x080a,
    0x080a, 0x080a, 0x080a, 0x080a, 0x080a, 0x080a, 0x05bf, 0x05bf, 0x05bf, 0x05bf, 0x05bf, 0x05bf, 0x05bf, 0x05bf, 0x6b36, 0x6b36,
    0x6b36, 0x6b36, 0x6b36, 0x6b36, 0x6b36, 0x6b36, 0x6b36, 0x6b36, 0x6b36, 0x6b36, 0x6b36, 0x6b36, 0x6b36, 0x2194, 0x2194, 0x2194,
    0x2194, 0x2194, 0x2194, 0x2194, 0x2194, 0x2194, 0x2194, 0x2194, 0x2194, 0x2194, 0x2194, 0x2194, 0x05bf, 0x05bf, 0x05bf, 0x05bf,
    0x05bf, 0x05bf, 0x05bf, 0x05bf, 0x05bf, 0x05bf, 0x05bf, 0x05bf, 0x05bf, 0x05bf, 0x05bf, 0x05bf, 0x05bf, 0x05bf, 0x05bf, 0x05bf,
    0x05bf, 0x05bf, 0x05bf, 0x05bf, 0x05bf, 0x05bf, 0x05bf, 0x05bf, 0x05bf, 0x05bf, 0x05bf, 0x05bf, 0x05bf, 0x05bf, 0x05bf, 0x05bf,
    0x05bf, 0x05bf, 0x05bf, 0x05bf, 0x05bf, 0x05bf, 0x05bf, 0x05bf, 0x05bf, 0x05bf, 0x05bf, 0x05bf, 0x05bf, 0x05bf, 0x05bf, 0x05bf,
    0xffff, 0xffff, 0xffff, 0xffff, 0xffff, 0xffff, 0xffff, 0xffff, 0xffff, 0xffff, 0xffff, 0xffff, 0xffff, 0xffff, 0xffff, 0xffff,
    0xffff, 0xffff, 0xffff, 0xffff, 0xffff, 0xffff, 0xffff, 0xffff, 0xffff, 0xffff, 0xffff, 0xffff, 0xffff, 0xffff, 0xffff, 0xffff,
    0xffff, 0xffff, 0xffff, 0xffff, 0xffff, 0xffff, 0xffff, 0xffff, 0xffff, 0xffff, 0xffff, 0xffff, 0xffff, 0xffff, 0xffff, 0xffff,
    0xffff, 0xffff, 0xffff, 0xffff, 0xffff, 0xffff, 0xffff, 0xffff, 0xffff, 0xffff, 0xffff, 0xffff, 0xffff, 0xffff, 0xffff, 0xffff,
    0xffff, 0xffff, 0xffff, 0xffff, 0xffff, 0xffff, 0xffff, 0xffff, 0xffff, 0xffff, 0xffff, 0xffff, 0xffff, 0xffff, 0xffff, 0xffff,
    0xffff, 0xffff, 0xffff, 0xffff, 0xffff, 0xffff, 0xffff, 0xffff, 0xffff, 0xffff, 0xffff, 0xffff, 0xffff, 0xffff, 0xffff, 0xffff,
    0xffff, 0xffff, 0xffff, 0xffff, 0xffff, 0xffff, 0xffff, 0xffff, 0xffff, 0xffff, 0xffff, 0xffff, 0xffff, 0xffff, 0xffff, 0xffff,
    0xffff, 0x0000, 0x0000, 0x0000, 0x0000, 0x0000, 0x0000, 0x0000, 0x0000, 0x0000, 0x0000, 0x0000, 0x0000, 0x0000, 0x0000, 0x0000,
    0x080a, 0x080a, 0x080a, 0x080a, 0x080a, 0x080a, 0x080a, 0x080a, 0x080a, 0x080a, 0x080a, 0x080a, 0x080a, 0x080a, 0x080a, 0x080a,
    0x080a, 0x080a, 0x080a, 0x080a, 0x080a, 0x080a, 0x05bf, 0x05bf, 0x05bf, 0x05bf, 0x05bf, 0x05bf, 0x05bf, 0x05bf, 0x6b36, 0x6b36,
    0x6b36, 0x6b36, 0x6b36, 0x6b36, 0x6b36, 0x6b36, 0x6b36, 0x6b36, 0x6b36, 0x6b36, 0x6b36, 0x6b36, 0x6b36, 0x2194, 0x2194, 0x2194,
    0x2194, 0x2194, 0x2194, 0x2194, 0x2194, 0x2194, 0x2194, 0x2194, 0x2194, 0x2194, 0x2194, 0x2194, 0x05bf, 0x05bf, 0x05bf, 0x05bf,
    0x05bf, 0x05bf, 0x05bf, 0x05bf, 0x05bf, 0x05bf, 0x05bf, 0x05bf, 0x05bf, 0x05bf, 0x05bf, 0x05bf, 0x05bf, 0x05bf, 0x05bf, 0x05bf,
    0x05bf, 0x05bf, 0x05bf, 0x05bf, 0x05bf, 0x05bf, 0x05bf, 0x05bf, 0x05bf, 0x05bf, 0x05bf, 0x05bf, 0x05bf, 0x05bf, 0x05bf, 0x05bf,
    0x05bf, 0x05bf, 0x05bf, 0x05bf, 0x05bf, 0x05bf, 0x05bf, 0x05bf, 0x05bf, 0x05bf, 0x05bf, 0x05bf, 0x05bf, 0x05bf, 0x05bf, 0x05bf,
    0xffff, 0xffff, 0xffff, 0xffff, 0xffff, 0xffff, 0xffff, 0xffff, 0xffff, 0xffff, 0xffff, 0xffff, 0xffff, 0xffff, 0xffff, 0xffff,
    0xffff, 0xffff, 0xffff, 0xffff, 0xffff, 0xffff, 0xffff, 0xffff, 0xffff, 0xffff, 0xffff, 0xffff, 0xffff, 0xffff, 0xffff, 0xffff,
    0xffff, 0xffff, 0xffff, 0xffff, 0xffff, 0xffff, 0xffff, 0xffff, 0xffff, 0xffff, 0xffff, 0xffff, 0xffff, 0xffff, 0xffff, 0xffff,
    0xffff, 0xffff, 0xffff, 0xffff, 0xffff, 0xffff, 0xffff, 0xffff, 0xffff, 0xffff, 0xffff, 0xffff, 0xffff, 0xffff, 0xffff, 0xffff,
    0xffff, 0xffff, 0xffff, 0xffff, 0xffff, 0xffff, 0xffff, 0xffff, 0xffff, 0xffff, 0xffff, 0xffff, 0xffff, 0xffff, 0xffff, 0xffff,
    0xffff, 0xffff, 0xffff, 0xffff, 0xffff, 0xffff, 0xffff, 0xffff, 0xffff, 0xffff, 0xffff, 0xffff, 0xffff, 0xffff, 0xffff, 0xffff,
    0xffff, 0xffff, 0xffff, 0xffff, 0xffff, 0xffff, 0xffff, 0xffff, 0xffff, 0xffff, 0xffff, 0xffff, 0xffff, 0xffff, 0xffff, 0xffff,
    0xffff, 0x0000, 0x0000, 0x0000, 0x0000, 0x0000, 0x0000, 0x0000, 0x0000, 0x0000, 0x0000, 0x0000, 0x0000, 0x0000, 0x0000, 0x0000,
    0x080a, 0x080a, 0x080a, 0x080a, 0x080a, 0x080a, 0x080a, 0x080a, 0x080a, 0x080a, 0x080a, 0x080a, 0x080a, 0x080a, 0x080a, 0x05bf,
    0x05bf, 0x05bf, 0x05bf, 0x05bf, 0x05bf, 0x05bf, 0x6b36, 0x6b36, 0x6b36, 0x6b36, 0x6b36, 0x6b36, 0x6b36, 0x6b36, 0x6b36, 0x6b36,
    0x6b36, 0x6b36, 0x6b36, 0x6b36, 0x6b36, 0x6b36, 0x6b36, 0x6b36, 0x6b36, 0x6b36, 0x6b36, 0x6b36, 0x6b36, 0x2194, 0x2194, 0x2194,
    0x2194, 0x2194, 0x2194, 0x2194, 0x2194, 0x2194, 0x2194, 0x2194, 0x2194, 0x2194, 0x2194, 0x2194, 0x05bf, 0x05bf, 0x05bf, 0x05bf,
    0x05bf, 0x05bf, 0x05bf, 0x05bf, 0x05bf, 0x05bf, 0x05bf, 0x05bf, 0x05bf, 0x05bf, 0x05bf, 0x05bf, 0x05bf, 0x05bf, 0x05bf, 0x05bf,
    0x05bf, 0x05bf, 0x05bf, 0x05bf, 0x05bf, 0x05bf, 0x05bf, 0x05bf, 0x05bf, 0x05bf, 0x05bf, 0x05bf, 0x05bf, 0x05bf, 0x05bf, 0x05bf,
    0x05bf, 0x05bf, 0x05bf, 0x05bf, 0x05bf, 0x05bf, 0x05bf, 0x05bf, 0x05bf, 0x05bf, 0x05bf, 0x05bf, 0x05bf, 0x05bf, 0x05bf, 0x05bf,
    0xffff, 0xffff, 0xffff, 0xffff, 0xffff, 0xffff, 0xffff, 0xffff, 0xffff, 0xffff, 0xffff, 0xffff, 0xffff, 0xffff, 0xffff, 0xffff,
    0xffff, 0xffff, 0xffff, 0xffff, 0xffff, 0xffff, 0xffff, 0xffff, 0xffff, 0xffff, 0xffff, 0xffff, 0xffff, 0xffff, 0xffff, 0xffff,
    0xffff, 0xffff, 0xffff, 0xffff, 0xffff, 0xffff, 0xffff, 0xffff, 0xffff, 0xffff, 0xffff, 0xffff, 0xffff, 0xffff, 0xffff, 0xffff,
    0xffff, 0xffff, 0xffff, 0xffff, 0xffff, 0xffff, 0xffff, 0xffff, 0xffff, 0xffff, 0xffff, 0xffff, 0xffff, 0xffff, 0xffff, 0xffff,
    0xffff, 0xffff, 0xffff, 0xffff, 0xffff, 0xffff, 0xffff, 0xffff, 0xffff, 0xffff, 0xffff, 0xffff, 0xffff, 0xffff, 0xffff, 0xffff,
    0xffff, 0xffff, 0xffff, 0xffff, 0xffff, 0xffff, 0xffff, 0xffff, 0xffff, 0xffff, 0xffff, 0xffff, 0xffff, 0xffff, 0xffff, 0xffff,
    0xffff, 0xffff, 0xffff, 0xffff, 0xffff, 0xffff, 0xffff, 0xffff, 0xffff, 0xffff, 0xffff, 0xffff, 0xffff, 0xffff, 0xffff, 0xffff,
    0xffff, 0x0000, 0x0000, 0x0000, 0x0000, 0x0000, 0x0000, 0x0000, 0x0000, 0x0000, 0x0000, 0x0000, 0x0000, 0x0000, 0x0000, 0x0000,
    0x080a, 0x080a, 0x080a, 0x080a, 0x080a, 0x080a, 0x080a, 0x080a, 0x080a, 0x080a, 0x080a, 0x080a, 0x080a, 0x080a, 0x080a, 0x05bf,
    0x05bf, 0x05bf, 0x05bf, 0x05bf, 0x05bf, 0x05bf, 0x6b36, 0x6b36, 0x6b36, 0x6b36, 0x6b36, 0x6b36, 0x6b36, 0x6b36, 0x6b36, 0x6b36,
    0x6b36, 0x6b36, 0x6b36, 0x6b36, 0x6b36, 0x6b36, 0x6b36, 0x6b36, 0x6b36, 0x6b36, 0x6b36, 0x6b36, 0x6b36, 0x2194, 0x2194, 0x2194,
    0x2194, 0x2194, 0x2194, 0x2194, 0x2194, 0x2194, 0x2194, 0x2194, 0x2194, 0x2194, 0x2194, 0x2194, 0x05bf, 0x05bf, 0x05bf, 0x05bf,
    0x05bf, 0x05bf, 0x05bf, 0x05bf, 0x05bf, 0x05bf, 0x05bf, 0x05bf, 0x05bf, 0x05bf, 0x05bf, 0x05bf, 0x05bf, 0x05bf, 0x05bf, 0x05bf,
    0x05bf, 0x05bf, 0x05bf, 0x05bf, 0x05bf, 0x05bf, 0x05bf, 0x05bf, 0x05bf, 0x05bf, 0x05bf, 0x05bf, 0x05bf, 0x05bf, 0x05bf, 0x05bf,
    0x05bf, 0x05bf, 0x05bf, 0x05bf, 0x05bf, 0x05bf, 0x05bf, 0x05bf, 0x05bf, 0x05bf, 0x05bf, 0x05bf, 0x05bf, 0x05bf, 0x05bf, 0x05bf,
    0xffff, 0xffff, 0xffff, 0xffff, 0xffff, 0xffff, 0xffff, 0xffff, 0xffff, 0xffff, 0xffff, 0xffff, 0xffff, 0xffff, 0xffff, 0xffff,
    0xffff, 0xffff, 0xffff, 0xffff, 0xffff, 0xffff, 0xffff, 0xffff, 0xffff, 0xffff, 0xffff, 0xffff, 0xffff, 0xffff, 0xffff, 0xffff,
    0xffff, 0xffff, 0xffff, 0xffff, 0xffff, 0xffff, 0xffff, 0xffff, 0xffff, 0xffff, 0xffff, 0xffff, 0xffff, 0xffff, 0xffff, 0xffff,
    0xffff, 0xffff, 0xffff, 0xffff, 0xffff, 0xffff, 0xffff, 0xffff, 0xffff, 0xffff, 0xffff, 0xffff, 0xffff, 0xffff, 0xffff, 0xffff,
    0xffff, 0xffff, 0xffff, 0xffff, 0xffff, 0xffff, 0xffff, 0xffff, 0xffff, 0xffff, 0xffff, 0xffff, 0xffff, 0xffff, 0xffff, 0xffff,
    0xffff, 0xffff, 0xffff, 0xffff, 0xffff, 0xffff, 0xffff, 0xffff, 0xffff, 0xffff, 0xffff, 0xffff, 0xffff, 0xffff, 0xffff, 0xffff,
    0xffff, 0xffff, 0xffff, 0xffff, 0xffff, 0xffff, 0xffff, 0xffff, 0xffff, 0xffff, 0xffff, 0xffff, 0xffff, 0xffff, 0xffff, 0xffff,
    0xffff, 0x0000, 0x0000, 0x0000, 0x0000, 0x0000, 0x0000, 0x0000, 0x0000, 0x0000, 0x0000, 0x0000, 0x0000, 0x0000, 0x0000, 0x0000,
    0x080a, 0x080a, 0x080a, 0x080a, 0x080a, 0x080a, 0x080a, 0x080a, 0x080a, 0x080a, 0x080a, 0x080a, 0x080a, 0x080a, 0x080a, 0x05bf,
    0x05bf, 0x05bf, 0x05bf, 0x05bf, 0x05bf, 0x05bf, 0x6b36, 0x6b36, 0x6b36, 0x6b36, 0x6b36, 0x6b36, 0x6b36, 0x6b36, 0x6b36, 0x6b36,
    0x6b36, 0x6b36, 0x6b36, 0x6b36, 0x6b36, 0x6b36, 0x6b36, 0x6b36, 0x6b36, 0x6b36, 0x6b36, 0x6b36, 0x6b36, 0x2194, 0x2194, 0x2194,
    0x2194, 0x2194, 0x2194, 0x2194, 0x2194, 0x2194, 0x2194, 0x2194, 0x2194, 0x2194, 0x2194, 0x2194, 0x05bf, 0x05bf, 0x05bf, 0x05bf,
    0x05bf, 0x05bf, 0x05bf, 0x05bf, 0x05bf, 0x05bf, 0x05bf, 0x05bf, 0x05bf, 0x05bf, 0x05bf, 0x05bf, 0x05bf, 0x05bf, 0x05bf, 0x05bf,
    0x05bf, 0x05bf, 0x05bf, 0x05bf, 0x05bf, 0x05bf, 0x05bf, 0x05bf, 0x05bf, 0x05bf, 0x05bf, 0x05bf, 0x05bf, 0x05bf, 0x05bf, 0x05bf,
    0x05bf, 0x05bf, 0x05bf, 0x05bf, 0x05bf, 0x05bf, 0x05bf, 0x05bf, 0x05bf, 0x05bf, 0x05bf, 0x05bf, 0x05bf, 0x05bf, 0x05bf, 0x05bf,
    0xffff, 0xffff, 0xffff, 0xffff, 0xffff, 0xffff, 0xffff, 0xffff, 0xffff, 0xffff, 0xffff, 0xffff, 0xffff, 0xffff, 0xffff, 0xffff,
    0xffff, 0xffff, 0xffff, 0xffff, 0xffff, 0xffff, 0xffff, 0xffff, 0xffff, 0xffff, 0xffff, 0xffff, 0xffff, 0xffff, 0xffff, 0xffff,
    0xffff, 0xffff, 0xffff, 0xffff, 0xffff, 0xffff, 0xffff, 0xffff, 0xffff, 0xffff, 0xffff, 0xffff, 0xffff, 0xffff, 0xffff, 0xffff,
    0xffff, 0xffff, 0xffff, 0xffff, 0xffff, 0xffff, 0xffff, 0xffff, 0xffff, 0xffff, 0xffff, 0xffff, 0xffff, 0xffff, 0xffff, 0xffff,
    0xffff, 0xffff, 0xffff, 0xffff, 0xffff, 0xffff, 0xffff, 0xffff, 0xffff, 0xffff, 0xffff, 0xffff, 0xffff, 0xffff, 0xffff, 0xffff,
    0xffff, 0xffff, 0xffff, 0xffff, 0xffff, 0xffff, 0xffff, 0xffff, 0xffff, 0xffff, 0xffff, 0xffff, 0xffff, 0xffff, 0xffff, 0xffff,
    0xffff, 0xffff, 0xffff, 0xffff, 0xffff, 0xffff, 0xffff, 0xffff, 0xffff, 0xffff, 0xffff, 0xffff, 0xffff, 0xffff, 0xffff, 0xffff,
    0xffff, 0x0000, 0x0000, 0x0000, 0x0000, 0x0000, 0x0000, 0x0000, 0x0000, 0x0000, 0x0000, 0x0000, 0x0000, 0x0000, 0x0000, 0x0000,
    0x080a, 0x080a, 0x080a, 0x080a, 0x080a, 0x080a, 0x080a, 0x080a, 0x080a, 0x080a, 0x080a, 0x080a, 0x080a, 0x080a, 0x080a, 0x05bf,
    0x05bf, 0x05bf, 0x05bf, 0x05bf, 0x05bf, 0x05bf, 0x6b36, 0x6b36, 0x6b36, 0x6b36, 0x6b36, 0x6b36, 0x6b36, 0x6b36, 0x6b36, 0x6b36,
    0x6b36, 0x6b36, 0x6b36, 0x6b36, 0x6b36, 0x6b36, 0x6b36, 0x6b36, 0x6b36, 0x6b36, 0x6b36, 0x6b36, 0x6b36, 0x2194, 0x2194, 0x2194,
    0x2194, 0x2194, 0x2194, 0x2194, 0x2194, 0x2194, 0x2194, 0x2194, 0x2194, 0x2194, 0x2194, 0x2194, 0x05bf, 0x05bf, 0x05bf, 0x05bf,
    0x05bf, 0x05bf, 0x05bf, 0x05bf, 0x05bf, 0x05bf, 0x05bf, 0x05bf, 0x05bf, 0x05bf, 0x05bf, 0x05bf, 0x05bf, 0x05bf, 0x05bf, 0x05bf,
    0x05bf, 0x05bf, 0x05bf, 0x05bf, 0x05bf, 0x05bf, 0x05bf, 0x05bf, 0x05bf, 0x05bf, 0x05bf, 0x05bf, 0x05bf, 0x05bf, 0x05bf, 0x05bf,
    0x05bf, 0x05bf, 0x05bf, 0x05bf, 0x05bf, 0x05bf, 0x05bf, 0x05bf, 0x05bf, 0x05bf, 0x05bf, 0x05bf, 0x05bf, 0x05bf, 0x05bf, 0x05bf,
    0xffff, 0xffff, 0xffff, 0xffff, 0xffff, 0xffff, 0xffff, 0xffff, 0xffff, 0xffff, 0xffff, 0xffff, 0xffff, 0xffff, 0xffff, 0xffff,
    0xffff, 0xffff, 0xffff, 0xffff, 0xffff, 0xffff, 0xffff, 0xffff, 0xffff, 0xffff, 0xffff, 0xffff, 0xffff, 0xffff, 0xffff, 0xffff,
    0xffff, 0xffff, 0xffff, 0xffff, 0xffff, 0xffff, 0xf800, 0xf800, 0xf800, 0xf800, 0xf800, 0xf800, 0xf800, 0xf800, 0xf800, 0xf800,
    0xf800, 0xf800, 0xf800, 0xf800, 0xf800, 0xf800, 0xf800, 0xf800, 0xffff, 0xffff, 0xffff, 0xffff, 0xffff, 0xffff, 0xffff, 0xffff,
    0xffff, 0xffff, 0xffff, 0xffff, 0xffff, 0xffff, 0xffff, 0xffff, 0xffff, 0xffff, 0xffff, 0xffff, 0xffff, 0xffff, 0xffff, 0xffff,
    0xffff, 0xffff, 0xffff, 0xffff, 0xffff, 0xffff, 0xffff, 0xffff, 0xffff, 0xffff, 0xffff, 0xffff, 0xffff, 0xffff, 0xffff, 0xffff,
    0xffff, 0xffff, 0x0000, 0x0000, 0x0000, 0x0000, 0x0000, 0x0000, 0x0000, 0x0000, 0x0000, 0x0000, 0x0000, 0x0000, 0x0000, 0x0000,
    0x0000, 0x0000, 0x0000, 0x0000, 0x0000, 0x0000, 0x0000, 0x0000, 0x080a, 0x080a, 0x080a, 0x080a, 0x080a, 0x080a, 0x080a, 0x080a,
    0x080a, 0x080a, 0x080a, 0x080a, 0x080a, 0x080a, 0x080a, 0x05bf, 0x05bf, 0x05bf, 0x05bf, 0x05bf, 0x05bf, 0x05bf, 0x05bf, 0x05bf,
    0x05bf, 0x05bf, 0x6b36, 0x6b36, 0x6b36, 0x6b36, 0x6b36, 0x6b36, 0x6b36, 0x6b36, 0x6b36, 0x6b36, 0x6b36, 0x6b36, 0x2194, 0x2194,
    0x2194, 0x2194, 0x2194, 0x2194, 0x2194, 0x2194, 0x2194, 0x2194, 0x2194, 0x2194, 0x2194, 0x2194, 0x2194, 0x2194, 0x2194, 0x2194,
    0x2194, 0x2194, 0x2194, 0x2194, 0x05bf, 0x05bf, 0x05bf, 0x05bf, 0x05bf, 0x05bf, 0x05bf, 0x05bf, 0x05bf, 0x05bf, 0x05bf, 0x05bf,
    0x05bf, 0x05bf, 0x05bf, 0x05bf, 0x05bf, 0x05bf, 0x05bf, 0x05bf, 0x05bf, 0x05bf, 0x05bf, 0x05bf, 0x05bf, 0x05bf, 0x05bf, 0x05bf,
    0x05bf, 0x05bf, 0x05bf, 0x05bf, 0x05bf, 0x05bf, 0x05bf, 0x05bf, 0x05bf, 0x05bf, 0x05bf, 0x05bf, 0x05bf, 0x05bf, 0x05bf, 0x05bf,
    0x05bf, 0x05bf, 0x05bf, 0x05bf, 0x05bf, 0x05bf, 0x05bf, 0x05bf, 0x05bf, 0x05bf, 0x05bf, 0x05bf, 0x05bf, 0x05bf, 0x05bf, 0x05bf,
    0xffff, 0xffff, 0xffff, 0xffff, 0xffff, 0xffff, 0xffff, 0xffff, 0xffff, 0xffff, 0xffff, 0xffff, 0xffff, 0xffff, 0xffff, 0xffff,
    0xffff, 0xffff, 0xffff, 0xffff, 0xffff, 0xffff, 0xffff, 0xffff, 0xffff, 0xffff, 0xffff, 0xffff, 0xffff, 0xffff, 0xffff, 0xffff,
    0xffff, 0xffff, 0xffff, 0xffff, 0xffff, 0xffff, 0xf800, 0xf800, 0xf800, 0xf800, 0xf800, 0xf800, 0xf800, 0xf800, 0xf800, 0xf800,
    0xf800, 0xf800, 0xf800, 0xf800, 0xf800, 0xf800, 0xf800, 0xf800, 0xffff, 0xffff, 0xffff, 0xffff, 0xffff, 0xffff, 0xffff, 0xffff,
    0xffff, 0xffff, 0xffff, 0xffff, 0xffff, 0xffff, 0xffff, 0xffff, 0xffff, 0xffff, 0xffff, 0xffff, 0xffff, 0xffff, 0xffff, 0xffff,
    0xffff, 0xffff, 0xffff, 0xffff, 0xffff, 0xffff, 0xffff, 0xffff, 0xffff, 0xffff, 0xffff, 0xffff, 0xffff, 0xffff, 0xffff, 0xffff,
    0xffff, 0xffff, 0x0000, 0x0000, 0x0000, 0x0000, 0x0000, 0x0000, 0x0000, 0x0000, 0x0000, 0x0000, 0x0000, 0x0000, 0x0000, 0x0000,
    0x0000, 0x0000, 0x0000, 0x0000, 0x0000, 0x0000, 0x0000, 0x0000, 0x080a, 0x080a, 0x080a, 0x080a, 0x080a, 0x080a, 0x080a, 0x080a,
    0x080a, 0x080a, 0x080a, 0x080a, 0x080a, 0x080a, 0x080a, 0x05bf, 0x05bf, 0x05bf, 0x05bf, 0x05bf, 0x05bf, 0x05bf, 0x05bf, 0x05bf,
    0x05bf, 0x05bf, 0x6b36, 0x6b36, 0x6b36, 0x6b36, 0x6b36, 0x6b36, 0x6b36, 0x6b36, 0x6b36, 0x6b36, 0x6b36, 0x6b36, 0x2194, 0x2194,
    0x2194, 0x2194, 0x2194, 0x2194, 0x2194, 0x2194, 0x2194, 0x2194, 0x2194, 0x2194, 0x2194, 0x2194, 0x2194, 0x2194, 0x2194, 0x2194,
    0x2194, 0x2194, 0x2194, 0x2194, 0x05bf, 0x05bf, 0x05bf, 0x05bf, 0x05bf, 0x05bf, 0x05bf, 0x05bf, 0x05bf, 0x05bf, 0x05bf, 0x05bf,
    0x05bf, 0x05bf, 0x05bf, 0x05bf, 0x05bf, 0x05bf, 0x05bf, 0x05bf, 0x05bf, 0x05bf, 0x05bf, 0x05bf, 0x05bf, 0x05bf, 0x05bf, 0x05bf,
    0x05bf, 0x05bf, 0x05bf, 0x05bf, 0x05bf, 0x05bf, 0x05bf, 0x05bf, 0x05bf, 0x05bf, 0x05bf, 0x05bf, 0x05bf, 0x05bf, 0x05bf, 0x05bf,
    0x05bf, 0x05bf, 0x05bf, 0x05bf, 0x05bf, 0x05bf, 0x05bf, 0x05bf, 0x05bf, 0x05bf, 0x05bf, 0x05bf, 0x05bf, 0x05bf, 0x05bf, 0x05bf,
    0xffff, 0xffff, 0xffff, 0xffff, 0xffff, 0xffff, 0xffff, 0xffff, 0xffff, 0xffff, 0xffff, 0xffff, 0xffff, 0xffff, 0xffff, 0xffff,
    0xffff, 0xffff, 0xffff, 0xffff, 0xffff, 0xffff, 0xffff, 0xffff, 0xffff, 0xffff, 0xffff, 0xffff, 0xffff, 0xffff, 0xffff, 0xffff,
    0xffff, 0xffff, 0xffff, 0xffff, 0xffff, 0xffff, 0xf800, 0xf800, 0xf800, 0xf800, 0xf800, 0xf800, 0xf800, 0xf800, 0xf800, 0xf800,
    0xf800, 0xf800, 0xf800, 0xf800, 0xf800, 0xf800, 0xf800, 0xf800, 0xffff, 0xffff, 0xffff, 0xffff, 0xffff, 0xffff, 0xffff, 0xffff,
    0xffff, 0xffff, 0xffff, 0xffff, 0xffff, 0xffff, 0xffff, 0xffff, 0xffff, 0xffff, 0xffff, 0xffff, 0xffff, 0xffff, 0xffff, 0xffff,
    0xffff, 0xffff, 0xffff, 0xffff, 0xffff, 0xffff, 0xffff, 0xffff, 0xffff, 0xffff, 0xffff, 0xffff, 0xffff, 0xffff, 0xffff, 0xffff,
    0xffff, 0xffff, 0x0000, 0x0000, 0x0000, 0x0000, 0x0000, 0x0000, 0x0000, 0x0000, 0x0000, 0x0000, 0x0000, 0x0000, 0x0000, 0x0000,
    0x0000, 0x0000, 0x0000, 0x0000, 0x0000, 0x0000, 0x0000, 0x0000, 0x080a, 0x080a, 0x080a, 0x080a, 0x080a, 0x080a, 0x080a, 0x080a,
    0x080a, 0x080a, 0x080a, 0x080a, 0x080a, 0x080a, 0x080a, 0x05bf, 0x05bf, 0x05bf, 0x05bf, 0x05bf, 0x05bf, 0x05bf, 0x05bf, 0x05bf,
    0x05bf, 0x05bf, 0x6b36, 0x6b36, 0x6b36, 0x6b36, 0x6b36, 0x6b36, 0x6b36, 0x6b36, 0x6b36, 0x6b36, 0x6b36, 0x6b36, 0x2194, 0x2194,
    0x2194, 0x2194, 0x2194, 0x2194, 0x2194, 0x2194, 0x2194, 0x2194, 0x2194, 0x2194, 0x2194, 0x2194, 0x2194, 0x2194, 0x2194, 0x2194,
    0x2194, 0x2194, 0x2194, 0x2194, 0x05bf, 0x05bf, 0x05bf, 0x05bf, 0x05bf, 0x05bf, 0x05bf, 0x05bf, 0x05bf, 0x05bf, 0x05bf, 0x05bf,
    0x05bf, 0x05bf, 0x05bf, 0x05bf, 0x05bf, 0x05bf, 0x05bf, 0x05bf, 0x05bf, 0x05bf, 0x05bf, 0x05bf, 0x05bf, 0x05bf, 0x05bf, 0x05bf,
    0x05bf, 0x05bf, 0x05bf, 0x05bf, 0x05bf, 0x05bf, 0x05bf, 0x05bf, 0x05bf, 0x05bf, 0x05bf, 0x05bf, 0x05bf, 0x05bf, 0x05bf, 0x05bf,
    0x05bf, 0x05bf, 0x05bf, 0x05bf, 0x05bf, 0x05bf, 0x05bf, 0x05bf, 0x05bf, 0x05bf, 0x05bf, 0x05bf, 0x05bf, 0x05bf, 0x05bf, 0x05bf,
    0xffff, 0xffff, 0xffff, 0xffff, 0xffff, 0xffff, 0xffff, 0xffff, 0xffff, 0xffff, 0xffff, 0xffff, 0xffff, 0xffff, 0xffff, 0xffff,
    0xffff, 0xffff, 0xffff, 0xffff, 0xffff, 0xffff, 0xffff, 0xffff, 0xffff, 0xffff, 0xffff, 0xffff, 0xffff, 0xffff, 0xffff, 0xffff,
    0xffff, 0xffff, 0xffff, 0xffff, 0xffff, 0xffff, 0xf800, 0xf800, 0xf800, 0xf800, 0xf800, 0xf800, 0xf800, 0xf800, 0xf800, 0xf800,
    0xf800, 0xf800, 0xf800, 0xf800, 0xf800, 0xf800, 0xf800, 0xf800, 0xffff, 0xffff, 0xffff, 0xffff, 0xffff, 0xffff, 0xffff, 0xffff,
    0xffff, 0xffff, 0xffff, 0xffff, 0xffff, 0xffff, 0xffff, 0xffff, 0xffff, 0xffff, 0xffff, 0xffff, 0xffff, 0xffff, 0xffff, 0xffff,
    0xffff, 0xffff, 0xffff, 0xffff, 0xffff, 0xffff, 0xffff, 0xffff, 0xffff, 0xffff, 0xffff, 0xffff, 0xffff, 0xffff, 0xffff, 0xffff,
    0xffff, 0xffff, 0x0000, 0x0000, 0x0000, 0x0000, 0x0000, 0x0000, 0x0000, 0x0000, 0x0000, 0x0000, 0x0000, 0x0000, 0x0000, 0x0000,
    0x0000, 0x0000, 0x0000, 0x0000, 0x0000, 0x0000, 0x0000, 0x0000, 0x080a, 0x080a, 0x080a, 0x080a, 0x080a, 0x080a, 0x080a, 0x080a,
    0x080a, 0x080a, 0x080a, 0x080a, 0x080a, 0x080a, 0x080a, 0x05bf, 0x05bf, 0x05bf, 0x05bf, 0x05bf, 0x05bf, 0x05bf, 0x05bf, 0x05bf,
    0x05bf, 0x05bf, 0x6b36, 0x6b36, 0x6b36, 0x6b36, 0x6b36, 0x6b36, 0x6b36, 0x6b36, 0x6b36, 0x6b36, 0x6b36, 0x6b36, 0x2194, 0x2194,
    0x2194, 0x2194, 0x2194, 0x2194, 0x2194, 0x2194, 0x2194, 0x2194, 0x2194, 0x2194, 0x2194, 0x2194, 0x2194, 0x2194, 0x2194, 0x2194,
    0x2194, 0x2194, 0x2194, 0x2194, 0x05bf, 0x05bf, 0x05bf, 0x05bf, 0x05bf, 0x05bf, 0x05bf, 0x05bf, 0x05bf, 0x05bf, 0x05bf, 0x05bf,
    0x05bf, 0x05bf, 0x05bf, 0x05bf, 0x05bf, 0x05bf, 0x05bf, 0x05bf, 0x05bf, 0x05bf, 0x05bf, 0x05bf, 0x05bf, 0x05bf, 0x05bf, 0x05bf,
    0x05bf, 0x05bf, 0x05bf, 0x05bf, 0x05bf, 0x05bf, 0x05bf, 0x05bf, 0x05bf, 0x05bf, 0x05bf, 0x05bf, 0x05bf, 0x05bf, 0x05bf, 0x05bf,
    0x05bf, 0x05bf, 0x05bf, 0x05bf, 0x05bf, 0x05bf, 0x05bf, 0x05bf, 0x05bf, 0x05bf, 0x05bf, 0x05bf, 0x05bf, 0x05bf, 0x05bf, 0x05bf,
    0xffff, 0xffff, 0xffff, 0xffff, 0xffff, 0xffff, 0xffff, 0xffff, 0xffff, 0xffff, 0xffff, 0xffff, 0xffff, 0xffff, 0xffff, 0xffff,
    0xffff, 0xffff, 0xffff, 0xffff, 0xffff, 0xffff, 0xffff, 0xffff, 0xffff, 0xffff, 0xffff, 0xffff, 0xffff, 0xffff, 0xffff, 0xffff,
    0xffff, 0xffff, 0xffff, 0xffff, 0xffff, 0xffff, 0xf800, 0xf800, 0xf800, 0xffff, 0xffff, 0xffff, 0xffff, 0xffff, 0xffff, 0xffff,
    0xffff, 0xffff, 0xffff, 0xffff, 0xffff, 0xf800, 0xf800, 0xf800, 0xffff, 0xffff, 0xffff, 0xffff, 0xffff, 0xffff, 0xffff, 0xffff,
    0xffff, 0xffff, 0xffff, 0xffff, 0xffff, 0xffff, 0xffff, 0xffff, 0xffff, 0xffff, 0xffff, 0xffff, 0xffff, 0xffff, 0xffff, 0xffff,
    0xffff, 0xffff, 0xffff, 0xffff, 0xffff, 0xffff, 0xffff, 0xffff, 0xffff, 0xffff, 0xffff, 0xffff, 0xffff, 0xffff, 0xffff, 0xffff,
    0xffff, 0xffff, 0x0000, 0x0000, 0x0000, 0x0000, 0x0000, 0x0000, 0x0000, 0x0000, 0x0000, 0x0000, 0x0000, 0x0000, 0x0000, 0x0000,
    0x0000, 0x0000, 0x0000, 0x0000, 0x0000, 0x0000, 0x0000, 0x0000, 0x080a, 0x080a, 0x080a, 0x080a, 0x080a, 0x080a, 0x080a, 0x080a,
    0x080a, 0x080a, 0x080a, 0x05bf, 0x05bf, 0x05bf, 0x05bf, 0x05bf, 0x05bf, 0x05bf, 0x05bf, 0x6b36, 0x6b36, 0x6b36, 0x6b36, 0x6b36,
    0x6b36, 0x6b36, 0x6b36, 0x6b36, 0x6b36, 0x6b36, 0x6b36, 0x6b36, 0x6b36, 0x6b36, 0x6b36, 0x6b36, 0x6b36, 0x6b36, 0x2194, 0x2194,
    0x2194, 0x2194, 0x2194, 0x2194, 0x2194, 0x2194, 0x2194, 0x2194, 0x2194, 0x2194, 0x2194, 0x2194, 0x2194, 0x2194, 0x2194, 0x2194,
    0x2194, 0x2194, 0x2194, 0x2194, 0x05bf, 0x05bf, 0x05bf, 0x05bf, 0x05bf, 0x05bf, 0x05bf, 0x05bf, 0x05bf, 0x05bf, 0x05bf, 0x05bf,
    0x05bf, 0x05bf, 0x05bf, 0x05bf, 0x05bf, 0x05bf, 0x05bf, 0x05bf, 0x05bf, 0x05bf, 0x05bf, 0x05bf, 0x05bf, 0x05bf, 0x05bf, 0x05bf,
    0x05bf, 0x05bf, 0x05bf, 0x05bf, 0x05bf, 0x05bf, 0x05bf, 0x05bf, 0x05bf, 0x05bf, 0x05bf, 0x05bf, 0x05bf, 0x05bf, 0x05bf, 0x05bf,
    0x05bf, 0x05bf, 0x05bf, 0x05bf, 0x05bf, 0x05bf, 0x05bf, 0x05bf, 0x05bf, 0x05bf, 0x05bf, 0x05bf, 0x05bf, 0x05bf, 0x05bf, 0x05bf,
    0xffff, 0xffff, 0xffff, 0xffff, 0xffff, 0xffff, 0xffff, 0xffff, 0xffff, 0xffff, 0xffff, 0xffff, 0xffff, 0xffff, 0xffff, 0xffff,
    0xffff, 0xffff, 0xffff, 0xffff, 0xffff, 0xffff, 0xffff, 0xffff, 0xffff, 0xffff, 0xffff, 0xffff, 0xffff, 0xffff, 0xffff, 0xffff,
    0xffff, 0xffff, 0xffff, 0xffff, 0xffff, 0xffff, 0xf800, 0xf800, 0xf800, 0xffff, 0xffff, 0xffff, 0xffff, 0xffff, 0xffff, 0xffff,
    0xffff, 0xffff, 0xffff, 0xffff, 0xffff, 0xf800, 0xf800, 0xf800, 0xffff, 0xffff, 0xffff, 0xffff, 0xffff, 0xffff, 0xffff, 0xffff,
    0xffff, 0xffff, 0xffff, 0xffff, 0xffff, 0xffff, 0xffff, 0xffff, 0xffff, 0xffff, 0xffff, 0xffff, 0xffff, 0xffff, 0xffff, 0xffff,
    0xffff, 0xffff, 0xffff, 0xffff, 0xffff, 0xffff, 0xffff, 0xffff, 0xffff, 0xffff, 0xffff, 0xffff, 0xffff, 0xffff, 0xffff, 0xffff,
    0xffff, 0xffff, 0x0000, 0x0000, 0x0000, 0x0000, 0x0000, 0x0000, 0x0000, 0x0000, 0x0000, 0x0000, 0x0000, 0x0000, 0x0000, 0x0000,
    0x0000, 0x0000, 0x0000, 0x0000, 0x0000, 0x0000, 0x0000, 0x0000, 0x080a, 0x080a, 0x080a, 0x080a, 0x080a, 0x080a, 0x080a, 0x080a,
    0x080a, 0x080a, 0x080a, 0x05bf, 0x05bf, 0x05bf, 0x05bf, 0x05bf, 0x05bf, 0x05bf, 0x05bf, 0x6b36, 0x6b36, 0x6b36, 0x6b36, 0x6b36,
    0x6b36, 0x6b36, 0x6b36, 0x6b36, 0x6b36, 0x6b36, 0x6b36, 0x6b36, 0x6b36, 0x6b36, 0x6b36, 0x6b36, 0x6b36, 0x6b36, 0x2194, 0x2194,
    0x2194, 0x2194, 0x2194, 0x2194, 0x2194, 0x2194, 0x2194, 0x2194, 0x2194, 0x2194, 0x2194, 0x2194, 0x2194, 0x2194, 0x2194, 0x2194,
    0x2194, 0x2194, 0x2194, 0x2194, 0x05bf, 0x05bf, 0x05bf, 0x05bf, 0x05bf, 0x05bf, 0x05bf, 0x05bf, 0x05bf, 0x05bf, 0x05bf, 0x05bf,
    0x05bf, 0x05bf, 0x05bf, 0x05bf, 0x05bf, 0x05bf, 0x05bf, 0x05bf, 0x05bf, 0x05bf, 0x05bf, 0x05bf, 0x05bf, 0x05bf, 0x05bf, 0x05bf,
    0x05bf, 0x05bf, 0x05bf, 0x05bf, 0x05bf, 0x05bf, 0x05bf, 0x05bf, 0x05bf, 0x05bf, 0x05bf, 0x05bf, 0x05bf, 0x05bf, 0x05bf, 0x05bf,
    0x05bf, 0x05bf, 0x05bf, 0x05bf, 0x05bf, 0x05bf, 0x05bf, 0x05bf, 0x05bf, 0x05bf, 0x05bf, 0x05bf, 0x05bf, 0x05bf, 0x05bf, 0x05bf,
    0xffff, 0xffff, 0xffff, 0xffff, 0xffff, 0xffff, 0xffff, 0xffff, 0xffff, 0xffff, 0xffff, 0xffff, 0xffff, 0xffff, 0xffff, 0xffff,
    0xffff, 0xffff, 0xffff, 0xffff, 0xffff, 0xffff, 0xffff, 0xffff, 0xffff, 0xffff, 0xffff, 0xffff, 0xffff, 0xffff, 0xffff, 0xffff,
    0xffff, 0xffff, 0xffff, 0xffff, 0xffff, 0xffff, 0xf800, 0xf800, 0xf800, 0xffff, 0xffff, 0xffff, 0xffff, 0xffff, 0xffff, 0xffff,
    0xffff, 0xffff, 0xffff, 0xffff, 0xffff, 0xf800, 0xf800, 0xf800, 0xffff, 0xffff, 0xffff, 0xffff, 0xffff, 0xffff, 0xffff, 0xffff,
    0xffff, 0xffff, 0xffff, 0xffff, 0xffff, 0xffff, 0xffff, 0xffff, 0xffff, 0xffff, 0xffff, 0xffff, 0xffff, 0xffff, 0xffff, 0xffff,
    0xffff, 0xffff, 0xffff, 0xffff, 0xffff, 0xffff, 0xffff, 0xffff, 0xffff, 0xffff, 0xffff, 0xffff, 0xffff, 0xffff, 0xffff, 0xffff,
    0xffff, 0xffff, 0x0000, 0x0000, 0x0000, 0x0000, 0x0000, 0x0000, 0x0000, 0x0000, 0x0000, 0x0000, 0x0000, 0x0000, 0x0000, 0x0000,
    0x0000, 0x0000, 0x0000, 0x0000, 0x0000, 0x0000, 0x0000, 0x0000, 0x080a, 0x080a, 0x080a, 0x080a, 0x080a, 0x080a, 0x080a, 0x080a,
    0x080a, 0x080a, 0x080a, 0x05bf, 0x05bf, 0x05bf, 0x05bf, 0x05bf, 0x05bf, 0x05bf, 0x05bf, 0x6b36, 0x6b36, 0x6b36, 0x6b36, 0x6b36,
    0x6b36, 0x6b36, 0x6b36, 0x6b36, 0x6b36, 0x6b36, 0x6b36, 0x6b36, 0x6b36, 0x6b36, 0x6b36, 0x6b36, 0x6b36, 0x6b36, 0x2194, 0x2194,
    0x2194, 0x2194, 0x2194, 0x2194, 0x2194, 0x2194, 0x2194, 0x2194, 0x2194, 0x2194, 0x2194, 0x2194, 0x2194, 0x2194, 0x2194, 0x2194,
    0x2194, 0x2194, 0x2194, 0x2194, 0x05bf, 0x05bf, 0x05bf, 0x05bf, 0x05bf, 0x05bf, 0x05bf, 0x05bf, 0x05bf, 0x05bf, 0x05bf, 0x05bf,
    0x05bf, 0x05bf, 0x05bf, 0x05bf, 0x05bf, 0x05bf, 0x05bf, 0x05bf, 0x05bf, 0x05bf, 0x05bf, 0x05bf, 0x05bf, 0x05bf, 0x05bf, 0x05bf,
    0x05bf, 0x05bf, 0x05bf, 0x05bf, 0x05bf, 0x05bf, 0x05bf, 0x05bf, 0x05bf, 0x05bf, 0x05bf, 0x05bf, 0x05bf, 0x05bf, 0x05bf, 0x05bf,
    0x05bf, 0x05bf, 0x05bf, 0x05bf, 0x05bf, 0x05bf, 0x05bf, 0x05bf, 0x05bf, 0x05bf, 0x05bf, 0x05bf, 0x05bf, 0x05bf, 0x05bf, 0x05bf,
    0xffff, 0xffff, 0xffff, 0xffff, 0xffff, 0xffff, 0xffff, 0xffff, 0xffff, 0xffff, 0xffff, 0xffff, 0xffff, 0xffff, 0xffff, 0xffff,
    0xffff, 0xffff, 0xffff, 0xffff, 0xffff, 0xffff, 0xffff, 0xffff, 0xffff, 0xffff, 0xffff, 0xffff, 0xffff, 0xffff, 0xffff, 0xffff,
    0xffff, 0xffff, 0xffff, 0xffff, 0xffff, 0xffff, 0xf800, 0xf800, 0xf800, 0xffff, 0xffff, 0xffff, 0xffff, 0xffff, 0xffff, 0xffff,
    0xffff, 0xffff, 0xffff, 0xffff, 0xffff, 0xf800, 0xf800, 0xf800, 0xffff, 0xffff, 0xffff, 0xffff, 0xffff, 0xffff, 0xffff, 0xffff,
    0xffff, 0xffff, 0xffff, 0xffff, 0xffff, 0xffff, 0xffff, 0xffff, 0xffff, 0xffff, 0xffff, 0xffff, 0xffff, 0xffff, 0xffff, 0xffff,
    0xffff, 0xffff, 0xffff, 0xffff, 0xffff, 0xffff, 0xffff, 0xffff, 0xffff, 0xffff, 0xffff, 0xffff, 0xffff, 0xffff, 0xffff, 0xffff,
    0xffff, 0xffff, 0x0000, 0x0000, 0x0000, 0x0000, 0x0000, 0x0000, 0x0000, 0x0000, 0x0000, 0x0000, 0x0000, 0x0000, 0x0000, 0x0000,
    0x0000, 0x0000, 0x0000, 0x0000, 0x0000, 0x0000, 0x0000, 0x0000, 0x080a, 0x080a, 0x080a, 0x080a, 0x080a, 0x080a, 0x080a, 0x080a,
    0x080a, 0x080a, 0x080a, 0x05bf, 0x05bf, 0x05bf, 0x05bf, 0x05bf, 0x05bf, 0x05bf, 0x05bf, 0x6b36, 0x6b36, 0x6b36, 0x6b36, 0x6b36,
    0x6b36, 0x6b36, 0x6b36, 0x6b36, 0x6b36, 0x6b36, 0x6b36, 0x6b36, 0x6b36, 0x6b36, 0x6b36, 0x6b36, 0x6b36, 0x6b36, 0x2194, 0x2194,
    0x2194, 0x2194, 0x2194, 0x2194, 0x2194, 0x2194, 0x2194, 0x2194, 0x2194, 0x2194, 0x2194, 0x2194, 0x2194, 0x2194, 0x2194, 0x2194,
    0x2194, 0x2194, 0x2194, 0x2194, 0x05bf, 0x05bf, 0x05bf, 0x05bf, 0x05bf, 0x05bf, 0x05bf, 0x05bf, 0x05bf, 0x05bf, 0x05bf, 0x05bf,
    0x05bf, 0x05bf, 0x05bf, 0x05bf, 0x05bf, 0x05bf, 0x05bf, 0x05bf, 0x05bf, 0x05bf, 0x05bf, 0x05bf, 0x05bf, 0x05bf, 0x05bf, 0x05bf,
    0x05bf, 0x05bf, 0x05bf, 0x05bf, 0x05bf, 0x05bf, 0x05bf, 0x05bf, 0x05bf, 0x05bf, 0x05bf, 0x05bf, 0x05bf, 0x05bf, 0x05bf, 0x05bf,
    0x05bf, 0x05bf, 0x05bf, 0x05bf, 0x05bf, 0x05bf, 0x05bf, 0x05bf, 0x05bf, 0x05bf, 0x05bf, 0x05bf, 0x05bf, 0x05bf, 0x05bf, 0x05bf,
    0xffff, 0xffff, 0xffff, 0xffff, 0xffff, 0xffff, 0xffff, 0xffff, 0xffff, 0xffff, 0xffff, 0xffff, 0xffff, 0xffff, 0xffff, 0xffff,
    0xffff, 0xffff, 0xffff, 0xffff, 0xffff, 0xffff, 0xffff, 0xffff, 0xffff, 0xffff, 0xffff, 0xffff, 0xffff, 0xffff, 0xffff, 0xffff,
    0xffff, 0xffff, 0xffff, 0xffff, 0xffff, 0xffff, 0xf800, 0xf800, 0xf800, 0xffff, 0xffff, 0xffff, 0xffff, 0xffff, 0xffff, 0xffff,
    0xffff, 0xffff, 0xffff, 0xffff, 0xffff, 0xf800, 0xf800, 0xf800, 0xffff, 0xffff, 0xffff, 0xffff, 0xffff, 0xffff, 0xffff, 0xffff,
    0xffff, 0xffff, 0xffff, 0xffff, 0xffff, 0xffff, 0xffff, 0xffff, 0xffff, 0xffff, 0xffff, 0xffff, 0xffff, 0xffff, 0xffff, 0xffff,
    0xffff, 0xffff, 0xffff, 0xffff, 0xffff, 0xffff, 0xffff, 0xffff, 0xffff, 0xffff, 0x0000, 0x0000, 0x0000, 0x0000, 0x0000, 0x0000,
    0x0000, 0x0000, 0x0000, 0x0000, 0x0000, 0x0000, 0x0000, 0x0000, 0x0000, 0x080a, 0x080a, 0x080a, 0x080a, 0x080a, 0x080a, 0x080a,
    0x080a, 0x080a, 0x080a, 0x080a, 0x080a, 0x080a, 0x080a, 0x080a, 0x080a, 0x080a, 0x080a, 0x080a, 0x05bf, 0x05bf, 0x05bf, 0x05bf,
    0x05bf, 0x05bf, 0x05bf, 0x05bf, 0x05bf, 0x05bf, 0x05bf, 0x6b36, 0x6b36, 0x6b36, 0x6b36, 0x6b36, 0x6b36, 0x6b36, 0x6b36, 0x2194,
    0x2194, 0x2194, 0x2194, 0x2194, 0x2194, 0x2194, 0x2194, 0x2194, 0x2194, 0x2194, 0x2194, 0x2194, 0x2194, 0x2194, 0x2194, 0x2194,
    0x2194, 0x2194, 0x2194, 0x2194, 0x2194, 0x05bf, 0x05bf, 0x05bf, 0x05bf, 0x05bf, 0x05bf, 0x05bf, 0x05bf, 0x05bf, 0x05bf, 0x05bf,
    0x05bf, 0x05bf, 0x05bf, 0x05bf, 0x05bf, 0x05bf, 0x05bf, 0x05bf, 0x05bf, 0x05bf, 0x05bf, 0x05bf, 0x05bf, 0x05bf, 0x05bf, 0x05bf,
    0x05bf, 0x05bf, 0x05bf, 0x05bf, 0x05bf, 0x05bf, 0x05bf, 0x05bf, 0x05bf, 0x05bf, 0x05bf, 0x05bf, 0x05bf, 0x05bf, 0x05bf, 0x05bf,
    0x05bf, 0x05bf, 0x05bf, 0x05bf, 0x05bf, 0x05bf, 0x05bf, 0x05bf, 0x05bf, 0x05bf, 0x05bf, 0x05bf, 0x05bf, 0x05bf, 0x05bf, 0x05bf,
    0x05bf, 0x05bf, 0x05bf, 0x05bf, 0x05bf, 0x05bf, 0x05bf, 0x05bf, 0x05bf, 0x05bf, 0x05bf, 0x05bf, 0x05bf, 0x05bf, 0x05bf, 0x05bf,
    0xffff, 0xffff, 0xffff, 0xffff, 0xffff, 0xffff, 0xffff, 0xffff, 0xffff, 0xffff, 0xffff, 0xffff, 0xffff, 0xffff, 0xffff, 0xffff,
    0xffff, 0xffff, 0xffff, 0xffff, 0xffff, 0xffff, 0xffff, 0xffff, 0xffff, 0xffff, 0xffff, 0xffff, 0xffff, 0xffff, 0xffff, 0xffff,
    0xffff, 0xffff, 0xffff, 0xffff, 0xffff, 0xffff, 0xf800, 0xf800, 0xf800, 0xffff, 0xffff, 0xffff, 0xffff, 0xffff, 0xffff, 0xffff,
    0xffff, 0xffff, 0xffff, 0xffff, 0xffff, 0xf800, 0xf800, 0xf800, 0xffff, 0xffff, 0xffff, 0xffff, 0xffff, 0xffff, 0xffff, 0xffff,
    0xffff, 0xffff, 0xffff, 0xffff, 0xffff, 0xffff, 0xffff, 0xffff, 0xffff, 0xffff, 0xffff, 0xffff, 0xffff, 0xffff, 0xffff, 0xffff,
    0xffff, 0xffff, 0xffff, 0xffff, 0xffff, 0xffff, 0xffff, 0xffff, 0xffff, 0xffff, 0x0000, 0x0000, 0x0000, 0x0000, 0x0000, 0x0000,
    0x0000, 0x0000, 0x0000, 0x0000, 0x0000, 0x0000, 0x0000, 0x0000, 0x0000, 0x080a, 0x080a, 0x080a, 0x080a, 0x080a, 0x080a, 0x080a,
    0x080a, 0x080a, 0x080a, 0x080a, 0x080a, 0x080a, 0x080a, 0x080a, 0x080a, 0x080a, 0x080a, 0x080a, 0x05bf, 0x05bf, 0x05bf, 0x05bf,
    0x05bf, 0x05bf, 0x05bf, 0x05bf, 0x05bf, 0x05bf, 0x05bf, 0x6b36, 0x6b36, 0x6b36, 0x6b36, 0x6b36, 0x6b36, 0x6b36, 0x6b36, 0x2194,
    0x2194, 0x2194, 0x2194, 0x2194, 0x2194, 0x2194, 0x2194, 0x2194, 0x2194, 0x2194, 0x2194, 0x2194, 0x2194, 0x2194, 0x2194, 0x2194,
    0x2194, 0x2194, 0x2194, 0x2194, 0x2194, 0x05bf, 0x05bf, 0x05bf, 0x05bf, 0x05bf, 0x05bf, 0x05bf, 0x05bf, 0x05bf, 0x05bf, 0x05bf,
    0x05bf, 0x05bf, 0x05bf, 0x05bf, 0x05bf, 0x05bf, 0x05bf, 0x05bf, 0x05bf, 0x05bf, 0x05bf, 0x05bf, 0x05bf, 0x05bf, 0x05bf, 0x05bf,
    0x05bf, 0x05bf, 0x05bf, 0x05bf, 0x05bf, 0x05bf, 0x05bf, 0x05bf, 0x05bf, 0x05bf, 0x05bf, 0x05bf, 0x05bf, 0x05bf, 0x05bf, 0x05bf,
    0x05bf, 0x05bf, 0x05bf, 0x05bf, 0x05bf, 0x05bf, 0x05bf, 0x05bf, 0x05bf, 0x05bf, 0x05bf, 0x05bf, 0x05bf, 0x05bf, 0x05bf, 0x05bf,
    0x05bf, 0x05bf, 0x05bf, 0x05bf, 0x05bf, 0x05bf, 0x05bf, 0x05bf, 0x05bf, 0x05bf, 0x05bf, 0x05bf, 0x05bf, 0x05bf, 0x05bf, 0x05bf,
    0xffff, 0xffff, 0xffff, 0xffff, 0xffff, 0xffff, 0xffff, 0xffff, 0xffff, 0xffff, 0xffff, 0xffff, 0xffff, 0xffff, 0xffff, 0xffff,
    0xffff, 0xffff, 0xffff, 0xffff, 0xffff, 0xffff, 0xffff, 0xffff, 0xffff, 0xffff, 0xffff, 0xffff, 0xffff, 0xffff, 0xffff, 0xffff,
    0xffff, 0xffff, 0xffff, 0xffff, 0xffff, 0xffff, 0xf800, 0xf800, 0xf800, 0xffff, 0xffff, 0xffff, 0xffff, 0xffff, 0xffff, 0xffff,
    0xffff, 0xffff, 0xffff, 0xffff, 0xffff, 0xf800, 0xf800, 0xf800, 0xffff, 0xffff, 0xffff, 0xffff, 0xffff, 0xffff, 0xffff, 0xffff,
    0xffff, 0xffff, 0xffff, 0xffff, 0xffff, 0xffff, 0xffff, 0xffff, 0xffff, 0xffff, 0xffff, 0xffff, 0xffff, 0xffff, 0xffff, 0xffff,
    0xffff, 0xffff, 0xffff, 0xffff, 0xffff, 0xffff, 0xffff, 0xffff, 0xffff, 0xffff, 0x0000, 0x0000, 0x0000, 0x0000, 0x0000, 0x0000,
    0x0000, 0x0000, 0x0000, 0x0000, 0x0000, 0x0000, 0x0000, 0x0000, 0x0000, 0x080a, 0x080a, 0x080a, 0x080a, 0x080a, 0x080a, 0x080a,
    0x080a, 0x080a, 0x080a, 0x080a, 0x080a, 0x080a, 0x080a, 0x080a, 0x080a, 0x080a, 0x080a, 0x080a, 0x05bf, 0x05bf, 0x05bf, 0x05bf,
    0x05bf, 0x05bf, 0x05bf, 0x05bf, 0x05bf, 0x05bf, 0x05bf, 0x6b36, 0x6b36, 0x6b36, 0x6b36, 0x6b36, 0x6b36, 0x6b36, 0x6b36, 0x2194,
    0x2194, 0x2194, 0x2194, 0x2194, 0x2194, 0x2194, 0x2194, 0x2194, 0x2194, 0x2194, 0x2194, 0x2194, 0x2194, 0x2194, 0x2194, 0x2194,
    0x2194, 0x2194, 0x2194, 0x2194, 0x2194, 0x05bf, 0x05bf, 0x05bf, 0x05bf, 0x05bf, 0x05bf, 0x05bf, 0x05bf, 0x05bf, 0x05bf, 0x05bf,
    0x05bf, 0x05bf, 0x05bf, 0x05bf, 0x05bf, 0x05bf, 0x05bf, 0x05bf, 0x05bf, 0x05bf, 0x05bf, 0x05bf, 0x05bf, 0x05bf, 0x05bf, 0x05bf,
    0x05bf, 0x05bf, 0x05bf, 0x05bf, 0x05bf, 0x05bf, 0x05bf, 0x05bf, 0x05bf, 0x05bf, 0x05bf, 0x05bf, 0x05bf, 0x05bf, 0x05bf, 0x05bf,
    0x05bf, 0x05bf, 0x05bf, 0x05bf, 0x05bf, 0x05bf, 0x05bf, 0x05bf, 0x05bf, 0x05bf, 0x05bf, 0x05bf, 0x05bf, 0x05bf, 0x05bf, 0x05bf,
    0x05bf, 0x05bf, 0x05bf, 0x05bf, 0x05bf, 0x05bf, 0x05bf, 0x05bf, 0x05bf, 0x05bf, 0x05bf, 0x05bf, 0x05bf, 0x05bf, 0x05bf, 0x05bf,
    0xffff, 0xffff, 0xffff, 0xffff, 0xffff, 0xffff, 0xffff, 0xffff, 0xffff, 0xffff, 0xffff, 0xffff, 0xffff, 0xffff, 0xffff, 0xffff,
    0xffff, 0xffff, 0xffff, 0xffff, 0xffff, 0xffff, 0xffff, 0xffff, 0xffff, 0xffff, 0xffff, 0xffff, 0xffff, 0xffff, 0xffff, 0xffff,
    0xffff, 0xffff, 0xffff, 0xffff, 0xffff, 0xffff, 0xffff, 0xffff, 0xffff, 0xffff, 0xffff, 0xffff, 0xffff, 0xffff, 0xffff, 0xffff,
    0xffff, 0xffff, 0xffff, 0xffff, 0xffff, 0xffff, 0xffff, 0xffff, 0xffff, 0xffff, 0xffff, 0xffff, 0xffff, 0xffff, 0xffff, 0xffff,
    0xffff, 0xffff, 0xffff, 0xffff, 0xffff, 0xffff, 0xffff, 0xffff, 0xffff, 0xffff, 0xffff, 0xffff, 0xffff, 0xffff, 0xffff, 0xffff,
    0xffff, 0xffff, 0xffff, 0xffff, 0xffff, 0xffff, 0xffff, 0xffff, 0xffff, 0xffff, 0x0000, 0x0000, 0x0000, 0x0000, 0x0000, 0x0000,
    0x0000, 0x0000, 0x0000, 0x0000, 0x0000, 0x0000, 0x0000, 0x0000, 0x0000, 0x080a, 0x080a, 0x080a, 0x080a, 0x080a, 0x080a, 0x080a,
    0x080a, 0x080a, 0x080a, 0x080a, 0x080a, 0x080a, 0x080a, 0x080a, 0x05bf, 0x05bf, 0x05bf, 0x05bf, 0x05bf, 0x05bf, 0x05bf, 0x05bf,
    0x6b36, 0x6b36, 0x6b36, 0x6b36, 0x6b36, 0x6b36, 0x6b36, 0x6b36, 0x6b36, 0x6b36, 0x6b36, 0x6b36, 0x6b36, 0x6b36, 0x6b36, 0x2194,
    0x2194, 0x2194, 0x2194, 0x2194, 0x2194, 0x2194, 0x2194, 0x2194, 0x2194, 0x2194, 0x2194, 0x2194, 0x2194, 0x2194, 0x2194, 0x2194,
    0x2194, 0x2194, 0x2194, 0x2194, 0x2194, 0x05bf, 0x05bf, 0x05bf, 0x05bf, 0x05bf, 0x05bf, 0x05bf, 0x05bf, 0x05bf, 0x05bf, 0x05bf,
    0x05bf, 0x05bf, 0x05bf, 0x05bf, 0x05bf, 0x05bf, 0x05bf, 0x05bf, 0x05bf, 0x05bf, 0x05bf, 0x05bf, 0x05bf, 0x05bf, 0x05bf, 0x05bf,
    0x05bf, 0x05bf, 0x05bf, 0x05bf, 0x05bf, 0x05bf, 0x05bf, 0x05bf, 0x05bf, 0x05bf, 0x05bf, 0x05bf, 0x05bf, 0x05bf, 0x05bf, 0x05bf,
    0x05bf, 0x05bf, 0x05bf, 0x05bf, 0x05bf, 0x05bf, 0x05bf, 0x05bf, 0x05bf, 0x05bf, 0x05bf, 0x05bf, 0x05bf, 0x05bf, 0x05bf, 0x05bf,
    0x05bf, 0x05bf, 0x05bf, 0x05bf, 0x05bf, 0x05bf, 0x05bf, 0x05bf, 0x05bf, 0x05bf, 0x05bf, 0x05bf, 0x05bf, 0x05bf, 0x05bf, 0x05bf,
    0xffff, 0xffff, 0xffff, 0xffff, 0xffff, 0xffff, 0xffff, 0xffff, 0xffff, 0xffff, 0xffff, 0xffff, 0xffff, 0xffff, 0xffff, 0xffff,
    0xffff, 0xffff, 0xffff, 0xffff, 0xffff, 0xffff, 0xffff, 0xffff, 0xffff, 0xffff, 0xffff, 0xffff, 0xffff, 0xffff, 0xffff, 0xffff,
    0xffff, 0xffff, 0xffff, 0xffff, 0xffff, 0xffff, 0xffff, 0xffff, 0xffff, 0xffff, 0xffff, 0xffff, 0xffff, 0xffff, 0xffff, 0xffff,
    0xffff, 0xffff, 0xffff, 0xffff, 0xffff, 0xffff, 0xffff, 0xffff, 0xffff, 0xffff, 0xffff, 0xffff, 0xffff, 0xffff, 0xffff, 0xffff,
    0xffff, 0xffff, 0xffff, 0xffff, 0xffff, 0xffff, 0xffff, 0xffff, 0xffff, 0xffff, 0xffff, 0xffff, 0xffff, 0xffff, 0xffff, 0xffff,
    0xffff, 0xffff, 0xffff, 0xffff, 0xffff, 0xffff, 0xffff, 0xffff, 0xffff, 0xffff, 0x0000, 0x0000, 0x0000, 0x0000, 0x0000, 0x0000,
    0x0000, 0x0000, 0x0000, 0x0000, 0x0000, 0x0000, 0x0000, 0x0000, 0x0000, 0x080a, 0x080a, 0x080a, 0x080a, 0x080a, 0x080a, 0x080a,
    0x080a, 0x080a, 0x080a, 0x080a, 0x080a, 0x080a, 0x080a, 0x080a, 0x05bf, 0x05bf, 0x05bf, 0x05bf, 0x05bf, 0x05bf, 0x05bf, 0x05bf,
    0x6b36, 0x6b36, 0x6b36, 0x6b36, 0x6b36, 0x6b36, 0x6b36, 0x6b36, 0x6b36, 0x6b36, 0x6b36, 0x6b36, 0x6b36, 0x6b36, 0x6b36, 0x2194,
    0x2194, 0x2194, 0x2194, 0x2194, 0x2194, 0x2194, 0x2194, 0x2194, 0x2194, 0x2194, 0x2194, 0x2194, 0x2194, 0x2194, 0x2194, 0x2194,
    0x2194, 0x2194, 0x2194, 0x2194, 0x2194, 0x05bf, 0x05bf, 0x05bf, 0x05bf, 0x05bf, 0x05bf, 0x05bf, 0x05bf, 0x05bf, 0x05bf, 0x05bf,
    0x05bf, 0x05bf, 0x05bf, 0x05bf, 0x05bf, 0x05bf, 0x05bf, 0x05bf, 0x05bf, 0x05bf, 0x05bf, 0x05bf, 0x05bf, 0x05bf, 0x05bf, 0x05bf,
    0x05bf, 0x05bf, 0x05bf, 0x05bf, 0x05bf, 0x05bf, 0x05bf, 0x05bf, 0x05bf, 0x05bf, 0x05bf, 0x05bf, 0x05bf, 0x05bf, 0x05bf, 0x05bf,
    0x05bf, 0x05bf, 0x05bf, 0x05bf, 0x05bf, 0x05bf, 0x05bf, 0x05bf, 0x05bf, 0x05bf, 0x05bf, 0x05bf, 0x05bf, 0x05bf, 0x05bf, 0x05bf,
    0x05bf, 0x05bf, 0x05bf, 0x05bf, 0x05bf, 0x05bf, 0x05bf, 0x05bf, 0x05bf, 0x05bf, 0x05bf, 0x05bf, 0x05bf, 0x05bf, 0x05bf, 0x05bf,
    0xffff, 0xffff, 0xffff, 0xffff, 0xffff, 0xffff, 0xffff, 0xffff, 0xffff, 0xffff, 0xffff, 0xffff, 0xffff, 0xffff, 0xffff, 0xffff,
    0xffff, 0xffff, 0xffff, 0xffff, 0xffff, 0xffff, 0xffff, 0xffff, 0xffff, 0xffff, 0xffff, 0xffff, 0xffff, 0xffff, 0xffff, 0xffff,
    0xffff, 0xffff, 0xffff, 0xffff, 0xffff, 0xffff, 0xffff, 0xffff, 0xffff, 0xffff, 0xffff, 0xffff, 0xffff, 0xffff, 0xffff, 0xffff,
    0xffff, 0xffff, 0xffff, 0xffff, 0xffff, 0xffff, 0xffff, 0xffff, 0xffff, 0xffff, 0xffff, 0xffff, 0xffff, 0xffff, 0xffff, 0xffff,
    0xffff, 0xffff, 0xffff, 0xffff, 0xffff, 0xffff, 0xffff, 0xffff, 0xffff, 0xffff, 0xffff, 0xffff, 0xffff, 0xffff, 0xffff, 0xffff,
    0xffff, 0xffff, 0xffff, 0xffff, 0xffff, 0xffff, 0xffff, 0xffff, 0xffff, 0xffff, 0x0000, 0x0000, 0x0000, 0x0000, 0x0000, 0x0000,
    0x0000, 0x0000, 0x0000, 0x0000, 0x0000, 0x0000, 0x0000, 0x0000, 0x0000, 0x080a, 0x080a, 0x080a, 0x080a, 0x080a, 0x080a, 0x080a,
    0x080a, 0x080a, 0x080a, 0x080a, 0x080a, 0x080a, 0x080a, 0x080a, 0x05bf, 0x05bf, 0x05bf, 0x05bf, 0x05bf, 0x05bf, 0x05bf, 0x05bf,
    0x6b36, 0x6b36, 0x6b36, 0x6b36, 0x6b36, 0x6b36, 0x6b36, 0x6b36, 0x6b36, 0x6b36, 0x6b36, 0x6b36, 0x6b36, 0x6b36, 0x6b36, 0x2194,
    0x2194, 0x2194, 0x2194, 0x2194, 0x2194, 0x2194, 0x2194, 0x2194, 0x2194, 0x2194, 0x2194, 0x2194, 0x2194, 0x2194, 0x2194, 0x2194,
    0x2194, 0x2194, 0x2194, 0x2194, 0x2194, 0x05bf, 0x05bf, 0x05bf, 0x05bf, 0x05bf, 0x05bf, 0x05bf, 0x05bf, 0x05bf, 0x05bf, 0x05bf,
    0x05bf, 0x05bf, 0x05bf, 0x05bf, 0x05bf, 0x05bf, 0x05bf, 0x05bf, 0x05bf, 0x05bf, 0x05bf, 0x05bf, 0x05bf, 0x05bf, 0x05bf, 0x05bf,
    0x05bf, 0x05bf, 0x05bf, 0x05bf, 0x05bf, 0x05bf, 0x05bf, 0x05bf, 0x05bf, 0x05bf, 0x05bf, 0x05bf, 0x05bf, 0x05bf, 0x05bf, 0x05bf,
    0x05bf, 0x05bf, 0x05bf, 0x05bf, 0x05bf, 0x05bf, 0x05bf, 0x05bf, 0x05bf, 0x05bf, 0x05bf, 0x05bf, 0x05bf, 0x05bf, 0x05bf, 0x05bf,
    0x05bf, 0x05bf, 0x05bf, 0x05bf, 0x05bf, 0x05bf, 0x05bf, 0x05bf, 0x05bf, 0x05bf, 0x05bf, 0x05bf, 0x05bf, 0x05bf, 0x05bf, 0x05bf,
    0xffff, 0xffff, 0xffff, 0xffff, 0xffff, 0xffff, 0xffff, 0xffff, 0xffff, 0xffff, 0xffff, 0xffff, 0xffff, 0xffff, 0xffff, 0xffff,
    0xffff, 0xffff, 0xffff, 0xffff, 0xffff, 0xffff, 0xffff, 0xffff, 0xffff, 0xffff, 0xffff, 0xffff, 0xffff, 0xffff, 0xffff, 0xffff,
    0xffff, 0xffff, 0xffff, 0xffff, 0xffff, 0xffff, 0xffff, 0xffff, 0xffff, 0xffff, 0xffff, 0xffff, 0xffff, 0xffff, 0xffff, 0xffff,
    0xffff, 0xffff, 0xffff, 0xffff, 0xffff, 0xffff, 0xffff, 0xffff, 0xffff, 0xffff, 0xffff, 0xffff, 0xffff, 0xffff, 0xffff, 0xffff,
    0xffff, 0xffff, 0xffff, 0xffff, 0xffff, 0xffff, 0xffff, 0xffff, 0xffff, 0xffff, 0xffff, 0xffff, 0xffff, 0xffff, 0xffff, 0xffff,
    0xffff, 0xffff, 0xffff, 0xffff, 0xffff, 0xffff, 0xffff, 0xffff, 0xffff, 0xffff, 0x0000, 0x0000, 0x0000, 0x0000, 0x0000, 0x0000,
    0x0000, 0x0000, 0x0000, 0x0000, 0x0000, 0x0000, 0x0000, 0x0000, 0x0000, 0x080a, 0x080a, 0x080a, 0x080a, 0x080a, 0x080a, 0x080a,
    0x080a, 0x080a, 0x080a, 0x080a, 0x080a, 0x080a, 0x080a, 0x080a, 0x05bf, 0x05bf, 0x05bf, 0x05bf, 0x05bf, 0x05bf, 0x05bf, 0x05bf,
    0x6b36, 0x6b36, 0x6b36, 0x6b36, 0x6b36, 0x6b36, 0x6b36, 0x6b36, 0x6b36, 0x6b36, 0x6b36, 0x6b36, 0x6b36, 0x6b36, 0x6b36, 0x2194,
    0x2194, 0x2194, 0x2194, 0x2194, 0x2194, 0x2194, 0x2194, 0x2194, 0x2194, 0x2194, 0x2194, 0x2194, 0x2194, 0x2194, 0x2194, 0x2194,
    0x2194, 0x2194, 0x2194, 0x2194, 0x2194, 0x05bf, 0x05bf, 0x05bf, 0x05bf, 0x05bf, 0x05bf, 0x05bf, 0x05bf, 0x05bf, 0x05bf, 0x05bf,
    0x05bf, 0x05bf, 0x05bf, 0x05bf, 0x05bf, 0x05bf, 0x05bf, 0x05bf, 0x05bf, 0x05bf, 0x05bf, 0x05bf, 0x05bf, 0x05bf, 0x05bf, 0x05bf,
    0x05bf, 0x05bf, 0x05bf, 0x05bf, 0x05bf, 0x05bf, 0x05bf, 0x05bf, 0x05bf, 0x05bf, 0x05bf, 0x05bf, 0x05bf, 0x05bf, 0x05bf, 0x05bf,
    0x05bf, 0x05bf, 0x05bf, 0x05bf, 0x05bf, 0x05bf, 0x05bf, 0x05bf, 0x05bf, 0x05bf, 0x05bf, 0x05bf, 0x05bf, 0x05bf, 0x05bf, 0x05bf,
    0x05bf, 0x05bf, 0x05bf, 0x05bf, 0x05bf, 0x05bf, 0x05bf, 0x05bf, 0x05bf, 0x05bf, 0x05bf, 0x05bf, 0x05bf, 0x05bf, 0x05bf, 0x05bf,
    0xffff, 0xffff, 0xffff, 0xffff, 0xffff, 0xffff, 0xffff, 0xffff, 0xffff, 0xffff, 0xffff, 0xffff, 0xffff, 0xffff, 0xffff, 0xffff,
    0xffff, 0xffff, 0xffff, 0xffff, 0xffff, 0xffff, 0xffff, 0xffff, 0xffff, 0xffff, 0xffff, 0xffff, 0xffff, 0xffff, 0xffff, 0xffff,
    0xffff, 0xffff, 0xffff, 0xffff, 0xffff, 0xffff, 0xffff, 0xffff, 0xffff, 0xffff, 0xffff, 0xffff, 0xffff, 0xffff, 0xffff, 0xffff,
    0xffff, 0xffff, 0xffff, 0xffff, 0xffff, 0xffff, 0xffff, 0xffff, 0xffff, 0xffff, 0xffff, 0xffff, 0xffff, 0xffff, 0xffff, 0xffff,
    0xffff, 0xffff, 0xffff, 0xffff, 0xffff, 0xffff, 0xffff, 0xffff, 0xffff, 0xffff, 0xffff, 0x0000, 0x0000, 0x0000, 0x0000, 0x0000,
    0x0000, 0x0000, 0x0000, 0x0000, 0x0000, 0x0000, 0x0000, 0x0000, 0x0000, 0x0000, 0x0000, 0x0000, 0x0000, 0x0000, 0x0000, 0x0000,
    0x0000, 0x0000, 0x080a, 0x080a, 0x080a, 0x080a, 0x080a, 0x080a, 0x080a, 0x080a, 0x080a, 0x080a, 0x080a, 0x080a, 0x080a, 0x080a,
    0x080a, 0x6b36, 0x6b36, 0x6b36, 0x05bf, 0x05bf, 0x05bf, 0x05bf, 0x05bf, 0x05bf, 0x05bf, 0x05bf, 0x6b36, 0x6b36, 0x6b36, 0x6b36,
    0x6b36, 0x6b36, 0x6b36, 0x6b36, 0x6b36, 0x6b36, 0x6b36, 0x2194, 0x2194, 0x2194, 0x2194, 0x2194, 0x2194, 0x2194, 0x2194, 0x2194,
    0x2194, 0x2194, 0x2194, 0x2194, 0x2194, 0x2194, 0x05bf, 0x05bf, 0x05bf, 0x05bf, 0x05bf, 0x05bf, 0x05bf, 0x05bf, 0x05bf, 0x05bf,
    0x05bf, 0x05bf, 0x05bf, 0x05bf, 0x05bf, 0x05bf, 0x05bf, 0x05bf, 0x05bf, 0x05bf, 0x05bf, 0x05bf, 0x05bf, 0x05bf, 0x05bf, 0x05bf,
    0x05bf, 0x05bf, 0x05bf, 0x05bf, 0x05bf, 0x05bf, 0x05bf, 0x05bf, 0x05bf, 0x05bf, 0x05bf, 0x05bf, 0x05bf, 0x05bf, 0x05bf, 0x05bf,
    0x05bf, 0x05bf, 0x05bf, 0x05bf, 0x05bf, 0x05bf, 0x05bf, 0x05bf, 0x05bf, 0x05bf, 0x05bf, 0x05bf, 0x05bf, 0x05bf, 0x05bf, 0x05bf,
    0x05bf, 0x05bf, 0x05bf, 0x05bf, 0x05bf, 0x05bf, 0x05bf, 0x05bf, 0x05bf, 0x05bf, 0x05bf, 0x05bf, 0x05bf, 0x05bf, 0x05bf, 0x05bf,
    0x05bf, 0x05bf, 0x05bf, 0x05bf, 0x05bf, 0x05bf, 0x05bf, 0x05bf, 0x05bf, 0x05bf, 0x05bf, 0x05bf, 0x05bf, 0x05bf, 0x05bf, 0x05bf,
    0xffff, 0xffff, 0xffff, 0xffff, 0xffff, 0xffff, 0xffff, 0xffff, 0xffff, 0xffff, 0xffff, 0xffff, 0xffff, 0xffff, 0xffff, 0xffff,
    0xffff, 0xffff, 0xffff, 0xffff, 0xffff, 0xffff, 0xffff, 0xffff, 0xffff, 0xffff, 0xffff, 0xffff, 0xffff, 0xffff, 0xffff, 0xffff,
    0xffff, 0xffff, 0xffff, 0xffff, 0xffff, 0xffff, 0xffff, 0xffff, 0xffff, 0xffff, 0xffff, 0xffff, 0xffff, 0xffff, 0xffff, 0xffff,
    0xffff, 0xffff, 0xffff, 0xffff, 0xffff, 0xffff, 0xffff, 0xffff, 0xffff, 0xffff, 0xffff, 0xffff, 0xffff, 0xffff, 0xffff, 0xffff,
    0xffff, 0xffff, 0xffff, 0xffff, 0xffff, 0xffff, 0xffff, 0xffff, 0xffff, 0xffff, 0xffff, 0x0000, 0x0000, 0x0000, 0x0000, 0x0000,
    0x0000, 0x0000, 0x0000, 0x0000, 0x0000, 0x0000, 0x0000, 0x0000, 0x0000, 0x0000, 0x0000, 0x0000, 0x0000, 0x0000, 0x0000, 0x0000,
    0x0000, 0x0000, 0x080a, 0x080a, 0x080a, 0x080a, 0x080a, 0x080a, 0x080a, 0x080a, 0x080a, 0x080a, 0x080a, 0x080a, 0x080a, 0x080a,
    0x080a, 0x6b36, 0x6b36, 0x6b36, 0x05bf, 0x05bf, 0x05bf, 0x05bf, 0x05bf, 0x05bf, 0x05bf, 0x05bf, 0x6b36, 0x6b36, 0x6b36, 0x6b36,
    0x6b36, 0x6b36, 0x6b36, 0x6b36, 0x6b36, 0x6b36, 0x6b36, 0x2194, 0x2194, 0x2194, 0x2194, 0x2194, 0x2194, 0x2194, 0x2194, 0x2194,
    0x2194, 0x2194, 0x2194, 0x2194, 0x2194, 0x2194, 0x05bf, 0x05bf, 0x05bf, 0x05bf, 0x05bf, 0x05bf, 0x05bf, 0x05bf, 0x05bf, 0x05bf,
    0x05bf, 0x05bf, 0x05bf, 0x05bf, 0x05bf, 0x05bf, 0x05bf, 0x05bf, 0x05bf, 0x05bf, 0x05bf, 0x05bf, 0x05bf, 0x05bf, 0x05bf, 0x05bf,
    0x05bf, 0x05bf, 0x05bf, 0x05bf, 0x05bf, 0x05bf, 0x05bf, 0x05bf, 0x05bf, 0x05bf, 0x05bf, 0x05bf, 0x05bf, 0x05bf, 0x05bf, 0x05bf,
    0x05bf, 0x05bf, 0x05bf, 0x05bf, 0x05bf, 0x05bf, 0x05bf, 0x05bf, 0x05bf, 0x05bf, 0x05bf, 0x05bf, 0x05bf, 0x05bf, 0x05bf, 0x05bf,
    0x05bf, 0x05bf, 0x05bf, 0x05bf, 0x05bf, 0x05bf, 0x05bf, 0x05bf, 0x05bf, 0x05bf, 0x05bf, 0x05bf, 0x05bf, 0x05bf, 0x05bf, 0x05bf,
    0x05bf, 0x05bf, 0x05bf, 0x05bf, 0x05bf, 0x05bf, 0x05bf, 0x05bf, 0x05bf, 0x05bf, 0x05bf, 0x05bf, 0x05bf, 0x05bf, 0x05bf, 0x05bf,
    0xffff, 0xffff, 0xffff, 0xffff, 0xffff, 0xffff, 0xffff, 0xffff, 0xffff, 0xffff, 0xffff, 0xffff, 0xffff, 0xffff, 0xffff, 0xffff,
    0xffff, 0xffff, 0xffff, 0xffff, 0xffff, 0xffff, 0xffff, 0xffff, 0xffff, 0xffff, 0xffff, 0xffff, 0xffff, 0xffff, 0xffff, 0xffff,
    0xffff, 0xffff, 0xffff, 0xffff, 0xffff, 0xffff, 0xffff, 0xffff, 0xffff, 0xffff, 0xffff, 0xffff, 0xffff, 0xffff, 0xffff, 0xffff,
    0xffff, 0xffff, 0xffff, 0xffff, 0xffff, 0xffff, 0xffff, 0xffff, 0xffff, 0xffff, 0xffff, 0xffff, 0xffff, 0xffff, 0xffff, 0xffff,
    0xffff, 0xffff, 0xffff, 0xffff, 0xffff, 0xffff, 0xffff, 0xffff, 0xffff, 0xffff, 0xffff, 0x0000, 0x0000, 0x0000, 0x0000, 0x0000,
    0x0000, 0x0000, 0x0000, 0x0000, 0x0000, 0x0000, 0x0000, 0x0000, 0x0000, 0x0000, 0x0000, 0x0000, 0x0000, 0x0000, 0x0000, 0x0000,
    0x0000, 0x0000, 0x080a, 0x080a, 0x080a, 0x080a, 0x080a, 0x080a, 0x080a, 0x080a, 0x080a, 0x080a, 0x080a, 0x080a, 0x080a, 0x080a,
    0x080a, 0x6b36, 0x6b36, 0x6b36, 0x05bf, 0x05bf, 0x05bf, 0x05bf, 0x05bf, 0x05bf, 0x05bf, 0x05bf, 0x6b36, 0x6b36, 0x6b36, 0x6b36,
    0x6b36, 0x6b36, 0x6b36, 0x6b36, 0x6b36, 0x6b36, 0x6b36, 0x2194, 0x2194, 0x2194, 0x2194, 0x2194, 0x2194, 0x2194, 0x2194, 0x2194,
    0x2194, 0x2194, 0x2194, 0x2194, 0x2194, 0x2194, 0x05bf, 0x05bf, 0x05bf, 0x05bf, 0x05bf, 0x05bf, 0x05bf, 0x05bf, 0x05bf, 0x05bf,
    0x05bf, 0x05bf, 0x05bf, 0x05bf, 0x05bf, 0x05bf, 0x05bf, 0x05bf, 0x05bf, 0x05bf, 0x05bf, 0x05bf, 0x05bf, 0x05bf, 0x05bf, 0x05bf,
    0x05bf, 0x05bf, 0x05bf, 0x05bf, 0x05bf, 0x05bf, 0x05bf, 0x05bf, 0x05bf, 0x05bf, 0x05bf, 0x05bf, 0x05bf, 0x05bf, 0x05bf, 0x05bf,
    0x05bf, 0x05bf, 0x05bf, 0x05bf, 0x05bf, 0x05bf, 0x05bf, 0x05bf, 0x05bf, 0x05bf, 0x05bf, 0x05bf, 0x05bf, 0x05bf, 0x05bf, 0x05bf,
    0x05bf, 0x05bf, 0x05bf, 0x05bf, 0x05bf, 0x05bf, 0x05bf, 0x05bf, 0x05bf, 0x05bf, 0x05bf, 0x05bf, 0x05bf, 0x05bf, 0x05bf, 0x05bf,
    0x05bf, 0x05bf, 0x05bf, 0x05bf, 0x05bf, 0x05bf, 0x05bf, 0x05bf, 0x05bf, 0x05bf, 0x05bf, 0x05bf, 0x05bf, 0x05bf, 0x05bf, 0x05bf,
    0xffff, 0xffff, 0xffff, 0xffff, 0xffff, 0xffff, 0xffff, 0xffff, 0xffff, 0xffff, 0xffff, 0xffff, 0xffff, 0xffff, 0xffff, 0xffff,
    0xffff, 0xffff, 0xffff, 0xffff, 0xffff, 0xffff, 0xffff, 0xffff, 0xffff, 0xffff, 0xffff, 0xffff, 0xffff, 0xffff, 0xffff, 0xffff,
    0xffff, 0xffff, 0xffff, 0xffff, 0xffff, 0xffff, 0xffff, 0xffff, 0xffff, 0xffff, 0xffff, 0xffff, 0xffff, 0xffff, 0xffff, 0xffff,
    0xffff, 0xffff, 0xffff, 0xffff, 0xffff, 0xffff, 0xffff, 0xffff, 0xffff, 0xffff, 0xffff, 0xffff, 0xffff, 0xffff, 0xffff, 0xffff,
    0xffff, 0xffff, 0xffff, 0xffff, 0xffff, 0xffff, 0xffff, 0xffff, 0xffff, 0xffff, 0xffff, 0x0000, 0x0000, 0x0000, 0x0000, 0x0000,
    0x0000, 0x0000, 0x0000, 0x0000, 0x0000, 0x0000, 0x0000, 0x0000, 0x0000, 0x0000, 0x0000, 0x0000, 0x0000, 0x0000, 0x0000, 0x0000,
    0x0000, 0x0000, 0x080a, 0x080a, 0x080a, 0x080a, 0x080a, 0x080a, 0x080a, 0x080a, 0x080a, 0x080a, 0x080a, 0x080a, 0x080a, 0x080a,
    0x080a, 0x6b36, 0x6b36, 0x6b36, 0x05bf, 0x05bf, 0x05bf, 0x05bf, 0x05bf, 0x05bf, 0x05bf, 0x05bf, 0x6b36, 0x6b36, 0x6b36, 0x6b36,
    0x6b36, 0x6b36, 0x6b36, 0x6b36, 0x6b36, 0x6b36, 0x6b36, 0x2194, 0x2194, 0x2194, 0x2194, 0x2194, 0x2194, 0x2194, 0x2194, 0x2194,
    0x2194, 0x2194, 0x2194, 0x2194, 0x2194, 0x2194, 0x05bf, 0x05bf, 0x05bf, 0x05bf, 0x05bf, 0x05bf, 0x05bf, 0x05bf, 0x05bf, 0x05bf,
    0x05bf, 0x05bf, 0x05bf, 0x05bf, 0x05bf, 0x05bf, 0x05bf, 0x05bf, 0x05bf, 0x05bf, 0x05bf, 0x05bf, 0x05bf, 0x05bf, 0x05bf, 0x05bf,
    0x05bf, 0x05bf, 0x05bf, 0x05bf, 0x05bf, 0x05bf, 0x05bf, 0x05bf, 0x05bf, 0x05bf, 0x05bf, 0x05bf, 0x05bf, 0x05bf, 0x05bf, 0x05bf,
    0x05bf, 0x05bf, 0x05bf, 0x05bf, 0x05bf, 0x05bf, 0x05bf, 0x05bf, 0x05bf, 0x05bf, 0x05bf, 0x05bf, 0x05bf, 0x05bf, 0x05bf, 0x05bf,
    0x05bf, 0x05bf, 0x05bf, 0x05bf, 0x05bf, 0x05bf, 0x05bf, 0x05bf, 0x05bf, 0x05bf, 0x05bf, 0x05bf, 0x05bf, 0x05bf, 0x05bf, 0x05bf,
    0x05bf, 0x05bf, 0x05bf, 0x05bf, 0x05bf, 0x05bf, 0x05bf, 0x05bf, 0x05bf, 0x05bf, 0x05bf, 0x05bf, 0x05bf, 0x05bf, 0x05bf, 0x05bf,
    0xffff, 0xffff, 0xffff, 0xffff, 0xffff, 0xffff, 0xffff, 0xffff, 0xffff, 0xffff, 0xffff, 0xffff, 0xffff, 0xffff, 0xffff, 0xffff,
    0xffff, 0xffff, 0xffff, 0xffff, 0xffff, 0xffff, 0xffff, 0xffff, 0xffff, 0xffff, 0xffff, 0xffff, 0xffff, 0xffff, 0xffff, 0xffff,
    0xffff, 0xffff, 0xffff, 0xffff, 0xffff, 0xffff, 0xffff, 0xffff, 0xffff, 0xffff, 0xffff, 0xffff, 0xffff, 0xffff, 0xffff, 0xffff,
    0xffff, 0xffff, 0xffff, 0xffff, 0xffff, 0xffff, 0xffff, 0xffff, 0xffff, 0xffff, 0xffff, 0xffff, 0xffff, 0xffff, 0xffff, 0xffff,
    0xffff, 0xffff, 0xffff, 0xffff, 0xffff, 0xffff, 0xffff, 0xffff, 0xffff, 0xffff, 0xffff, 0x0000, 0x0000, 0x0000, 0x0000, 0x0000,
    0x0000, 0x0000, 0x0000, 0x0000, 0x0000, 0x0000, 0x0000, 0x0000, 0x0000, 0x0000, 0x0000, 0x0000, 0x0000, 0x0000, 0x0000, 0x0000,
    0x0000, 0x0000, 0x080a, 0x080a, 0x080a, 0x080a, 0x080a, 0x080a, 0x080a, 0x080a, 0x080a, 0x080a, 0x080a, 0x05bf, 0x05bf, 0x05bf,
    0x05bf, 0x05bf, 0x05bf, 0x05bf, 0x6b36, 0x6b36, 0x6b36, 0x6b36, 0x6b36, 0x6b36, 0x6b36, 0x6b36, 0x6b36, 0x6b36, 0x6b36, 0x6b36,
    0x6b36, 0x6b36, 0x6b36, 0x6b36, 0x6b36, 0x6b36, 0x6b36, 0x2194, 0x2194, 0x2194, 0x2194, 0x2194, 0x2194, 0x2194, 0x2194, 0x2194,
    0x2194, 0x2194, 0x2194, 0x2194, 0x2194, 0x2194, 0x05bf, 0x05bf, 0x05bf, 0x05bf, 0x05bf, 0x05bf, 0x05bf, 0x05bf, 0x05bf, 0x05bf,
    0x05bf, 0x05bf, 0x05bf, 0x05bf, 0x05bf, 0x05bf, 0x05bf, 0x05bf, 0x05bf, 0x05bf, 0x05bf, 0x05bf, 0x05bf, 0x05bf, 0x05bf, 0x05bf,
    0x05bf, 0x05bf, 0x05bf, 0x05bf, 0x05bf, 0x05bf, 0x05bf, 0x05bf, 0x05bf, 0x05bf, 0x05bf, 0x05bf, 0x05bf, 0x05bf, 0x05bf, 0x05bf,
    0x05bf, 0x05bf, 0x05bf, 0x05bf, 0x05bf, 0x05bf, 0x05bf, 0x05bf, 0x05bf, 0x05bf, 0x05bf, 0x05bf, 0x05bf, 0x05bf, 0x05bf, 0x05bf,
    0x05bf, 0x05bf, 0x05bf, 0x05bf, 0x05bf, 0x05bf, 0x05bf, 0x05bf, 0x05bf, 0x05bf, 0x05bf, 0x05bf, 0x05bf, 0x05bf, 0x05bf, 0x05bf,
    0x05bf, 0x05bf, 0x05bf, 0x05bf, 0x05bf, 0x05bf, 0x05bf, 0x05bf, 0x05bf, 0x05bf, 0x05bf, 0x05bf, 0x05bf, 0x05bf, 0x05bf, 0x05bf,
    0xffff, 0xffff, 0xffff, 0xffff, 0xffff, 0xffff, 0xffff, 0xffff, 0xffff, 0xffff, 0xffff, 0xffff, 0xffff, 0xffff, 0xffff, 0xffff,
    0xffff, 0xffff, 0xffff, 0xffff, 0xffff, 0xffff, 0xffff, 0xffff, 0xffff, 0xffff, 0xffff, 0xffff, 0xffff, 0xffff, 0xffff, 0xffff,
    0xffff, 0xffff, 0xffff, 0xffff, 0xffff, 0xffff, 0xffff, 0xffff, 0xffff, 0xffff, 0xffff, 0xffff, 0xffff, 0xffff, 0xffff, 0xffff,
    0xffff, 0xffff, 0xffff, 0xffff, 0xffff, 0xffff, 0xffff, 0xffff, 0xffff, 0xffff, 0xffff, 0xffff, 0xffff, 0xffff, 0xffff, 0xffff,
    0xffff, 0xffff, 0xffff, 0xffff, 0xffff, 0xffff, 0xffff, 0xffff, 0xffff, 0xffff, 0xffff, 0x0000, 0x0000, 0x0000, 0x0000, 0x0000,
    0x0000, 0x0000, 0x0000, 0x0000, 0x0000, 0x0000, 0x0000, 0x0000, 0x0000, 0x0000, 0x0000, 0x0000, 0x0000, 0x0000, 0x0000, 0x0000,
    0x0000, 0x0000, 0x080a, 0x080a, 0x080a, 0x080a, 0x080a, 0x080a, 0x080a, 0x080a, 0x080a, 0x080a, 0x080a, 0x05bf, 0x05bf, 0x05bf,
    0x05bf, 0x05bf, 0x05bf, 0x05bf, 0x6b36, 0x6b36, 0x6b36, 0x6b36, 0x6b36, 0x6b36, 0x6b36, 0x6b36, 0x6b36, 0x6b36, 0x6b36, 0x6b36,
    0x6b36, 0x6b36, 0x6b36, 0x6b36, 0x6b36, 0x6b36, 0x6b36, 0x2194, 0x2194, 0x2194, 0x2194, 0x2194, 0x2194, 0x2194, 0x2194, 0x2194,
    0x2194, 0x2194, 0x2194, 0x2194, 0x2194, 0x2194, 0x05bf, 0x05bf, 0x05bf, 0x05bf, 0x05bf, 0x05bf, 0x05bf, 0x05bf, 0x05bf, 0x05bf,
    0x05bf, 0x05bf, 0x05bf, 0x05bf, 0x05bf, 0x05bf, 0x05bf, 0x05bf, 0x05bf, 0x05bf, 0x05bf, 0x05bf, 0x05bf, 0x05bf, 0x05bf, 0x05bf,
    0x05bf, 0x05bf, 0x05bf, 0x05bf, 0x05bf, 0x05bf, 0x05bf, 0x05bf, 0x05bf, 0x05bf, 0x05bf, 0x05bf, 0x05bf, 0x05bf, 0x05bf, 0x05bf,
    0x05bf, 0x05bf, 0x05bf, 0x05bf, 0x05bf, 0x05bf, 0x05bf, 0x05bf, 0x05bf, 0x05bf, 0x05bf, 0x05bf, 0x05bf, 0x05bf, 0x05bf, 0x05bf,
    0x05bf, 0x05bf, 0x05bf, 0x05bf, 0x05bf, 0x05bf, 0x05bf, 0x05bf, 0x05bf, 0x05bf, 0x05bf, 0x05bf, 0x05bf, 0x05bf, 0x05bf, 0x05bf,
    0x05bf, 0x05bf, 0x05bf, 0x05bf, 0x05bf, 0x05bf, 0x05bf, 0x05bf, 0x05bf, 0x05bf, 0x05bf, 0x05bf, 0x05bf, 0x05bf, 0x05bf, 0x05bf,
    0xffff, 0xffff, 0xffff, 0xffff, 0xffff, 0xffff, 0xffff, 0xffff, 0xffff, 0xffff, 0xffff, 0xffff, 0xffff, 0xffff, 0xffff, 0xffff,
    0xffff, 0xffff, 0xffff, 0xffff, 0xffff, 0xffff, 0xffff, 0xffff, 0xffff, 0xffff, 0xffff, 0xffff, 0xffff, 0xffff, 0xffff, 0xffff,
    0xffff, 0xffff, 0xffff, 0xffff, 0xffff, 0xffff, 0xffff, 0xffff, 0xffff, 0xffff, 0xffff, 0xffff, 0xffff, 0xffff, 0xffff, 0xffff,
    0xffff, 0xffff, 0xffff, 0xffff, 0xffff, 0xffff, 0xffff, 0xffff, 0xffff, 0xffff, 0xffff, 0xffff, 0xffff, 0xffff, 0xffff, 0xffff,
    0xffff, 0xffff, 0xffff, 0xffff, 0xffff, 0xffff, 0xffff, 0xffff, 0xffff, 0xffff, 0xffff, 0x0000, 0x0000, 0x0000, 0x0000, 0x0000,
    0x0000, 0x0000, 0x0000, 0x0000, 0x0000, 0x0000, 0x0000, 0x0000, 0x0000, 0x0000, 0x0000, 0x0000, 0x0000, 0x0000, 0x0000, 0x0000,
    0x0000, 0x0000, 0x080a, 0x080a, 0x080a, 0x080a, 0x080a, 0x080a, 0x080a, 0x080a, 0x080a, 0x080a, 0x080a, 0x05bf, 0x05bf, 0x05bf,
    0x05bf, 0x05bf, 0x05bf, 0x05bf, 0x6b36, 0x6b36, 0x6b36, 0x6b36, 0x6b36, 0x6b36, 0x6b36, 0x6b36, 0x6b36, 0x6b36, 0x6b36, 0x6b36,
    0x6b36, 0x6b36, 0x6b36, 0x6b36, 0x6b36, 0x6b36, 0x6b36, 0x2194, 0x2194, 0x2194, 0x2194, 0x2194, 0x2194, 0x2194, 0x2194, 0x2194,
    0x2194, 0x2194, 0x2194, 0x2194, 0x2194, 0x2194, 0x05bf, 0x05bf, 0x05bf, 0x05bf, 0x05bf, 0x05bf, 0x05bf, 0x05bf, 0x05bf, 0x05bf,
    0x05bf, 0x05bf, 0x05bf, 0x05bf, 0x05bf, 0x05bf, 0x05bf, 0x05bf, 0x05bf, 0x05bf, 0x05bf, 0x05bf, 0x05bf, 0x05bf, 0x05bf, 0x05bf,
    0x05bf, 0x05bf, 0x05bf, 0x05bf, 0x05bf, 0x05bf, 0x05bf, 0x05bf, 0x05bf, 0x05bf, 0x05bf, 0x05bf, 0x05bf, 0x05bf, 0x05bf, 0x05bf,
    0x05bf, 0x05bf, 0x05bf, 0x05bf, 0x05bf, 0x05bf, 0x05bf, 0x05bf, 0x05bf, 0x05bf, 0x05bf, 0x05bf, 0x05bf, 0x05bf, 0x05bf, 0x05bf,
    0x05bf, 0x05bf, 0x05bf, 0x05bf, 0x05bf, 0x05bf, 0x05bf, 0x05bf, 0x05bf, 0x05bf, 0x05bf, 0x05bf, 0x05bf, 0x05bf, 0x05bf, 0x05bf,
    0x05bf, 0x05bf, 0x05bf, 0x05bf, 0x05bf, 0x05bf, 0x05bf, 0x05bf, 0x05bf, 0x05bf, 0x05bf, 0x05bf, 0x05bf, 0x05bf, 0x05bf, 0x05bf,
    0xffff, 0xffff, 0xffff, 0xffff, 0xffff, 0xffff, 0xffff, 0xffff, 0xffff, 0xffff, 0xffff, 0xffff, 0xffff, 0xffff, 0xffff, 0xffff,
    0xffff, 0xffff, 0xffff, 0xffff, 0xffff, 0xffff, 0xffff, 0xffff, 0xffff, 0xffff, 0xffff, 0xffff, 0xffff, 0xffff, 0xffff, 0xffff,
    0xffff, 0xffff, 0xffff, 0xffff, 0xffff, 0xffff, 0xffff, 0xffff, 0xffff, 0xffff, 0xffff, 0xffff, 0xffff, 0xffff, 0xffff, 0xffff,
    0xffff, 0xffff, 0xffff, 0xffff, 0xffff, 0xffff, 0xffff, 0xffff, 0xffff, 0xffff, 0xffff, 0xffff, 0xffff, 0xffff, 0xffff, 0xffff,
    0xffff, 0xffff, 0xffff, 0xffff, 0xffff, 0xffff, 0xffff, 0xffff, 0xffff, 0xffff, 0xffff, 0x0000, 0x0000, 0x0000, 0x0000, 0x0000,
    0x0000, 0x0000, 0x0000, 0x0000, 0x0000, 0x0000, 0x0000, 0x0000, 0x0000, 0x0000, 0x0000, 0x0000, 0x0000, 0x0000, 0x0000, 0x0000,
    0x0000, 0x0000, 0x080a, 0x080a, 0x080a, 0x080a, 0x080a, 0x080a, 0x080a, 0x080a, 0x080a, 0x080a, 0x080a, 0x05bf, 0x05bf, 0x05bf,
    0x05bf, 0x05bf, 0x05bf, 0x05bf, 0x6b36, 0x6b36, 0x6b36, 0x6b36, 0x6b36, 0x6b36, 0x6b36, 0x6b36, 0x6b36, 0x6b36, 0x6b36, 0x6b36,
    0x6b36, 0x6b36, 0x6b36, 0x6b36, 0x6b36, 0x6b36, 0x6b36, 0x2194, 0x2194, 0x2194, 0x2194, 0x2194, 0x2194, 0x2194, 0x2194, 0x2194,
    0x2194, 0x2194, 0x2194, 0x2194, 0x2194, 0x2194, 0x05bf, 0x05bf, 0x05bf, 0x05bf, 0x05bf, 0x05bf, 0x05bf, 0x05bf, 0x05bf, 0x05bf,
    0x05bf, 0x05bf, 0x05bf, 0x05bf, 0x05bf, 0x05bf, 0x05bf, 0x05bf, 0x05bf, 0x05bf, 0x05bf, 0x05bf, 0x05bf, 0x05bf, 0x05bf, 0x05bf,
    0x05bf, 0x05bf, 0x05bf, 0x05bf, 0x05bf, 0x05bf, 0x05bf, 0x05bf, 0x05bf, 0x05bf, 0x05bf, 0x05bf, 0x05bf, 0x05bf, 0x05bf, 0x05bf,
    0x05bf, 0x05bf, 0x05bf, 0x05bf, 0x05bf, 0x05bf, 0x05bf, 0x05bf, 0x05bf, 0x05bf, 0x05bf, 0x05bf, 0x05bf, 0x05bf, 0x05bf, 0x05bf,
    0x05bf, 0x05bf, 0x05bf, 0x05bf, 0x05bf, 0x05bf, 0x05bf, 0x05bf, 0x05bf, 0x05bf, 0x05bf, 0x05bf, 0x05bf, 0x05bf, 0x05bf, 0x05bf,
    0x05bf, 0x05bf, 0x05bf, 0x05bf, 0x05bf, 0x05bf, 0x05bf, 0x05bf, 0x05bf, 0x05bf, 0x05bf, 0x05bf, 0x05bf, 0x05bf, 0x05bf, 0x05bf,
    0xffff, 0xffff, 0xffff, 0xffff, 0xffff, 0xffff, 0xffff, 0xffff, 0xffff, 0xffff, 0xffff, 0xffff, 0xffff, 0xffff, 0xffff, 0xffff,
    0xffff, 0xffff, 0xffff, 0xffff, 0xffff, 0xffff, 0xffff, 0xffff, 0xffff, 0xffff, 0xffff, 0xffff, 0xffff, 0xffff, 0xffff, 0xffff,
    0xffff, 0xffff, 0xffff, 0xffff, 0xffff, 0xffff, 0xffff, 0xffff, 0xffff, 0xffff, 0xffff, 0xffff, 0xffff, 0xffff, 0xffff, 0xffff,
    0xffff, 0xffff, 0xffff, 0xffff, 0xffff, 0xffff, 0xffff, 0xffff, 0xffff, 0xffff, 0xffff, 0xffff, 0xffff, 0xffff, 0xffff, 0xffff,
    0xffff, 0xffff, 0xffff, 0xffff, 0x0000, 0x0000, 0x0000, 0x0000, 0x0000, 0x0000, 0x0000, 0x0000, 0x0000, 0x0000, 0x0000, 0x0000,
    0x0000, 0x0000, 0x0000, 0x080a, 0x080a, 0x080a, 0x080a, 0x080a, 0x080a, 0x080a, 0x080a, 0x080a, 0x080a, 0x080a, 0x080a, 0x080a,
    0x080a, 0x080a, 0x080a, 0x080a, 0x080a, 0x080a, 0x080a, 0x080a, 0x080a, 0x05bf, 0x05bf, 0x05bf, 0x05bf, 0x05bf, 0x05bf, 0x05bf,
    0x05bf, 0x6b36, 0x6b36, 0x6b36, 0x6b36, 0x6b36, 0x6b36, 0x6b36, 0x2194, 0x2194, 0x2194, 0x2194, 0x2194, 0x2194, 0x2194, 0x2194,
    0x2194, 0x2194, 0x2194, 0x2194, 0x2194, 0x2194, 0x2194, 0x2194, 0x2194, 0x2194, 0x2194, 0x2194, 0x2194, 0x2194, 0x2194, 0x05bf,
    0x05bf, 0x05bf, 0x05bf, 0x05bf, 0x05bf, 0x05bf, 0x05bf, 0x05bf, 0x05bf, 0x05bf, 0x05bf, 0x05bf, 0x05bf, 0x05bf, 0x05bf, 0x05bf,
    0x05bf, 0x05bf, 0x05bf, 0x05bf, 0x05bf, 0x05bf, 0x05bf, 0x05bf, 0x05bf, 0x05bf, 0x05bf, 0x05bf, 0x05bf, 0x05bf, 0x05bf, 0x05bf,
    0x05bf, 0x05bf, 0x05bf, 0x05bf, 0x05bf, 0x05bf, 0x05bf, 0x05bf, 0x05bf, 0x05bf, 0x05bf, 0x05bf, 0x05bf, 0x05bf, 0x05bf, 0x05bf,
    0x05bf, 0x05bf, 0x05bf, 0x05bf, 0x05bf, 0x05bf, 0x05bf, 0x05bf, 0x05bf, 0x05bf, 0x05bf, 0x05bf, 0x05bf, 0x05bf, 0x05bf, 0x05bf,
    0x05bf, 0x05bf, 0x05bf, 0x05bf, 0x05bf, 0x05bf, 0x05bf, 0x05bf, 0x05bf, 0x05bf, 0x05bf, 0x05bf, 0x05bf, 0x05bf, 0x05bf, 0x05bf,
    0x05bf, 0x05bf, 0x05bf, 0x05bf, 0x05bf, 0x05bf, 0x05bf, 0x05bf, 0x05bf, 0x05bf, 0x05bf, 0x05bf, 0x05bf, 0x05bf, 0x05bf, 0x05bf,
    0xffff, 0xffff, 0xffff, 0xffff, 0xffff, 0xffff, 0xffff, 0xffff, 0xffff, 0xffff, 0xffff, 0xffff, 0xffff, 0xffff, 0xffff, 0xffff,
    0xffff, 0xffff, 0xffff, 0xffff, 0xffff, 0xffff, 0xffff, 0xffff, 0xffff, 0xffff, 0xffff, 0xffff, 0xffff, 0xffff, 0xffff, 0xffff,
    0xffff, 0xffff, 0xffff, 0xffff, 0xffff, 0xffff, 0xffff, 0xffff, 0xffff, 0xffff, 0xffff, 0xffff, 0xffff, 0xffff, 0xffff, 0xffff,
    0xffff, 0xffff, 0xffff, 0xffff, 0xffff, 0xffff, 0xffff, 0xffff, 0xffff, 0xffff, 0xffff, 0xffff, 0xffff, 0xffff, 0xffff, 0xffff,
    0xffff, 0xffff, 0xffff, 0xffff, 0x0000, 0x0000, 0x0000, 0x0000, 0x0000, 0x0000, 0x0000, 0x0000, 0x0000, 0x0000, 0x0000, 0x0000,
    0x0000, 0x0000, 0x0000, 0x080a, 0x080a, 0x080a, 0x080a, 0x080a, 0x080a, 0x080a, 0x080a, 0x080a, 0x080a, 0x080a, 0x080a, 0x080a,
    0x080a, 0x080a, 0x080a, 0x080a, 0x080a, 0x080a, 0x080a, 0x080a, 0x080a, 0x05bf, 0x05bf, 0x05bf, 0x05bf, 0x05bf, 0x05bf, 0x05bf,
    0x05bf, 0x6b36, 0x6b36, 0x6b36, 0x6b36, 0x6b36, 0x6b36, 0x6b36, 0x2194, 0x2194, 0x2194, 0x2194, 0x2194, 0x2194, 0x2194, 0x2194,
    0x2194, 0x2194, 0x2194, 0x2194, 0x2194, 0x2194, 0x2194, 0x2194, 0x2194, 0x2194, 0x2194, 0x2194, 0x2194, 0x2194, 0x2194, 0x05bf,
    0x05bf, 0x05bf, 0x05bf, 0x05bf, 0x05bf, 0x05bf, 0x05bf, 0x05bf, 0x05bf, 0x05bf, 0x05bf, 0x05bf, 0x05bf, 0x05bf, 0x05bf, 0x05bf,
    0x05bf, 0x05bf, 0x05bf, 0x05bf, 0x05bf, 0x05bf, 0x05bf, 0x05bf, 0x05bf, 0x05bf, 0x05bf, 0x05bf, 0x05bf, 0x05bf, 0x05bf, 0x05bf,
    0x05bf, 0x05bf, 0x05bf, 0x05bf, 0x05bf, 0x05bf, 0x05bf, 0x05bf, 0x05bf, 0x05bf, 0x05bf, 0x05bf, 0x05bf, 0x05bf, 0x05bf, 0x05bf,
    0x05bf, 0x05bf, 0x05bf, 0x05bf, 0x05bf, 0x05bf, 0x05bf, 0x05bf, 0x05bf, 0x05bf, 0x05bf, 0x05bf, 0x05bf, 0x05bf, 0x05bf, 0x05bf,
    0x05bf, 0x05bf, 0x05bf, 0x05bf, 0x05bf, 0x05bf, 0x05bf, 0x05bf, 0x05bf, 0x05bf, 0x05bf, 0x05bf, 0x05bf, 0x05bf, 0x05bf, 0x05bf,
    0x05bf, 0x05bf, 0x05bf, 0x05bf, 0x05bf, 0x05bf, 0x05bf, 0x05bf, 0x05bf, 0x05bf, 0x05bf, 0x05bf, 0x05bf, 0x05bf, 0x05bf, 0x05bf,
    0xffff, 0xffff, 0xffff, 0xffff, 0xffff, 0xffff, 0xffff, 0xffff, 0xffff, 0xffff, 0xffff, 0xffff, 0xffff, 0xffff, 0xffff, 0xffff,
    0xffff, 0xffff, 0xffff, 0xffff, 0xffff, 0xffff, 0xffff, 0xffff, 0xffff, 0xffff, 0xffff, 0xffff, 0xffff, 0xffff, 0xffff, 0xffff,
    0xffff, 0xffff, 0xffff, 0xffff, 0xffff, 0xffff, 0xffff, 0xffff, 0xffff, 0xffff, 0xffff, 0xffff, 0xffff, 0xffff, 0xffff, 0xffff,
    0xffff, 0xffff, 0xffff, 0xffff, 0xffff, 0xffff, 0xffff, 0xffff, 0xffff, 0xffff, 0xffff, 0xffff, 0xffff, 0xffff, 0xffff, 0xffff,
    0xffff, 0xffff, 0xffff, 0xffff, 0x0000, 0x0000, 0x0000, 0x0000, 0x0000, 0x0000, 0x0000, 0x0000, 0x0000, 0x0000, 0x0000, 0x0000,
    0x0000, 0x0000, 0x0000, 0x080a, 0x080a, 0x080a, 0x080a, 0x080a, 0x080a, 0x080a, 0x080a, 0x080a, 0x080a, 0x080a, 0x080a, 0x080a,
    0x080a, 0x080a, 0x080a, 0x080a, 0x080a, 0x080a, 0x080a, 0x080a, 0x080a, 0x05bf, 0x05bf, 0x05bf, 0x05bf, 0x05bf, 0x05bf, 0x05bf,
    0x05bf, 0x6b36, 0x6b36, 0x6b36, 0x6b36, 0x6b36, 0x6b36, 0x6b36, 0x2194, 0x2194, 0x2194, 0x2194, 0x2194, 0x2194, 0x2194, 0x2194,
    0x2194, 0x2194, 0x2194, 0x2194, 0x2194, 0x2194, 0x2194, 0x2194, 0x2194, 0x2194, 0x2194, 0x2194, 0x2194, 0x2194, 0x2194, 0x05bf,
    0x05bf, 0x05bf, 0x05bf, 0x05bf, 0x05bf, 0x05bf, 0x05bf, 0x05bf, 0x05bf, 0x05bf, 0x05bf, 0x05bf, 0x05bf, 0x05bf, 0x05bf, 0x05bf,
    0x05bf, 0x05bf, 0x05bf, 0x05bf, 0x05bf, 0x05bf, 0x05bf, 0x05bf, 0x05bf, 0x05bf, 0x05bf, 0x05bf, 0x05bf, 0x05bf, 0x05bf, 0x05bf,
    0x05bf, 0x05bf, 0x05bf, 0x05bf, 0x05bf, 0x05bf, 0x05bf, 0x05bf, 0x05bf, 0x05bf, 0x05bf, 0x05bf, 0x05bf, 0x05bf, 0x05bf, 0x05bf,
    0x05bf, 0x05bf, 0x05bf, 0x05bf, 0x05bf, 0x05bf, 0x05bf, 0x05bf, 0x05bf, 0x05bf, 0x05bf, 0x05bf, 0x05bf, 0x05bf, 0x05bf, 0x05bf,
    0x05bf, 0x05bf, 0x05bf, 0x05bf, 0x05bf, 0x05bf, 0x05bf, 0x05bf, 0x05bf, 0x05bf, 0x05bf, 0x05bf, 0x05bf, 0x05bf, 0x05bf, 0x05bf,
    0x05bf, 0x05bf, 0x05bf, 0x05bf, 0x05bf, 0x05bf, 0x05bf, 0x05bf, 0x05bf, 0x05bf, 0x05bf, 0x05bf, 0x05bf, 0x05bf, 0x05bf, 0x05bf,
    0xffff, 0xffff, 0xffff, 0xffff, 0xffff, 0xffff, 0xffff, 0xffff, 0xffff, 0xffff, 0xffff, 0xffff, 0xffff, 0xffff, 0xffff, 0xffff,
    0xffff, 0xffff, 0xffff, 0xffff, 0xffff, 0xffff, 0xffff, 0xffff, 0xffff, 0xffff, 0xffff, 0xffff, 0xffff, 0xffff, 0xffff, 0xffff,
    0xffff, 0xffff, 0xffff, 0xffff, 0xffff, 0xffff, 0xffff, 0xffff, 0xffff, 0xffff, 0xffff, 0xffff, 0xffff, 0xffff, 0xffff, 0xffff,
    0xffff, 0xffff, 0xffff, 0xffff, 0xffff, 0xffff, 0xffff, 0xffff, 0xffff, 0xffff, 0xffff, 0xffff, 0xffff, 0xffff, 0xffff, 0xffff,
    0xffff, 0xffff, 0xffff, 0xffff, 0x0000, 0x0000, 0x0000, 0x0000, 0x0000, 0x0000, 0x0000, 0x0000, 0x0000, 0x0000, 0x0000, 0x0000,
    0x0000, 0x0000, 0x0000, 0x080a, 0x080a, 0x080a, 0x080a, 0x080a, 0x080a, 0x080a, 0x080a, 0x080a, 0x080a, 0x080a, 0x080a, 0x080a,
    0x080a, 0x080a, 0x05bf, 0x05bf, 0x05bf, 0x05bf, 0x05bf, 0x05bf, 0x05bf, 0x6b36, 0x6b36, 0x6b36, 0x6b36, 0x6b36, 0x6b36, 0x6b36,
    0x6b36, 0x6b36, 0x6b36, 0x6b36, 0x6b36, 0x6b36, 0x6b36, 0x6b36, 0x2194, 0x2194, 0x2194, 0x2194, 0x2194, 0x2194, 0x2194, 0x2194,
    0x2194, 0x2194, 0x2194, 0x2194, 0x2194, 0x2194, 0x2194, 0x2194, 0x2194, 0x2194, 0x2194, 0x2194, 0x2194, 0x2194, 0x2194, 0x05bf,
    0x05bf, 0x05bf, 0x05bf, 0x05bf, 0x05bf, 0x05bf, 0x05bf, 0x05bf, 0x05bf, 0x05bf, 0x05bf, 0x05bf, 0x05bf, 0x05bf, 0x05bf, 0x05bf,
    0x05bf, 0x05bf, 0x05bf, 0x05bf, 0x05bf, 0x05bf, 0x05bf, 0x05bf, 0x05bf, 0x05bf, 0x05bf, 0x05bf, 0x05bf, 0x05bf, 0x05bf, 0x05bf,
    0x05bf, 0x05bf, 0x05bf, 0x05bf, 0x05bf, 0x05bf, 0x05bf, 0x05bf, 0x05bf, 0x05bf, 0x05bf, 0x05bf, 0x05bf, 0x05bf, 0x05bf, 0x05bf,
    0x05bf, 0x05bf, 0x05bf, 0x05bf, 0x05bf, 0x05bf, 0x05bf, 0x05bf, 0x05bf, 0x05bf, 0x05bf, 0x05bf, 0x05bf, 0x05bf, 0x05bf, 0x05bf,
    0x05bf, 0x05bf, 0x05bf, 0x05bf, 0x05bf, 0x05bf, 0x05bf, 0x05bf, 0x05bf, 0x05bf, 0x05bf, 0x05bf, 0x05bf, 0x05bf, 0x05bf, 0x05bf,
    0x05bf, 0x05bf, 0x05bf, 0x05bf, 0x05bf, 0x05bf, 0x05bf, 0x05bf, 0x05bf, 0x05bf, 0x05bf, 0x05bf, 0x05bf, 0x05bf, 0x05bf, 0x05bf,
    0xffff, 0xffff, 0xffff, 0xffff, 0xffff, 0xffff, 0xffff, 0xffff, 0xffff, 0xffff, 0xffff, 0xffff, 0xffff, 0xffff, 0xffff, 0xffff,
    0xffff, 0xffff, 0xffff, 0xffff, 0xffff, 0xffff, 0xffff, 0xffff, 0xffff, 0xffff, 0xffff, 0xffff, 0xffff, 0xffff, 0xffff, 0xffff,
    0xffff, 0xffff, 0xffff, 0xffff, 0xffff, 0xffff, 0xffff, 0xffff, 0xffff, 0xffff, 0xffff, 0xffff, 0xffff, 0xffff, 0xffff, 0xffff,
    0xffff, 0xffff, 0xffff, 0xffff, 0xffff, 0xffff, 0xffff, 0xffff, 0xffff, 0xffff, 0xffff, 0xffff, 0xffff, 0xffff, 0xffff, 0xffff,
    0xffff, 0xffff, 0xffff, 0xffff, 0x0000, 0x0000, 0x0000, 0x0000, 0x0000, 0x0000, 0x0000, 0x0000, 0x0000, 0x0000, 0x0000, 0x0000,
    0x0000, 0x0000, 0x0000, 0x080a, 0x080a, 0x080a, 0x080a, 0x080a, 0x080a, 0x080a, 0x080a, 0x080a, 0x080a, 0x080a, 0x080a, 0x080a,
    0x080a, 0x080a, 0x05bf, 0x05bf, 0x05bf, 0x05bf, 0x05bf, 0x05bf, 0x05bf, 0x6b36, 0x6b36, 0x6b36, 0x6b36, 0x6b36, 0x6b36, 0x6b36,
    0x6b36, 0x6b36, 0x6b36, 0x6b36, 0x6b36, 0x6b36, 0x6b36, 0x6b36, 0x2194, 0x2194, 0x2194, 0x2194, 0x2194, 0x2194, 0x2194, 0x2194,
    0x2194, 0x2194, 0x2194, 0x2194, 0x2194, 0x2194, 0x2194, 0x2194, 0x2194, 0x2194, 0x2194, 0x2194, 0x2194, 0x2194, 0x2194, 0x05bf,
    0x05bf, 0x05bf, 0x05bf, 0x05bf, 0x05bf, 0x05bf, 0x05bf, 0x05bf, 0x05bf, 0x05bf, 0x05bf, 0x05bf, 0x05bf, 0x05bf, 0x05bf, 0x05bf,
    0x05bf, 0x05bf, 0x05bf, 0x05bf, 0x05bf, 0x05bf, 0x05bf, 0x05bf, 0x05bf, 0x05bf, 0x05bf, 0x05bf, 0x05bf, 0x05bf, 0x05bf, 0x05bf,
    0x05bf, 0x05bf, 0x05bf, 0x05bf, 0x05bf, 0x05bf, 0x05bf, 0x05bf, 0x05bf, 0x05bf, 0x05bf, 0x05bf, 0x05bf, 0x05bf, 0x05bf, 0x05bf,
    0x05bf, 0x05bf, 0x05bf, 0x05bf, 0x05bf, 0x05bf, 0x05bf, 0x05bf, 0x05bf, 0x05bf, 0x05bf, 0x05bf, 0x05bf, 0x05bf, 0x05bf, 0x05bf,
    0x05bf, 0x05bf, 0x05bf, 0x05bf, 0x05bf, 0x05bf, 0x05bf, 0x05bf, 0x05bf, 0x05bf, 0x05bf, 0x05bf, 0x05bf, 0x05bf, 0x05bf, 0x05bf,
    0x05bf, 0x05bf, 0x05bf, 0x05bf, 0x05bf, 0x05bf, 0x05bf, 0x05bf, 0x05bf, 0x05bf, 0x05bf, 0x05bf, 0x05bf, 0x05bf, 0x05bf, 0x05bf,
    0xffff, 0xffff, 0xffff, 0xffff, 0xffff, 0xffff, 0xffff, 0xffff, 0xffff, 0xffff, 0xffff, 0xffff, 0xffff, 0xffff, 0xffff, 0xffff,
    0xffff, 0xffff, 0xffff, 0xffff, 0xffff, 0xffff, 0xffff, 0xffff, 0xffff, 0xffff, 0xffff, 0xffff, 0xffff, 0xffff, 0xffff, 0xffff,
    0xffff, 0xffff, 0xffff, 0xffff, 0xffff, 0xffff, 0xffff, 0xffff, 0xffff, 0xffff, 0xffff, 0xffff, 0xffff, 0xffff, 0xffff, 0xffff,
    0xffff, 0xffff, 0xffff, 0xffff, 0xffff, 0xffff, 0xffff, 0xffff, 0xffff, 0xffff, 0xffff, 0xffff, 0xffff, 0xffff, 0xffff, 0xffff,
    0xffff, 0xffff, 0xffff, 0xffff, 0x0000, 0x0000, 0x0000, 0x0000, 0x0000, 0x0000, 0x0000, 0x0000, 0x0000, 0x0000, 0x0000, 0x0000,
    0x0000, 0x0000, 0x0000, 0x080a, 0x080a, 0x080a, 0x080a, 0x080a, 0x080a, 0x080a, 0x080a, 0x080a, 0x080a, 0x080a, 0x080a, 0x080a,
    0x080a, 0x080a, 0x05bf, 0x05bf, 0x05bf, 0x05bf, 0x05bf, 0x05bf, 0x05bf, 0x6b36, 0x6b36, 0x6b36, 0x6b36, 0x6b36, 0x6b36, 0x6b36,
    0x6b36, 0x6b36, 0x6b36, 0x6b36, 0x6b36, 0x6b36, 0x6b36, 0x6b36, 0x2194, 0x2194, 0x2194, 0x2194, 0x2194, 0x2194, 0x2194, 0x2194,
    0x2194, 0x2194, 0x2194, 0x2194, 0x2194, 0x2194, 0x2194, 0x2194, 0x2194, 0x2194, 0x2194, 0x2194, 0x2194, 0x2194, 0x2194, 0x05bf,
    0x05bf, 0x05bf, 0x05bf, 0x05bf, 0x05bf, 0x05bf, 0x05bf, 0x05bf, 0x05bf, 0x05bf, 0x05bf, 0x05bf, 0x05bf, 0x05bf, 0x05bf, 0x05bf,
    0x05bf, 0x05bf, 0x05bf, 0x05bf, 0x05bf, 0x05bf, 0x05bf, 0x05bf, 0x05bf, 0x05bf, 0x05bf, 0x05bf, 0x05bf, 0x05bf, 0x05bf, 0x05bf,
    0x05bf, 0x05bf, 0x05bf, 0x05bf, 0x05bf, 0x05bf, 0x05bf, 0x05bf, 0x05bf, 0x05bf, 0x05bf, 0x05bf, 0x05bf, 0x05bf, 0x05bf, 0x05bf,
    0x05bf, 0x05bf, 0x05bf, 0x05bf, 0x05bf, 0x05bf, 0x05bf, 0x05bf, 0x05bf, 0x05bf, 0x05bf, 0x05bf, 0x05bf, 0x05bf, 0x05bf, 0x05bf,
    0x05bf, 0x05bf, 0x05bf, 0x05bf, 0x05bf, 0x05bf, 0x05bf, 0x05bf, 0x05bf, 0x05bf, 0x05bf, 0x05bf, 0x05bf, 0x05bf, 0x05bf, 0x05bf,
    0x05bf, 0x05bf, 0x05bf, 0x05bf, 0x05bf, 0x05bf, 0x05bf, 0x05bf, 0x05bf, 0x05bf, 0x05bf, 0x05bf, 0x05bf, 0x05bf, 0x05bf, 0x05bf,
    0xffff, 0xffff, 0xffff, 0xffff, 0xffff, 0xffff, 0xffff, 0xffff, 0xffff, 0xffff, 0xffff, 0xffff, 0xffff, 0xffff, 0xffff, 0xffff,
    0xffff, 0xffff, 0xffff, 0xffff, 0xffff, 0xffff, 0xffff, 0xffff, 0xffff, 0xffff, 0xffff, 0xffff, 0xffff, 0xffff, 0xffff, 0xffff,
    0xffff, 0xffff, 0xffff, 0xffff, 0xffff, 0xffff, 0xffff, 0xffff, 0xffff, 0xffff, 0xffff, 0xffff, 0xffff, 0xffff, 0xffff, 0xffff,
    0xffff, 0xffff, 0xffff, 0xffff, 0xffff, 0xffff, 0xffff, 0xffff, 0xffff, 0xffff, 0xffff, 0xffff, 0xffff, 0xffff, 0xffff, 0xffff,
    0xffff, 0xffff, 0xffff, 0xffff, 0x0000, 0x0000, 0x0000, 0x0000, 0x0000, 0x0000, 0x0000, 0x0000, 0x0000, 0x0000, 0x0000, 0x0000,
    0x0000, 0x0000, 0x0000, 0x080a, 0x080a, 0x080a, 0x080a, 0x080a, 0x080a, 0x080a, 0x080a, 0x080a, 0x080a, 0x080a, 0x080a, 0x080a,
    0x080a, 0x080a, 0x05bf, 0x05bf, 0x05bf, 0x05bf, 0x05bf, 0x05bf, 0x05bf, 0x6b36, 0x6b36, 0x6b36, 0x6b36, 0x6b36, 0x6b36, 0x6b36,
    0x6b36, 0x6b36, 0x6b36, 0x6b36, 0x6b36, 0x6b36, 0x6b36, 0x6b36, 0x2194, 0x2194, 0x2194, 0x2194, 0x2194, 0x2194, 0x2194, 0x2194,
    0x2194, 0x2194, 0x2194, 0x2194, 0x2194, 0x2194, 0x2194, 0x2194, 0x2194, 0x2194, 0x2194, 0x2194, 0x2194, 0x2194, 0x2194, 0x05bf,
    0x05bf, 0x05bf, 0x05bf, 0x05bf, 0x05bf, 0x05bf, 0x05bf, 0x05bf, 0x05bf, 0x05bf, 0x05bf, 0x05bf, 0x05bf, 0x05bf, 0x05bf, 0x05bf,
    0x05bf, 0x05bf, 0x05bf, 0x05bf, 0x05bf, 0x05bf, 0x05bf, 0x05bf, 0x05bf, 0x05bf, 0x05bf, 0x05bf, 0x05bf, 0x05bf, 0x05bf, 0x05bf,
    0x05bf, 0x05bf, 0x05bf, 0x05bf, 0x05bf, 0x05bf, 0x05bf, 0x05bf, 0x05bf, 0x05bf, 0x05bf, 0x05bf, 0x05bf, 0x05bf, 0x05bf, 0x05bf,
    0x05bf, 0x05bf, 0x05bf, 0x05bf, 0x05bf, 0x05bf, 0x05bf, 0x05bf, 0x05bf, 0x05bf, 0x05bf, 0x05bf, 0x05bf, 0x05bf, 0x05bf, 0x05bf,
    0x05bf, 0x05bf, 0x05bf, 0x05bf, 0x05bf, 0x05bf, 0x05bf, 0x05bf, 0x05bf, 0x05bf, 0x05bf, 0x05bf, 0x05bf, 0x05bf, 0x05bf, 0x05bf,
    0x05bf, 0x05bf, 0x05bf, 0x05bf, 0x05bf, 0x05bf, 0x05bf, 0x05bf, 0x05bf, 0x05bf, 0x05bf, 0x05bf, 0x05bf, 0x05bf, 0x05bf, 0x05bf,
    0xffff, 0xffff, 0xffff, 0xffff, 0xffff, 0xffff, 0xffff, 0xffff, 0xffff, 0xffff, 0xffff, 0xffff, 0xffff, 0xffff, 0xffff, 0xffff,
    0xffff, 0xffff, 0xffff, 0xffff, 0xffff, 0xffff, 0xffff, 0xffff, 0xffff, 0xffff, 0xffff, 0xffff, 0xffff, 0xffff, 0xffff, 0xffff,
    0xffff, 0xffff, 0xffff, 0xffff, 0xffff, 0xffff, 0xffff, 0xffff, 0xffff, 0xffff, 0xffff, 0xffff, 0xffff, 0xffff, 0xffff, 0xffff,
    0xffff, 0xffff, 0xffff, 0xffff, 0xffff, 0x0000, 0x0000, 0x0000, 0x0000, 0x0000, 0x0000, 0x0000, 0x0000, 0x0000, 0x0000, 0x0000,
    0x0000, 0x0000, 0x0000, 0x0000, 0x0000, 0x0000, 0x0000, 0x0000, 0x0000, 0x0000, 0x0000, 0x080a, 0x080a, 0x080a, 0x080a, 0x080a,
    0x080a, 0x080a, 0x080a, 0x080a, 0x080a, 0x080a, 0x080a, 0x080a, 0x080a, 0x080a, 0x080a, 0x080a, 0x080a, 0x080a, 0x05bf, 0x05bf,
    0x05bf, 0x05bf, 0x05bf, 0x05bf, 0x05bf, 0x6b36, 0x6b36, 0x6b36, 0x6b36, 0x6b36, 0x6b36, 0x6b36, 0x6b36, 0x6b36, 0x6b36, 0x6b36,
    0x6b36, 0x2194, 0x2194, 0x2194, 0x2194, 0x2194, 0x2194, 0x2194, 0x2194, 0x2194, 0x2194, 0x2194, 0x2194, 0x2194, 0x2194, 0x2194,
    0x2194, 0x2194, 0x2194, 0x2194, 0x2194, 0x2194, 0x2194, 0x05bf, 0x05bf, 0x05bf, 0x05bf, 0x05bf, 0x05bf, 0x05bf, 0x05bf, 0x05bf,
    0x05bf, 0x05bf, 0x05bf, 0x05bf, 0x05bf, 0x05bf, 0x05bf, 0x05bf, 0x05bf, 0x05bf, 0x05bf, 0x05bf, 0x05bf, 0x05bf, 0x05bf, 0x05bf,
    0x05bf, 0x05bf, 0x05bf, 0x05bf, 0x05bf, 0x05bf, 0x05bf, 0x05bf, 0x05bf, 0x05bf, 0x05bf, 0x05bf, 0x05bf, 0x05bf, 0x05bf, 0x05bf,
    0x05bf, 0x05bf, 0x05bf, 0x05bf, 0x05bf, 0x05bf, 0x05bf, 0x05bf, 0x05bf, 0x05bf, 0x05bf, 0x05bf, 0x05bf, 0x05bf, 0x05bf, 0x05bf,
    0x05bf, 0x05bf, 0x05bf, 0x05bf, 0x05bf, 0x05bf, 0x05bf, 0x05bf, 0x05bf, 0x05bf, 0x05bf, 0x05bf, 0x05bf, 0x05bf, 0x05bf, 0x05bf,
    0x05bf, 0x05bf, 0x05bf, 0x05bf, 0x05bf, 0x05bf, 0x05bf, 0x05bf, 0x05bf, 0x05bf, 0x05bf, 0x05bf, 0x05bf, 0x05bf, 0x05bf, 0x05bf,
    0x05bf, 0x05bf, 0x05bf, 0x05bf, 0x05bf, 0x05bf, 0x05bf, 0x05bf, 0x05bf, 0x05bf, 0x05bf, 0x05bf, 0x05bf, 0x05bf, 0x05bf, 0x05bf,
    0xffff, 0xffff, 0xffff, 0xffff, 0xffff, 0xffff, 0xffff, 0xffff, 0xffff, 0xffff, 0xffff, 0xffff, 0xffff, 0xffff, 0xffff, 0xffff,
    0xffff, 0xffff, 0xffff, 0xffff, 0xffff, 0xffff, 0xffff, 0xffff, 0xffff, 0xffff, 0xffff, 0xffff, 0xffff, 0xffff, 0xffff, 0xffff,
    0xffff, 0xffff, 0xffff, 0xffff, 0xffff, 0xffff, 0xffff, 0xffff, 0xffff, 0xffff, 0xffff, 0xffff, 0xffff, 0xffff, 0xffff, 0xffff,
    0xffff, 0xffff, 0xffff, 0xffff, 0xffff, 0x0000, 0x0000, 0x0000, 0x0000, 0x0000, 0x0000, 0x0000, 0x0000, 0x0000, 0x0000, 0x0000,
    0x0000, 0x0000, 0x0000, 0x0000, 0x0000, 0x0000, 0x0000, 0x0000, 0x0000, 0x0000, 0x0000, 0x080a, 0x080a, 0x080a, 0x080a, 0x080a,
    0x080a, 0x080a, 0x080a, 0x080a, 0x080a, 0x080a, 0x080a, 0x080a, 0x080a, 0x080a, 0x080a, 0x080a, 0x080a, 0x080a, 0x05bf, 0x05bf,
    0x05bf, 0x05bf, 0x05bf, 0x05bf, 0x05bf, 0x6b36, 0x6b36, 0x6b36, 0x6b36, 0x6b36, 0x6b36, 0x6b36, 0x6b36, 0x6b36, 0x6b36, 0x6b36,
    0x6b36, 0x2194, 0x2194, 0x2194, 0x2194, 0x2194, 0x2194, 0x2194, 0x2194, 0x2194, 0x2194, 0x2194, 0x2194, 0x2194, 0x2194, 0x2194,
    0x2194, 0x2194, 0x2194, 0x2194, 0x2194, 0x2194, 0x2194, 0x05bf, 0x05bf, 0x05bf, 0x05bf, 0x05bf, 0x05bf, 0x05bf, 0x05bf, 0x05bf,
    0x05bf, 0x05bf, 0x05bf, 0x05bf, 0x05bf, 0x05bf, 0x05bf, 0x05bf, 0x05bf, 0x05bf, 0x05bf, 0x05bf, 0x05bf, 0x05bf, 0x05bf, 0x05bf,
    0x05bf, 0x05bf, 0x05bf, 0x05bf, 0x05bf, 0x05bf, 0x05bf, 0x05bf, 0x05bf, 0x05bf, 0x05bf, 0x05bf, 0x05bf, 0x05bf, 0x05bf, 0x05bf,
    0x05bf, 0x05bf, 0x05bf, 0x05bf, 0x05bf, 0x05bf, 0x05bf, 0x05bf, 0x05bf, 0x05bf, 0x05bf, 0x05bf, 0x05bf, 0x05bf, 0x05bf, 0x05bf,
    0x05bf, 0x05bf, 0x05bf, 0x05bf, 0x05bf, 0x05bf, 0x05bf, 0x05bf, 0x05bf, 0x05bf, 0x05bf, 0x05bf, 0x05bf, 0x05bf, 0x05bf, 0x05bf,
    0x05bf, 0x05bf, 0x05bf, 0x05bf, 0x05bf, 0x05bf, 0x05bf, 0x05bf, 0x05bf, 0x05bf, 0x05bf, 0x05bf, 0x05bf, 0x05bf, 0x05bf, 0x05bf,
    0x05bf, 0x05bf, 0x05bf, 0x05bf, 0x05bf, 0x05bf, 0x05bf, 0x05bf, 0x05bf, 0x05bf, 0x05bf, 0x05bf, 0x05bf, 0x05bf, 0x05bf, 0x05bf,
    0xffff, 0xffff, 0xffff, 0xffff, 0xffff, 0xffff, 0xffff, 0xffff, 0xffff, 0xffff, 0xffff, 0xffff, 0xffff, 0xffff, 0xffff, 0xffff,
    0xffff, 0xffff, 0xffff, 0xffff, 0xffff, 0xffff, 0xffff, 0xffff, 0xffff, 0xffff, 0xffff, 0xffff, 0xffff, 0xffff, 0xffff, 0xffff,
    0xffff, 0xffff, 0xffff, 0xffff, 0xffff, 0xffff, 0xffff, 0xffff, 0xffff, 0xffff, 0xffff, 0xffff, 0xffff, 0xffff, 0xffff, 0xffff,
    0xffff, 0xffff, 0xffff, 0xffff, 0xffff, 0x0000, 0x0000, 0x0000, 0x0000, 0x0000, 0x0000, 0x0000, 0x0000, 0x0000, 0x0000, 0x0000,
    0x0000, 0x0000, 0x0000, 0x0000, 0x0000, 0x0000, 0x0000, 0x0000, 0x0000, 0x0000, 0x0000, 0x080a, 0x080a, 0x080a, 0x080a, 0x080a,
    0x080a, 0x080a, 0x080a, 0x080a, 0x080a, 0x080a, 0x080a, 0x080a, 0x080a, 0x080a, 0x080a, 0x080a, 0x080a, 0x080a, 0x05bf, 0x05bf,
    0x05bf, 0x05bf, 0x05bf, 0x05bf, 0x05bf, 0x6b36, 0x6b36, 0x6b36, 0x6b36, 0x6b36, 0x6b36, 0x6b36, 0x6b36, 0x6b36, 0x6b36, 0x6b36,
    0x6b36, 0x2194, 0x2194, 0x2194, 0x2194, 0x2194, 0x2194, 0x2194, 0x2194, 0x2194, 0x2194, 0x2194, 0x2194, 0x2194, 0x2194, 0x2194,
    0x2194, 0x2194, 0x2194, 0x2194, 0x2194, 0x2194, 0x2194, 0x05bf, 0x05bf, 0x05bf, 0x05bf, 0x05bf, 0x05bf, 0x05bf, 0x05bf, 0x05bf,
    0x05bf, 0x05bf, 0x05bf, 0x05bf, 0x05bf, 0x05bf, 0x05bf, 0x05bf, 0x05bf, 0x05bf, 0x05bf, 0x05bf, 0x05bf, 0x05bf, 0x05bf, 0x05bf,
    0x05bf, 0x05bf, 0x05bf, 0x05bf, 0x05bf, 0x05bf, 0x05bf, 0x05bf, 0x05bf, 0x05bf, 0x05bf, 0x05bf, 0x05bf, 0x05bf, 0x05bf, 0x05bf,
    0x05bf, 0x05bf, 0x05bf, 0x05bf, 0x05bf, 0x05bf, 0x05bf, 0x05bf, 0x05bf, 0x05bf, 0x05bf, 0x05bf, 0x05bf, 0x05bf, 0x05bf, 0x05bf,
    0x05bf, 0x05bf, 0x05bf, 0x05bf, 0x05bf, 0x05bf, 0x05bf, 0x05bf, 0x05bf, 0x05bf, 0x05bf, 0x05bf, 0x05bf, 0x05bf, 0x05bf, 0x05bf,
    0x05bf, 0x05bf, 0x05bf, 0x05bf, 0x05bf, 0x05bf, 0x05bf, 0x05bf, 0x05bf, 0x05bf, 0x05bf, 0x05bf, 0x05bf, 0x05bf, 0x05bf, 0x05bf,
    0x05bf, 0x05bf, 0x05bf, 0x05bf, 0x05bf, 0x05bf, 0x05bf, 0x05bf, 0x05bf, 0x05bf, 0x05bf, 0x05bf, 0x05bf, 0x05bf, 0x05bf, 0x05bf,
    0xffff, 0xffff, 0xffff, 0xffff, 0xffff, 0xffff, 0xffff, 0xffff, 0xffff, 0xffff, 0xffff, 0xffff, 0xffff, 0xffff, 0xffff, 0xffff,
    0xffff, 0xffff, 0xffff, 0xffff, 0xffff, 0xffff, 0xffff, 0xffff, 0xffff, 0xffff, 0xffff, 0xffff, 0xffff, 0xffff, 0xffff, 0xffff,
    0xffff, 0xffff, 0xffff, 0xffff, 0xffff, 0xffff, 0xffff, 0xffff, 0xffff, 0xffff, 0xffff, 0xffff, 0xffff, 0xffff, 0xffff, 0xffff,
    0xffff, 0xffff, 0xffff, 0xffff, 0xffff, 0x0000, 0x0000, 0x0000, 0x0000, 0x0000, 0x0000, 0x0000, 0x0000, 0x0000, 0x0000, 0x0000,
    0x0000, 0x0000, 0x0000, 0x0000, 0x0000, 0x0000, 0x0000, 0x0000, 0x0000, 0x0000, 0x0000, 0x080a, 0x080a, 0x080a, 0x080a, 0x080a,
    0x080a, 0x080a, 0x080a, 0x080a, 0x080a, 0x080a, 0x080a, 0x080a, 0x080a, 0x080a, 0x080a, 0x080a, 0x080a, 0x080a, 0x05bf, 0x05bf,
    0x05bf, 0x05bf, 0x05bf, 0x05bf, 0x05bf, 0x6b36, 0x6b36, 0x6b36, 0x6b36, 0x6b36, 0x6b36, 0x6b36, 0x6b36, 0x6b36, 0x6b36, 0x6b36,
    0x6b36, 0x2194, 0x2194, 0x2194, 0x2194, 0x2194, 0x2194, 0x2194, 0x2194, 0x2194, 0x2194, 0x2194, 0x2194, 0x2194, 0x2194, 0x2194,
    0x2194, 0x2194, 0x2194, 0x2194, 0x2194, 0x2194, 0x2194, 0x05bf, 0x05bf, 0x05bf, 0x05bf, 0x05bf, 0x05bf, 0x05bf, 0x05bf, 0x05bf,
    0x05bf, 0x05bf, 0x05bf, 0x05bf, 0x05bf, 0x05bf, 0x05bf, 0x05bf, 0x05bf, 0x05bf, 0x05bf, 0x05bf, 0x05bf, 0x05bf, 0x05bf, 0x05bf,
    0x05bf, 0x05bf, 0x05bf, 0x05bf, 0x05bf, 0x05bf, 0x05bf, 0x05bf, 0x05bf, 0x05bf, 0x05bf, 0x05bf, 0x05bf, 0x05bf, 0x05bf, 0x05bf,
    0x05bf, 0x05bf, 0x05bf, 0x05bf, 0x05bf, 0x05bf, 0x05bf, 0x05bf, 0x05bf, 0x05bf, 0x05bf, 0x05bf, 0x05bf, 0x05bf, 0x05bf, 0x05bf,
    0x05bf, 0x05bf, 0x05bf, 0x05bf, 0x05bf, 0x05bf, 0x05bf, 0x05bf, 0x05bf, 0x05bf, 0x05bf, 0x05bf, 0x05bf, 0x05bf, 0x05bf, 0x05bf,
    0x05bf, 0x05bf, 0x05bf, 0x05bf, 0x05bf, 0x05bf, 0x05bf, 0x05bf, 0x05bf, 0x05bf, 0x05bf, 0x05bf, 0x05bf, 0x05bf, 0x05bf, 0x05bf,
    0x05bf, 0x05bf, 0x05bf, 0x05bf, 0x05bf, 0x05bf, 0x05bf, 0x05bf, 0x05bf, 0x05bf, 0x05bf, 0x05bf, 0x05bf, 0x05bf, 0x05bf, 0x05bf,
    0xffff, 0xffff, 0xffff, 0xffff, 0xffff, 0xffff, 0xffff, 0xffff, 0xffff, 0xffff, 0xffff, 0xffff, 0xffff, 0xffff, 0xffff, 0xffff,
    0xffff, 0xffff, 0xffff, 0xffff, 0xffff, 0xffff, 0xffff, 0xffff, 0xffff, 0xffff, 0xffff, 0xffff, 0xffff, 0xffff, 0xffff, 0xffff,
    0xffff, 0xffff, 0xffff, 0xffff, 0xffff, 0xffff, 0xffff, 0xffff, 0xffff, 0xffff, 0xffff, 0xffff, 0xffff, 0xffff, 0xffff, 0xffff,
    0xffff, 0xffff, 0xffff, 0xffff, 0xffff, 0x0000, 0x0000, 0x0000, 0x0000, 0x0000, 0x0000, 0x0000, 0x0000, 0x0000, 0x0000, 0x0000,
    0x0000, 0x0000, 0x0000, 0x0000, 0x0000, 0x0000, 0x0000, 0x0000, 0x0000, 0x0000, 0x0000, 0x080a, 0x080a, 0x080a, 0x080a, 0x080a,
    0x080a, 0x080a, 0x080a, 0x080a, 0x080a, 0x080a, 0x05bf, 0x05bf, 0x05bf, 0x05bf, 0x05bf, 0x05bf, 0x05bf, 0x05bf, 0x080a, 0x080a,
    0x080a, 0x080a, 0x6b36, 0x6b36, 0x6b36, 0x6b36, 0x6b36, 0x6b36, 0x6b36, 0x6b36, 0x6b36, 0x6b36, 0x6b36, 0x6b36, 0x6b36, 0x6b36,
    0x6b36, 0x2194, 0x2194, 0x2194, 0x2194, 0x2194, 0x2194, 0x2194, 0x2194, 0x2194, 0x2194, 0x2194, 0x2194, 0x2194, 0x2194, 0x2194,
    0x2194, 0x2194, 0x2194, 0x2194, 0x2194, 0x2194, 0x2194, 0x05bf, 0x05bf, 0x05bf, 0x05bf, 0x05bf, 0x05bf, 0x05bf, 0x05bf, 0x05bf,
    0x05bf, 0x05bf, 0x05bf, 0x05bf, 0x05bf, 0x05bf, 0x05bf, 0x05bf, 0x05bf, 0x05bf, 0x05bf, 0x05bf, 0x05bf, 0x05bf, 0x05bf, 0x05bf,
    0x05bf, 0x05bf, 0x05bf, 0x05bf, 0x05bf, 0x05bf, 0x05bf, 0x05bf, 0x05bf, 0x05bf, 0x05bf, 0x05bf, 0x05bf, 0x05bf, 0x05bf, 0x05bf,
    0x05bf, 0x05bf, 0x05bf, 0x05bf, 0x05bf, 0x05bf, 0x05bf, 0x05bf, 0x05bf, 0x05bf, 0x05bf, 0x05bf, 0x05bf, 0x05bf, 0x05bf, 0x05bf,
    0x05bf, 0x05bf, 0x05bf, 0x05bf, 0x05bf, 0x05bf, 0x05bf, 0x05bf, 0x05bf, 0x05bf, 0x05bf, 0x05bf, 0x05bf, 0x05bf, 0x05bf, 0x05bf,
    0x05bf, 0x05bf, 0x05bf, 0x05bf, 0x05bf, 0x05bf, 0x05bf, 0x05bf, 0x05bf, 0x05bf, 0x05bf, 0x05bf, 0x05bf, 0x05bf, 0x05bf, 0x05bf,
    0x05bf, 0x05bf, 0x05bf, 0x05bf, 0x05bf, 0x05bf, 0x05bf, 0x05bf, 0x05bf, 0x05bf, 0x05bf, 0x05bf, 0x05bf, 0x05bf, 0x05bf, 0x05bf,
    0xffff, 0xffff, 0xffff, 0xffff, 0xffff, 0xffff, 0xffff, 0xffff, 0xffff, 0xffff, 0xffff, 0xffff, 0xffff, 0xffff, 0xffff, 0xffff,
    0xffff, 0xffff, 0xffff, 0xffff, 0xffff, 0xffff, 0xffff, 0xffff, 0xffff, 0xffff, 0xffff, 0xffff, 0xffff, 0xffff, 0xffff, 0xffff,
    0xffff, 0xffff, 0xffff, 0xffff, 0xffff, 0xffff, 0xffff, 0xffff, 0xffff, 0xffff, 0xffff, 0xffff, 0xffff, 0xffff, 0xffff, 0xffff,
    0xffff, 0xffff, 0xffff, 0xffff, 0xffff, 0x0000, 0x0000, 0x0000, 0x0000, 0x0000, 0x0000, 0x0000, 0x0000, 0x0000, 0x0000, 0x0000,
    0x0000, 0x0000, 0x0000, 0x0000, 0x0000, 0x0000, 0x0000, 0x0000, 0x0000, 0x0000, 0x0000, 0x080a, 0x080a, 0x080a, 0x080a, 0x080a,
    0x080a, 0x080a, 0x080a, 0x080a, 0x080a, 0x080a, 0x05bf, 0x05bf, 0x05bf, 0x05bf, 0x05bf, 0x05bf, 0x05bf, 0x05bf, 0x080a, 0x080a,
    0x080a, 0x080a, 0x6b36, 0x6b36, 0x6b36, 0x6b36, 0x6b36, 0x6b36, 0x6b36, 0x6b36, 0x6b36, 0x6b36, 0x6b36, 0x6b36, 0x6b36, 0x6b36,
    0x6b36, 0x2194, 0x2194, 0x2194, 0x2194, 0x2194, 0x2194, 0x2194, 0x2194, 0x2194, 0x2194, 0x2194, 0x2194, 0x2194, 0x2194, 0x2194,
    0x2194, 0x2194, 0x2194, 0x2194, 0x2194, 0x2194, 0x2194, 0x05bf, 0x05bf, 0x05bf, 0x05bf, 0x05bf, 0x05bf, 0x05bf, 0x05bf, 0x05bf,
    0x05bf, 0x05bf, 0x05bf, 0x05bf, 0x05bf, 0x05bf, 0x05bf, 0x05bf, 0x05bf, 0x05bf, 0x05bf, 0x05bf, 0x05bf, 0x05bf, 0x05bf, 0x05bf,
    0x05bf, 0x05bf, 0x05bf, 0x05bf, 0x05bf, 0x05bf, 0x05bf, 0x05bf, 0x05bf, 0x05bf, 0x05bf, 0x05bf, 0x05bf, 0x05bf, 0x05bf, 0x05bf,
    0x05bf, 0x05bf, 0x05bf, 0x05bf, 0x05bf, 0x05bf, 0x05bf, 0x05bf, 0x05bf, 0x05bf, 0x05bf, 0x05bf, 0x05bf, 0x05bf, 0x05bf, 0x05bf,
    0x05bf, 0x05bf, 0x05bf, 0x05bf, 0x05bf, 0x05bf, 0x05bf, 0x05bf, 0x05bf, 0x05bf, 0x05bf, 0x05bf, 0x05bf, 0x05bf, 0x05bf, 0x05bf,
    0x05bf, 0x05bf, 0x05bf, 0x05bf, 0x05bf, 0x05bf, 0x05bf, 0x05bf, 0x05bf, 0x05bf, 0x05bf, 0x05bf, 0x05bf, 0x05bf, 0x05bf, 0x05bf,
    0x05bf, 0x05bf, 0x05bf, 0x05bf, 0x05bf, 0x05bf, 0x05bf, 0x05bf, 0x05bf, 0x05bf, 0x05bf, 0x05bf, 0x05bf, 0x05bf, 0x05bf, 0x05bf,
    0xffff, 0xffff, 0xffff, 0xffff, 0xffff, 0xffff, 0xffff, 0xffff, 0xffff, 0xffff, 0xffff, 0xffff, 0xffff, 0xffff, 0xffff, 0xffff,
    0xffff, 0xffff, 0xffff, 0xffff, 0xffff, 0xffff, 0xffff, 0xffff, 0xffff, 0xffff, 0xffff, 0xffff, 0xffff, 0xffff, 0xffff, 0xffff,
    0xffff, 0xffff, 0xffff, 0xffff, 0xffff, 0xffff, 0xffff, 0xffff, 0xffff, 0xffff, 0xffff, 0xffff, 0xffff, 0xffff, 0xffff, 0xffff,
    0xffff, 0xffff, 0xffff, 0xffff, 0xffff, 0x0000, 0x0000, 0x0000, 0x0000, 0x0000, 0x0000, 0x0000, 0x0000, 0x0000, 0x0000, 0x0000,
    0x0000, 0x0000, 0x0000, 0x0000, 0x0000, 0x0000, 0x0000, 0x0000, 0x0000, 0x0000, 0x0000, 0x080a, 0x080a, 0x080a, 0x080a, 0x080a,
    0x080a, 0x080a, 0x080a, 0x080a, 0x080a, 0x080a, 0x05bf, 0x05bf, 0x05bf, 0x05bf, 0x05bf, 0x05bf, 0x05bf, 0x05bf, 0x080a, 0x080a,
    0x080a, 0x080a, 0x6b36, 0x6b36, 0x6b36, 0x6b36, 0x6b36, 0x6b36, 0x6b36, 0x6b36, 0x6b36, 0x6b36, 0x6b36, 0x6b36, 0x6b36, 0x6b36,
    0x6b36, 0x2194, 0x2194, 0x2194, 0x2194, 0x2194, 0x2194, 0x2194, 0x2194, 0x2194, 0x2194, 0x2194, 0x2194, 0x2194, 0x2194, 0x2194,
    0x2194, 0x2194, 0x2194, 0x2194, 0x2194, 0x2194, 0x2194, 0x05bf, 0x05bf, 0x05bf, 0x05bf, 0x05bf, 0x05bf, 0x05bf, 0x05bf, 0x05bf,
    0x05bf, 0x05bf, 0x05bf, 0x05bf, 0x05bf, 0x05bf, 0x05bf, 0x05bf, 0x05bf, 0x05bf, 0x05bf, 0x05bf, 0x05bf, 0x05bf, 0x05bf, 0x05bf,
    0x05bf, 0x05bf, 0x05bf, 0x05bf, 0x05bf, 0x05bf, 0x05bf, 0x05bf, 0x05bf, 0x05bf, 0x05bf, 0x05bf, 0x05bf, 0x05bf, 0x05bf, 0x05bf,
    0x05bf, 0x05bf, 0x05bf, 0x05bf, 0x05bf, 0x05bf, 0x05bf, 0x05bf, 0x05bf, 0x05bf, 0x05bf, 0x05bf, 0x05bf, 0x05bf, 0x05bf, 0x05bf,
    0x05bf, 0x05bf, 0x05bf, 0x05bf, 0x05bf, 0x05bf, 0x05bf, 0x05bf, 0x05bf, 0x05bf, 0x05bf, 0x05bf, 0x05bf, 0x05bf, 0x05bf, 0x05bf,
    0x05bf, 0x05bf, 0x05bf, 0x05bf, 0x05bf, 0x05bf, 0x05bf, 0x05bf, 0x05bf, 0x05bf, 0x05bf, 0x05bf, 0x05bf, 0x05bf, 0x05bf, 0x05bf,
    0x05bf, 0x05bf, 0x05bf, 0x05bf, 0x05bf, 0x05bf, 0x05bf, 0x05bf, 0x05bf, 0x05bf, 0x05bf, 0x05bf, 0x05bf, 0x05bf, 0x05bf, 0x05bf,
    0xffff, 0xffff, 0xffff, 0xffff, 0xffff, 0xffff, 0xffff, 0xffff, 0xffff, 0xffff, 0xffff, 0xffff, 0xffff, 0xffff, 0xffff, 0xffff,
    0xffff, 0xffff, 0xffff, 0xffff, 0xffff, 0xffff, 0xffff, 0xffff, 0xffff, 0xffff, 0xffff, 0xffff, 0xffff, 0xffff, 0xffff, 0xffff,
    0xffff, 0xffff, 0xffff, 0xffff, 0xffff, 0xffff, 0xffff, 0xffff, 0xffff, 0xffff, 0xffff, 0xffff, 0xffff, 0xffff, 0xffff, 0xffff,
    0xffff, 0xffff, 0xffff, 0xffff, 0xffff, 0x0000, 0x0000, 0x0000, 0x0000, 0x0000, 0x0000, 0x0000, 0x0000, 0x0000, 0x0000, 0x0000,
    0x0000, 0x0000, 0x0000, 0x0000, 0x0000, 0x0000, 0x0000, 0x0000, 0x0000, 0x0000, 0x0000, 0x080a, 0x080a, 0x080a, 0x080a, 0x080a,
    0x080a, 0x080a, 0x080a, 0x080a, 0x080a, 0x080a, 0x05bf, 0x05bf, 0x05bf, 0x05bf, 0x05bf, 0x05bf, 0x05bf, 0x05bf, 0x080a, 0x080a,
    0x080a, 0x080a, 0x6b36, 0x6b36, 0x6b36, 0x6b36, 0x6b36, 0x6b36, 0x6b36, 0x6b36, 0x6b36, 0x6b36, 0x6b36, 0x6b36, 0x6b36, 0x6b36,
    0x6b36, 0x2194, 0x2194, 0x2194, 0x2194, 0x2194, 0x2194, 0x2194, 0x2194, 0x2194, 0x2194, 0x2194, 0x2194, 0x2194, 0x2194, 0x2194,
    0x2194, 0x2194, 0x2194, 0x2194, 0x2194, 0x2194, 0x2194, 0x05bf, 0x05bf, 0x05bf, 0x05bf, 0x05bf, 0x05bf, 0x05bf, 0x05bf, 0x05bf,
    0x05bf, 0x05bf, 0x05bf, 0x05bf, 0x05bf, 0x05bf, 0x05bf, 0x05bf, 0x05bf, 0x05bf, 0x05bf, 0x05bf, 0x05bf, 0x05bf, 0x05bf, 0x05bf,
    0x05bf, 0x05bf, 0x05bf, 0x05bf, 0x05bf, 0x05bf, 0x05bf, 0x05bf, 0x05bf, 0x05bf, 0x05bf, 0x05bf, 0x05bf, 0x05bf, 0x05bf, 0x05bf,
    0x05bf, 0x05bf, 0x05bf, 0x05bf, 0x05bf, 0x05bf, 0x05bf, 0x05bf, 0x05bf, 0x05bf, 0x05bf, 0x05bf, 0x05bf, 0x05bf, 0x05bf, 0x05bf,
    0x05bf, 0x05bf, 0x05bf, 0x05bf, 0x05bf, 0x05bf, 0x05bf, 0x05bf, 0x05bf, 0x05bf, 0x05bf, 0x05bf, 0x05bf, 0x05bf, 0x05bf, 0x05bf,
    0x05bf, 0x05bf, 0x05bf, 0x05bf, 0x05bf, 0x05bf, 0x05bf, 0x05bf, 0x05bf, 0x05bf, 0x05bf, 0x05bf, 0x05bf, 0x05bf, 0x05bf, 0x05bf,
    0x05bf, 0x05bf, 0x05bf, 0x05bf, 0x05bf, 0x05bf, 0x05bf, 0x05bf, 0x05bf, 0x05bf, 0x05bf, 0x05bf, 0x05bf, 0x05bf, 0x05bf, 0x05bf,
    0xffff, 0xffff, 0xffff, 0xffff, 0xffff, 0xffff, 0xffff, 0xffff, 0xffff, 0xffff, 0xffff, 0xffff, 0xffff, 0xffff, 0xffff, 0xffff,
    0xffff, 0xffff, 0xffff, 0xffff, 0xffff, 0xffff, 0xffff, 0xffff, 0xffff, 0xffff, 0xffff, 0xffff, 0xffff, 0xffff, 0xffff, 0xffff,
    0xffff, 0xffff, 0xffff, 0xffff, 0xffff, 0xffff, 0xffff, 0xffff, 0xffff, 0xffff, 0xffff, 0xffff, 0xffff, 0x0000, 0x0000, 0x0000,
    0x0000, 0x0000, 0x0000, 0x0000, 0x0000, 0x0000, 0x0000, 0x0000, 0x0000, 0x0000, 0x0000, 0x0000, 0x080a, 0x080a, 0x080a, 0x080a,
    0x080a, 0x080a, 0x080a, 0x080a, 0x080a, 0x080a, 0x080a, 0x080a, 0x080a, 0x080a, 0x080a, 0x080a, 0x080a, 0x080a, 0x080a, 0x080a,
    0x080a, 0x080a, 0x080a, 0x05bf, 0x05bf, 0x05bf, 0x05bf, 0x05bf, 0x05bf, 0x05bf, 0x6b36, 0x6b36, 0x6b36, 0x6b36, 0x6b36, 0x6b36,
    0x6b36, 0x6b36, 0x6b36, 0x6b36, 0x6b36, 0x6b36, 0x6b36, 0x6b36, 0x6b36, 0x2194, 0x2194, 0x2194, 0x2194, 0x2194, 0x2194, 0x2194,
    0x2194, 0x2194, 0x2194, 0x2194, 0x2194, 0x2194, 0x2194, 0x2194, 0x2194, 0x2194, 0x2194, 0x2194, 0x2194, 0x2194, 0x2194, 0x2194,
    0x05bf, 0x05bf, 0x05bf, 0x05bf, 0x05bf, 0x05bf, 0x05bf, 0x05bf, 0x05bf, 0x05bf, 0x05bf, 0x05bf, 0x05bf, 0x05bf, 0x05bf, 0x05bf,
    0x05bf, 0x05bf, 0x05bf, 0x05bf, 0x05bf, 0x05bf, 0x05bf, 0x05bf, 0x05bf, 0x05bf, 0x05bf, 0x05bf, 0x05bf, 0x05bf, 0x05bf, 0x05bf,
    0x05bf, 0x05bf, 0x05bf, 0x05bf, 0x05bf, 0x05bf, 0x05bf, 0x05bf, 0x05bf, 0x05bf, 0x05bf, 0x05bf, 0x05bf, 0x05bf, 0x05bf, 0x05bf,
    0x05bf, 0x05bf, 0x05bf, 0x05bf, 0x05bf, 0x05bf, 0x05bf, 0x05bf, 0x05bf, 0x05bf, 0x05bf, 0x05bf, 0x05bf, 0x05bf, 0x05bf, 0x05bf,
    0x05bf, 0x05bf, 0x05bf, 0x05bf, 0x05bf, 0x05bf, 0x05bf, 0x05bf, 0x05bf, 0x05bf, 0x05bf, 0x05bf, 0x05bf, 0x05bf, 0x05bf, 0x05bf,
    0x05bf, 0x05bf, 0x05bf, 0x05bf, 0x05bf, 0x05bf, 0x05bf, 0x05bf, 0x05bf, 0x05bf, 0x05bf, 0x05bf, 0x05bf, 0x05bf, 0x05bf, 0x05bf,
    0x05bf, 0x05bf, 0x05bf, 0x05bf, 0x05bf, 0x05bf, 0x05bf, 0x05bf, 0x05bf, 0x05bf, 0x05bf, 0x05bf, 0x05bf, 0x05bf, 0x05bf, 0x05bf,
    0xffff, 0xffff, 0xffff, 0xffff, 0xffff, 0xffff, 0xffff, 0xffff, 0xffff, 0xffff, 0xffff, 0xffff, 0xffff, 0xffff, 0xffff, 0xffff,
    0xffff, 0xffff, 0xffff, 0xffff, 0xffff, 0xffff, 0xffff, 0xffff, 0xffff, 0xffff, 0xffff, 0xffff, 0xffff, 0xffff, 0xffff, 0xffff,
    0xffff, 0xffff, 0xffff, 0xffff, 0xffff, 0xffff, 0xffff, 0xffff, 0xffff, 0xffff, 0xffff, 0xffff, 0xffff, 0x0000, 0x0000, 0x0000,
    0x0000, 0x0000, 0x0000, 0x0000, 0x0000, 0x0000, 0x0000, 0x0000, 0x0000, 0x0000, 0x0000, 0x0000, 0x080a, 0x080a, 0x080a, 0x080a,
    0x080a, 0x080a, 0x080a, 0x080a, 0x080a, 0x080a, 0x080a, 0x080a, 0x080a, 0x080a, 0x080a, 0x080a, 0x080a, 0x080a, 0x080a, 0x080a,
    0x080a, 0x080a, 0x080a, 0x05bf, 0x05bf, 0x05bf, 0x05bf, 0x05bf, 0x05bf, 0x05bf, 0x6b36, 0x6b36, 0x6b36, 0x6b36, 0x6b36, 0x6b36,
    0x6b36, 0x6b36, 0x6b36, 0x6b36, 0x6b36, 0x6b36, 0x6b36, 0x6b36, 0x6b36, 0x2194, 0x2194, 0x2194, 0x2194, 0x2194, 0x2194, 0x2194,
    0x2194, 0x2194, 0x2194, 0x2194, 0x2194, 0x2194, 0x2194, 0x2194, 0x2194, 0x2194, 0x2194, 0x2194, 0x2194, 0x2194, 0x2194, 0x2194,
    0x05bf, 0x05bf, 0x05bf, 0x05bf, 0x05bf, 0x05bf, 0x05bf, 0x05bf, 0x05bf, 0x05bf, 0x05bf, 0x05bf, 0x05bf, 0x05bf, 0x05bf, 0x05bf,
    0x05bf, 0x05bf, 0x05bf, 0x05bf, 0x05bf, 0x05bf, 0x05bf, 0x05bf, 0x05bf, 0x05bf, 0x05bf, 0x05bf, 0x05bf, 0x05bf, 0x05bf, 0x05bf,
    0x05bf, 0x05bf, 0x05bf, 0x05bf, 0x05bf, 0x05bf, 0x05bf, 0x05bf, 0x05bf, 0x05bf, 0x05bf, 0x05bf, 0x05bf, 0x05bf, 0x05bf, 0x05bf,
    0x05bf, 0x05bf, 0x05bf, 0x05bf, 0x05bf, 0x05bf, 0x05bf, 0x05bf, 0x05bf, 0x05bf, 0x05bf, 0x05bf, 0x05bf, 0x05bf, 0x05bf, 0x05bf,
    0x05bf, 0x05bf, 0x05bf, 0x05bf, 0x05bf, 0x05bf, 0x05bf, 0x05bf, 0x05bf, 0x05bf, 0x05bf, 0x05bf, 0x05bf, 0x05bf, 0x05bf, 0x05bf,
    0x05bf, 0x05bf, 0x05bf, 0x05bf, 0x05bf, 0x05bf, 0x05bf, 0x05bf, 0x05bf, 0x05bf, 0x05bf, 0x05bf, 0x05bf, 0x05bf, 0x05bf, 0x05bf,
    0x05bf, 0x05bf, 0x05bf, 0x05bf, 0x05bf, 0x05bf, 0x05bf, 0x05bf, 0x05bf, 0x05bf, 0x05bf, 0x05bf, 0x05bf, 0x05bf, 0x05bf, 0x05bf,
    0xffff, 0xffff, 0xffff, 0xffff, 0xffff, 0xffff, 0xffff, 0xffff, 0xffff, 0xffff, 0xffff, 0xffff, 0xffff, 0xffff, 0xffff, 0xffff,
    0xffff, 0xffff, 0xffff, 0xffff, 0xffff, 0xffff, 0xffff, 0xffff, 0xffff, 0xffff, 0xffff, 0xffff, 0xffff, 0xffff, 0xffff, 0xffff,
    0xffff, 0xffff, 0xffff, 0xffff, 0xffff, 0xffff, 0xffff, 0xffff, 0xffff, 0xffff, 0xffff, 0xffff, 0xffff, 0x0000, 0x0000, 0x0000,
    0x0000, 0x0000, 0x0000, 0x0000, 0x0000, 0x0000, 0x0000, 0x0000, 0x0000, 0x0000, 0x0000, 0x0000, 0x080a, 0x080a, 0x080a, 0x080a,
    0x080a, 0x080a, 0x080a, 0x080a, 0x080a, 0x080a, 0x080a, 0x080a, 0x080a, 0x080a, 0x080a, 0x080a, 0x080a, 0x080a, 0x080a, 0x080a,
    0x080a, 0x080a, 0x080a, 0x05bf, 0x05bf, 0x05bf, 0x05bf, 0x05bf, 0x05bf, 0x05bf, 0x6b36, 0x6b36, 0x6b36, 0x6b36, 0x6b36, 0x6b36,
    0x6b36, 0x6b36, 0x6b36, 0x6b36, 0x6b36, 0x6b36, 0x6b36, 0x6b36, 0x6b36, 0x2194, 0x2194, 0x2194, 0x2194, 0x2194, 0x2194, 0x2194,
    0x2194, 0x2194, 0x2194, 0x2194, 0x2194, 0x2194, 0x2194, 0x2194, 0x2194, 0x2194, 0x2194, 0x2194, 0x2194, 0x2194, 0x2194, 0x2194,
    0x05bf, 0x05bf, 0x05bf, 0x05bf, 0x05bf, 0x05bf, 0x05bf, 0x05bf, 0x05bf, 0x05bf, 0x05bf, 0x05bf, 0x05bf, 0x05bf, 0x05bf, 0x05bf,
    0x05bf, 0x05bf, 0x05bf, 0x05bf, 0x05bf, 0x05bf, 0x05bf, 0x05bf, 0x05bf, 0x05bf, 0x05bf, 0x05bf, 0x05bf, 0x05bf, 0x05bf, 0x05bf,
    0x05bf, 0x05bf, 0x05bf, 0x05bf, 0x05bf, 0x05bf, 0x05bf, 0x05bf, 0x05bf, 0x05bf, 0x05bf, 0x05bf, 0x05bf, 0x05bf, 0x05bf, 0x05bf,
    0x05bf, 0x05bf, 0x05bf, 0x05bf, 0x05bf, 0x05bf, 0x05bf, 0x05bf, 0x05bf, 0x05bf, 0x05bf, 0x05bf, 0x05bf, 0x05bf, 0x05bf, 0x05bf,
    0x05bf, 0x05bf, 0x05bf, 0x05bf, 0x05bf, 0x05bf, 0x05bf, 0x05bf, 0x05bf, 0x05bf, 0x05bf, 0x05bf, 0x05bf, 0x05bf, 0x05bf, 0x05bf,
    0x05bf, 0x05bf, 0x05bf, 0x05bf, 0x05bf, 0x05bf, 0x05bf, 0x05bf, 0x05bf, 0x05bf, 0x05bf, 0x05bf, 0x05bf, 0x05bf, 0x05bf, 0x05bf,
    0x05bf, 0x05bf, 0x05bf, 0x05bf, 0x05bf, 0x05bf, 0x05bf, 0x05bf, 0x05bf, 0x05bf, 0x05bf, 0x05bf, 0x05bf, 0x05bf, 0x05bf, 0x05bf,
    0xffff, 0xffff, 0xffff, 0xffff, 0xffff, 0xffff, 0xffff, 0xffff, 0xffff, 0xffff, 0xffff, 0xffff, 0xffff, 0xffff, 0xffff, 0xffff,
    0xffff, 0xffff, 0xffff, 0xffff, 0xffff, 0xffff, 0xffff, 0xffff, 0xffff, 0xffff, 0xffff, 0xffff, 0xffff, 0xffff, 0xffff, 0xffff,
    0xffff, 0xffff, 0xffff, 0xffff, 0xffff, 0xffff, 0xffff, 0xffff, 0xffff, 0xffff, 0xffff, 0xffff, 0xffff, 0x0000, 0x0000, 0x0000,
    0x0000, 0x0000, 0x0000, 0x0000, 0x0000, 0x0000, 0x0000, 0x0000, 0x0000, 0x0000, 0x0000, 0x0000, 0x080a, 0x080a, 0x080a, 0x080a,
    0x080a, 0x080a, 0x080a, 0x080a, 0x080a, 0x080a, 0x080a, 0x080a, 0x080a, 0x080a, 0x080a, 0x05bf, 0x05bf, 0x05bf, 0x05bf, 0x05bf,
    0x05bf, 0x05bf, 0x05bf, 0x6b36, 0x6b36, 0x6b36, 0x6b36, 0x6b36, 0x6b36, 0x6b36, 0x6b36, 0x6b36, 0x6b36, 0x6b36, 0x6b36, 0x6b36,
    0x6b36, 0x6b36, 0x6b36, 0x6b36, 0x6b36, 0x6b36, 0x6b36, 0x6b36, 0x6b36, 0x2194, 0x2194, 0x2194, 0x2194, 0x2194, 0x2194, 0x2194,
    0x2194, 0x2194, 0x2194, 0x2194, 0x2194, 0x2194, 0x2194, 0x2194, 0x2194, 0x2194, 0x2194, 0x2194, 0x2194, 0x2194, 0x2194, 0x2194,
    0x05bf, 0x05bf, 0x05bf, 0x05bf, 0x05bf, 0x05bf, 0x05bf, 0x05bf, 0x05bf, 0x05bf, 0x05bf, 0x05bf, 0x05bf, 0x05bf, 0x05bf, 0x05bf,
    0x05bf, 0x05bf, 0x05bf, 0x05bf, 0x05bf, 0x05bf, 0x05bf, 0x05bf, 0x05bf, 0x05bf, 0x05bf, 0x05bf, 0x05bf, 0x05bf, 0x05bf, 0x05bf,
    0x05bf, 0x05bf, 0x05bf, 0x05bf, 0x05bf, 0x05bf, 0x05bf, 0x05bf, 0x05bf, 0x05bf, 0x05bf, 0x05bf, 0x05bf, 0x05bf, 0x05bf, 0x05bf,
    0x05bf, 0x05bf, 0x05bf, 0x05bf, 0x05bf, 0x05bf, 0x05bf, 0x05bf, 0x05bf, 0x05bf, 0x05bf, 0x05bf, 0x05bf, 0x05bf, 0x05bf, 0x05bf,
    0x05bf, 0x05bf, 0x05bf, 0x05bf, 0x05bf, 0x05bf, 0x05bf, 0x05bf, 0x05bf, 0x05bf, 0x05bf, 0x05bf, 0x05bf, 0x05bf, 0x05bf, 0x05bf,
    0x05bf, 0x05bf, 0x05bf, 0x05bf, 0x05bf, 0x05bf, 0x05bf, 0x05bf, 0x05bf, 0x05bf, 0x05bf, 0x05bf, 0x05bf, 0x05bf, 0x05bf, 0x05bf,
    0x05bf, 0x05bf, 0x05bf, 0x05bf, 0x05bf, 0x05bf, 0x05bf, 0x05bf, 0x05bf, 0x05bf, 0x05bf, 0x05bf, 0x05bf, 0x05bf, 0x05bf, 0x05bf,
    0xffff, 0xffff, 0xffff, 0xffff, 0xffff, 0xffff, 0xffff, 0xffff, 0xffff, 0xffff, 0xffff, 0xffff, 0xffff, 0xffff, 0xffff, 0xffff,
    0xffff, 0xffff, 0xffff, 0xffff, 0xffff, 0xffff, 0xffff, 0xffff, 0xffff, 0xffff, 0xffff, 0xffff, 0xffff, 0xffff, 0xffff, 0xffff,
    0xffff, 0xffff, 0xffff, 0xffff, 0xffff, 0xffff, 0xffff, 0xffff, 0xffff, 0xffff, 0xffff, 0xffff, 0xffff, 0x0000, 0x0000, 0x0000,
    0x0000, 0x0000, 0x0000, 0x0000, 0x0000, 0x0000, 0x0000, 0x0000, 0x0000, 0x0000, 0x0000, 0x0000, 0x080a, 0x080a, 0x080a, 0x080a,
    0x080a, 0x080a, 0x080a, 0x080a, 0x080a, 0x080a, 0x080a, 0x080a, 0x080a, 0x080a, 0x080a, 0x05bf, 0x05bf, 0x05bf, 0x05bf, 0x05bf,
    0x05bf, 0x05bf, 0x05bf, 0x6b36, 0x6b36, 0x6b36, 0x6b36, 0x6b36, 0x6b36, 0x6b36, 0x6b36, 0x6b36, 0x6b36, 0x6b36, 0x6b36, 0x6b36,
    0x6b36, 0x6b36, 0x6b36, 0x6b36, 0x6b36, 0x6b36, 0x6b36, 0x6b36, 0x6b36, 0x2194, 0x2194, 0x2194, 0x2194, 0x2194, 0x2194, 0x2194,
    0x2194, 0x2194, 0x2194, 0x2194, 0x2194, 0x2194, 0x2194, 0x2194, 0x2194, 0x2194, 0x2194, 0x2194, 0x2194, 0x2194, 0x2194, 0x2194,
    0x05bf, 0x05bf, 0x05bf, 0x05bf, 0x05bf, 0x05bf, 0x05bf, 0x05bf, 0x05bf, 0x05bf, 0x05bf, 0x05bf, 0x05bf, 0x05bf, 0x05bf, 0x05bf,
    0x05bf, 0x05bf, 0x05bf, 0x05bf, 0x05bf, 0x05bf, 0x05bf, 0x05bf, 0x05bf, 0x05bf, 0x05bf, 0x05bf, 0x05bf, 0x05bf, 0x05bf, 0x05bf,
    0x05bf, 0x05bf, 0x05bf, 0x05bf, 0x05bf, 0x05bf, 0x05bf, 0x05bf, 0x05bf, 0x05bf, 0x05bf, 0x05bf, 0x05bf, 0x05bf, 0x05bf, 0x05bf,
    0x05bf, 0x05bf, 0x05bf, 0x05bf, 0x05bf, 0x05bf, 0x05bf, 0x05bf, 0x05bf, 0x05bf, 0x05bf, 0x05bf, 0x05bf, 0x05bf, 0x05bf, 0x05bf,
    0x05bf, 0x05bf, 0x05bf, 0x05bf, 0x05bf, 0x05bf, 0x05bf, 0x05bf, 0x05bf, 0x05bf, 0x05bf, 0x05bf, 0x05bf, 0x05bf, 0x05bf, 0x05bf,
    0x05bf, 0x05bf, 0x05bf, 0x05bf, 0x05bf, 0x05bf, 0x05bf, 0x05bf, 0x05bf, 0x05bf, 0x05bf, 0x05bf, 0x05bf, 0x05bf, 0x05bf, 0x05bf,
    0x05bf, 0x05bf, 0x05bf, 0x05bf, 0x05bf, 0x05bf, 0x05bf, 0x05bf, 0x05bf, 0x05bf, 0x05bf, 0x05bf, 0x05bf, 0x05bf, 0x05bf, 0x05bf,
    0xffff, 0xffff, 0xffff, 0xffff, 0xffff, 0xffff, 0xffff, 0xffff, 0xffff, 0xffff, 0xffff, 0xffff, 0xffff, 0xffff, 0xffff, 0xffff,
    0xffff, 0xffff, 0xffff, 0xffff, 0xffff, 0xffff, 0xffff, 0xffff, 0xffff, 0xffff, 0xffff, 0xffff, 0xffff, 0xffff, 0xffff, 0xffff,
    0xffff, 0xffff, 0xffff, 0xffff, 0xffff, 0xffff, 0xffff, 0xffff, 0xffff, 0xffff, 0xffff, 0xffff, 0xffff, 0x0000, 0x0000, 0x0000,
    0x0000, 0x0000, 0x0000, 0x0000, 0x0000, 0x0000, 0x0000, 0x0000, 0x0000, 0x0000, 0x0000, 0x0000, 0x080a, 0x080a, 0x080a, 0x080a,
    0x080a, 0x080a, 0x080a, 0x080a, 0x080a, 0x080a, 0x080a, 0x080a, 0x080a, 0x080a, 0x080a, 0x05bf, 0x05bf, 0x05bf, 0x05bf, 0x05bf,
    0x05bf, 0x05bf, 0x05bf, 0x6b36, 0x6b36, 0x6b36, 0x6b36, 0x6b36, 0x6b36, 0x6b36, 0x6b36, 0x6b36, 0x6b36, 0x6b36, 0x6b36, 0x6b36,
    0x6b36, 0x6b36, 0x6b36, 0x6b36, 0x6b36, 0x6b36, 0x6b36, 0x6b36, 0x6b36, 0x2194, 0x2194, 0x2194, 0x2194, 0x2194, 0x2194, 0x2194,
    0x2194, 0x2194, 0x2194, 0x2194, 0x2194, 0x2194, 0x2194, 0x2194, 0x2194, 0x2194, 0x2194, 0x2194, 0x2194, 0x2194, 0x2194, 0x2194,
    0x05bf, 0x05bf, 0x05bf, 0x05bf, 0x05bf, 0x05bf, 0x05bf, 0x05bf, 0x05bf, 0x05bf, 0x05bf, 0x05bf, 0x05bf, 0x05bf, 0x05bf, 0x05bf,
    0x05bf, 0x05bf, 0x05bf, 0x05bf, 0x05bf, 0x05bf, 0x05bf, 0x05bf, 0x05bf, 0x05bf, 0x05bf, 0x05bf, 0x05bf, 0x05bf, 0x05bf, 0x05bf,
    0x05bf, 0x05bf, 0x05bf, 0x05bf, 0x05bf, 0x05bf, 0x05bf, 0x05bf, 0x05bf, 0x05bf, 0x05bf, 0x05bf, 0x05bf, 0x05bf, 0x05bf, 0x05bf,
    0x05bf, 0x05bf, 0x05bf, 0x05bf, 0x05bf, 0x05bf, 0x05bf, 0x05bf, 0x05bf, 0x05bf, 0x05bf, 0x05bf, 0x05bf, 0x05bf, 0x05bf, 0x05bf,
    0x05bf, 0x05bf, 0x05bf, 0x05bf, 0x05bf, 0x05bf, 0x05bf, 0x05bf, 0x05bf, 0x05bf, 0x05bf, 0x05bf, 0x05bf, 0x05bf, 0x05bf, 0x05bf,
    0x05bf, 0x05bf, 0x05bf, 0x05bf, 0x05bf, 0x05bf, 0x05bf, 0x05bf, 0x05bf, 0x05bf, 0x05bf, 0x05bf, 0x05bf, 0x05bf, 0x05bf, 0x05bf,
    0x05bf, 0x05bf, 0x05bf, 0x05bf, 0x05bf, 0x05bf, 0x05bf, 0x05bf, 0x05bf, 0x05bf, 0x05bf, 0x05bf, 0x05bf, 0x05bf, 0x05bf, 0x05bf,
    0xffff, 0xffff, 0xffff, 0xffff, 0xffff, 0xffff, 0xffff, 0xffff, 0xffff, 0xffff, 0xffff, 0xffff, 0xffff, 0xffff, 0xffff, 0xffff,
    0xffff, 0xffff, 0xffff, 0xffff, 0xffff, 0xffff, 0xffff, 0xffff, 0xffff, 0xffff, 0xffff, 0xffff, 0xffff, 0xffff, 0xffff, 0xffff,
    0xffff, 0xffff, 0xffff, 0xffff, 0xffff, 0xffff, 0xffff, 0xffff, 0xffff, 0xffff, 0xffff, 0xffff, 0xffff, 0x0000, 0x0000, 0x0000,
    0x0000, 0x0000, 0x0000, 0x0000, 0x0000, 0x0000, 0x0000, 0x0000, 0x0000, 0x0000, 0x0000, 0x0000, 0x080a, 0x080a, 0x080a, 0x080a,
    0x080a, 0x080a, 0x080a, 0x080a, 0x080a, 0x080a, 0x080a, 0x080a, 0x080a, 0x080a, 0x080a, 0x05bf, 0x05bf, 0x05bf, 0x05bf, 0x05bf,
    0x05bf, 0x05bf, 0x05bf, 0x6b36, 0x6b36, 0x6b36, 0x6b36, 0x6b36, 0x6b36, 0x6b36, 0x6b36, 0x6b36, 0x6b36, 0x6b36, 0x6b36, 0x6b36,
    0x6b36, 0x6b36, 0x6b36, 0x6b36, 0x6b36, 0x6b36, 0x6b36, 0x6b36, 0x6b36, 0x2194, 0x2194, 0x2194, 0x2194, 0x2194, 0x2194, 0x2194,
    0x2194, 0x2194, 0x2194, 0x2194, 0x2194, 0x2194, 0x2194, 0x2194, 0x2194, 0x2194, 0x2194, 0x2194, 0x2194, 0x2194, 0x2194, 0x2194,
    0x05bf, 0x05bf, 0x05bf, 0x05bf, 0x05bf, 0x05bf, 0x05bf, 0x05bf, 0x05bf, 0x05bf, 0x05bf, 0x05bf, 0x05bf, 0x05bf, 0x05bf, 0x05bf,
    0x05bf, 0x05bf, 0x05bf, 0x05bf, 0x05bf, 0x05bf, 0x05bf, 0x05bf, 0x05bf, 0x05bf, 0x05bf, 0x05bf, 0x05bf, 0x05bf, 0x05bf, 0x05bf,
    0x05bf, 0x05bf, 0x05bf, 0x05bf, 0x05bf, 0x05bf, 0x05bf, 0x05bf, 0x05bf, 0x05bf, 0x05bf, 0x05bf, 0x05bf, 0x05bf, 0x05bf, 0x05bf,
    0x05bf, 0x05bf, 0x05bf, 0x05bf, 0x05bf, 0x05bf, 0x05bf, 0x05bf, 0x05bf, 0x05bf, 0x05bf, 0x05bf, 0x05bf, 0x05bf, 0x05bf, 0x05bf,
    0x05bf, 0x05bf, 0x05bf, 0x05bf, 0x05bf, 0x05bf, 0x05bf, 0x05bf, 0x05bf, 0x05bf, 0x05bf, 0x05bf, 0x05bf, 0x05bf, 0x05bf, 0x05bf,
    0x05bf, 0x05bf, 0x05bf, 0x05bf, 0x05bf, 0x05bf, 0x05bf, 0x05bf, 0x05bf, 0x05bf, 0x05bf, 0x05bf, 0x05bf, 0x05bf, 0x05bf, 0x05bf,
    0x05bf, 0x05bf, 0x05bf, 0x05bf, 0x05bf, 0x05bf, 0x05bf, 0x05bf, 0x05bf, 0x05bf, 0x05bf, 0x05bf, 0x05bf, 0x05bf, 0x05bf, 0x05bf,
    0xffff, 0xffff, 0xffff, 0xffff, 0xffff, 0xffff, 0xffff, 0xffff, 0xffff, 0xffff, 0xffff, 0xffff, 0xffff, 0xffff, 0xffff, 0xffff,
    0xffff, 0xffff, 0xffff, 0xffff, 0xffff, 0xffff, 0xffff, 0xffff, 0xffff, 0xffff, 0xffff, 0xffff, 0xffff, 0xffff, 0xffff, 0xffff,
    0xffff, 0xffff, 0xffff, 0xffff, 0xffff, 0xffff, 0x0000, 0x0000, 0x0000, 0x0000, 0x0000, 0x0000, 0x0000, 0x0000, 0x0000, 0x0000,
    0x0000, 0x0000, 0x0000, 0x0000, 0x0000, 0x080a, 0x080a, 0x080a, 0x080a, 0x080a, 0x080a, 0x080a, 0x080a, 0x080a, 0x080a, 0x080a,
    0x080a, 0x080a, 0x080a, 0x080a, 0x080a, 0x080a, 0x080a, 0x05bf, 0x05bf, 0x05bf, 0x05bf, 0x05bf, 0x05bf, 0x05bf, 0x05bf, 0x6b36,
    0x6b36, 0x6b36, 0x6b36, 0x6b36, 0x6b36, 0x6b36, 0x6b36, 0x6b36, 0x6b36, 0x6b36, 0x2194, 0x2194, 0x2194, 0x2194, 0x2194, 0x2194,
    0x2194, 0x2194, 0x2194, 0x2194, 0x2194, 0x2194, 0x2194, 0x2194, 0x2194, 0x2194, 0x2194, 0x2194, 0x2194, 0x2194, 0x2194, 0x2194,
    0x2194, 0x05bf, 0x05bf, 0x05bf, 0x05bf, 0x05bf, 0x05bf, 0x05bf, 0x05bf, 0x05bf, 0x05bf, 0x05bf, 0x05bf, 0x05bf, 0x05bf, 0x05bf,
    0x05bf, 0x05bf, 0x05bf, 0x05bf, 0x05bf, 0x05bf, 0x05bf, 0x05bf, 0x05bf, 0x05bf, 0x05bf, 0x05bf, 0x05bf, 0x05bf, 0x05bf, 0x05bf,
    0x05bf, 0x05bf, 0x05bf, 0x05bf, 0x05bf, 0x05bf, 0xf1c7, 0xf1c7, 0xf1c7, 0xf1c7, 0xf1c7, 0xf1c7, 0xf1c7, 0xf1c7, 0xf1c7, 0xf1c7,
    0xf1c7, 0xf1c7, 0xf1c7, 0xf1c7, 0xf1c7, 0x05bf, 0x05bf, 0x05bf, 0x05bf, 0x05bf, 0x05bf, 0x05bf, 0x05bf, 0xf1c7, 0xf1c7, 0xf1c7,
    0xf1c7, 0xf1c7, 0xf1c7, 0xf1c7, 0xf1c7, 0xf1c7, 0xf1c7, 0xf1c7, 0xf1c7, 0xf1c7, 0xf1c7, 0xf1c7, 0x05bf, 0x05bf, 0x05bf, 0x05bf,
    0x05bf, 0x05bf, 0x05bf, 0xf1c7, 0xf1c7, 0xf1c7, 0xf1c7, 0xf1c7, 0xf1c7, 0xf1c7, 0xf1c7, 0xf1c7, 0xf1c7, 0xf1c7, 0xf1c7, 0xf1c7,
    0xf1c7, 0xf1c7, 0x05bf, 0x05bf, 0x05bf, 0x05bf, 0x05bf, 0x05bf, 0x05bf, 0x05bf, 0xf1c7, 0xf1c7, 0xf1c7, 0xf1c7, 0xf1c7, 0xf1c7,
    0xf1c7, 0xf1c7, 0xf1c7, 0xf1c7, 0xf1c7, 0xf1c7, 0xf1c7, 0xf1c7, 0xf1c7, 0x05bf, 0x05bf, 0x05bf, 0x05bf, 0x05bf, 0x05bf, 0x05bf,
    0xffff, 0xffff, 0xffff, 0xffff, 0xffff, 0xffff, 0xffff, 0xffff, 0xffff, 0xffff, 0xffff, 0xffff, 0xffff, 0xffff, 0xffff, 0xffff,
    0xffff, 0xffff, 0xffff, 0xffff, 0xffff, 0xffff, 0xffff, 0xffff, 0xffff, 0xffff, 0xffff, 0xffff, 0xffff, 0xffff, 0xffff, 0xffff,
    0xffff, 0xffff, 0xffff, 0xffff, 0xffff, 0xffff, 0x0000, 0x0000, 0x0000, 0x0000, 0x0000, 0x0000, 0x0000, 0x0000, 0x0000, 0x0000,
    0x0000, 0x0000, 0x0000, 0x0000, 0x0000, 0x080a, 0x080a, 0x080a, 0x080a, 0x080a, 0x080a, 0x080a, 0x080a, 0x080a, 0x080a, 0x080a,
    0x080a, 0x080a, 0x080a, 0x080a, 0x080a, 0x080a, 0x080a, 0x05bf, 0x05bf, 0x05bf, 0x05bf, 0x05bf, 0x05bf, 0x05bf, 0x05bf, 0x6b36,
    0x6b36, 0x6b36, 0x6b36, 0x6b36, 0x6b36, 0x6b36, 0x6b36, 0x6b36, 0x6b36, 0x6b36, 0x2194, 0x2194, 0x2194, 0x2194, 0x2194, 0x2194,
    0x2194, 0x2194, 0x2194, 0x2194, 0x2194, 0x2194, 0x2194, 0x2194, 0x2194, 0x2194, 0x2194, 0x2194, 0x2194, 0x2194, 0x2194, 0x2194,
    0x2194, 0x05bf, 0x05bf, 0x05bf, 0x05bf, 0x05bf, 0x05bf, 0x05bf, 0x05bf, 0x05bf, 0x05bf, 0x05bf, 0x05bf, 0x05bf, 0x05bf, 0x05bf,
    0x05bf, 0x05bf, 0x05bf, 0x05bf, 0x05bf, 0x05bf, 0x05bf, 0x05bf, 0x05bf, 0x05bf, 0x05bf, 0x05bf, 0x05bf, 0x05bf, 0x05bf, 0x05bf,
    0x05bf, 0x05bf, 0x05bf, 0x05bf, 0x05bf, 0x05bf, 0xf1c7, 0xf1c7, 0xf1c7, 0xf1c7, 0xf1c7, 0xf1c7, 0xf1c7, 0xf1c7, 0xf1c7, 0xf1c7,
    0xf1c7, 0xf1c7, 0xf1c7, 0xf1c7, 0xf1c7, 0x05bf, 0x05bf, 0x05bf, 0x05bf, 0x05bf, 0x05bf, 0x05bf, 0x05bf, 0xf1c7, 0xf1c7, 0xf1c7,
    0xf1c7, 0xf1c7, 0xf1c7, 0xf1c7, 0xf1c7, 0xf1c7, 0xf1c7, 0xf1c7, 0xf1c7, 0xf1c7, 0xf1c7, 0xf1c7, 0x05bf, 0x05bf, 0x05bf, 0x05bf,
    0x05bf, 0x05bf, 0x05bf, 0xf1c7, 0xf1c7, 0xf1c7, 0xf1c7, 0xf1c7, 0xf1c7, 0xf1c7, 0xf1c7, 0xf1c7, 0xf1c7, 0xf1c7, 0xf1c7, 0xf1c7,
    0xf1c7, 0xf1c7, 0x05bf, 0x05bf, 0x05bf, 0x05bf, 0x05bf, 0x05bf, 0x05bf, 0x05bf, 0xf1c7, 0xf1c7, 0xf1c7, 0xf1c7, 0xf1c7, 0xf1c7,
    0xf1c7, 0xf1c7, 0xf1c7, 0xf1c7, 0xf1c7, 0xf1c7, 0xf1c7, 0xf1c7, 0xf1c7, 0x05bf, 0x05bf, 0x05bf, 0x05bf, 0x05bf, 0x05bf, 0x05bf,
    0xffff, 0xffff, 0xffff, 0xffff, 0xffff, 0xffff, 0xffff, 0xffff, 0xffff, 0xffff, 0xffff, 0xffff, 0xffff, 0xffff, 0xffff, 0xffff,
    0xffff, 0xffff, 0xffff, 0xffff, 0xffff, 0xffff, 0xffff, 0xffff, 0xffff, 0xffff, 0xffff, 0xffff, 0xffff, 0xffff, 0xffff, 0xffff,
    0xffff, 0xffff, 0xffff, 0xffff, 0xffff, 0xffff, 0x0000, 0x0000, 0x0000, 0x0000, 0x0000, 0x0000, 0x0000, 0x0000, 0x0000, 0x0000,
    0x0000, 0x0000, 0x0000, 0x0000, 0x0000, 0x080a, 0x080a, 0x080a, 0x080a, 0x080a, 0x080a, 0x080a, 0x080a, 0x080a, 0x080a, 0x080a,
    0x080a, 0x080a, 0x080a, 0x080a, 0x080a, 0x080a, 0x080a, 0x05bf, 0x05bf, 0x05bf, 0x05bf, 0x05bf, 0x05bf, 0x05bf, 0x05bf, 0x6b36,
    0x6b36, 0x6b36, 0x6b36, 0x6b36, 0x6b36, 0x6b36, 0x6b36, 0x6b36, 0x6b36, 0x6b36, 0x2194, 0x2194, 0x2194, 0x2194, 0x2194, 0x2194,
    0x2194, 0x2194, 0x2194, 0x2194, 0x2194, 0x2194, 0x2194, 0x2194, 0x2194, 0x2194, 0x2194, 0x2194, 0x2194, 0x2194, 0x2194, 0x2194,
    0x2194, 0x05bf, 0x05bf, 0x05bf, 0x05bf, 0x05bf, 0x05bf, 0x05bf, 0x05bf, 0x05bf, 0x05bf, 0x05bf, 0x05bf, 0x05bf, 0x05bf, 0x05bf,
    0x05bf, 0x05bf, 0x05bf, 0x05bf, 0x05bf, 0x05bf, 0x05bf, 0x05bf, 0x05bf, 0x05bf, 0x05bf, 0x05bf, 0x05bf, 0x05bf, 0x05bf, 0x05bf,
    0x05bf, 0x05bf, 0x05bf, 0x05bf, 0x05bf, 0x05bf, 0xf1c7, 0xf1c7, 0xf1c7, 0xf1c7, 0xf1c7, 0xf1c7, 0xf1c7, 0xf1c7, 0xf1c7, 0xf1c7,
    0xf1c7, 0xf1c7, 0xf1c7, 0xf1c7, 0xf1c7, 0x05bf, 0x05bf, 0x05bf, 0x05bf, 0x05bf, 0x05bf, 0x05bf, 0x05bf, 0xf1c7, 0xf1c7, 0xf1c7,
    0xf1c7, 0xf1c7, 0xf1c7, 0xf1c7, 0xf1c7, 0xf1c7, 0xf1c7, 0xf1c7, 0xf1c7, 0xf1c7, 0xf1c7, 0xf1c7, 0x05bf, 0x05bf, 0x05bf, 0x05bf,
    0x05bf, 0x05bf, 0x05bf, 0xf1c7, 0xf1c7, 0xf1c7, 0xf1c7, 0xf1c7, 0xf1c7, 0xf1c7, 0xf1c7, 0xf1c7, 0xf1c7, 0xf1c7, 0xf1c7, 0xf1c7,
    0xf1c7, 0xf1c7, 0x05bf, 0x05bf, 0x05bf, 0x05bf, 0x05bf, 0x05bf, 0x05bf, 0x05bf, 0xf1c7, 0xf1c7, 0xf1c7, 0xf1c7, 0xf1c7, 0xf1c7,
    0xf1c7, 0xf1c7, 0xf1c7, 0xf1c7, 0xf1c7, 0xf1c7, 0xf1c7, 0xf1c7, 0xf1c7, 0x05bf, 0x05bf, 0x05bf, 0x05bf, 0x05bf, 0x05bf, 0x05bf,
    0xffff, 0xffff, 0xffff, 0xffff, 0xffff, 0xffff, 0xffff, 0xffff, 0xffff, 0xffff, 0xffff, 0xffff, 0xffff, 0xffff, 0xffff, 0xffff,
    0xffff, 0xffff, 0xffff, 0xffff, 0xffff, 0xffff, 0xffff, 0xffff, 0xffff, 0xffff, 0xffff, 0xffff, 0xffff, 0xffff, 0xffff, 0xffff,
    0xffff, 0xffff, 0xffff, 0xffff, 0xffff, 0xffff, 0x0000, 0x0000, 0x0000, 0x0000, 0x0000, 0x0000, 0x0000, 0x0000, 0x0000, 0x0000,
    0x0000, 0x0000, 0x0000, 0x0000, 0x0000, 0x080a, 0x080a, 0x080a, 0x080a, 0x080a, 0x080a, 0x080a, 0x080a, 0x080a, 0x080a, 0x080a,
    0x080a, 0x080a, 0x080a, 0x080a, 0x080a, 0x080a, 0x080a, 0x05bf, 0x05bf, 0x05bf, 0x05bf, 0x05bf, 0x05bf, 0x05bf, 0x05bf, 0x6b36,
    0x6b36, 0x6b36, 0x6b36, 0x6b36, 0x6b36, 0x6b36, 0x6b36, 0x6b36, 0x6b36, 0x6b36, 0x2194, 0x2194, 0x2194, 0x2194, 0x2194, 0x2194,
    0x2194, 0x2194, 0x2194, 0x2194, 0x2194, 0x2194, 0x2194, 0x2194, 0x2194, 0x2194, 0x2194, 0x2194, 0x2194, 0x2194, 0x2194, 0x2194,
    0x2194, 0x05bf, 0x05bf, 0x05bf, 0x05bf, 0x05bf, 0x05bf, 0x05bf, 0x05bf, 0x05bf, 0x05bf, 0x05bf, 0x05bf, 0x05bf, 0x05bf, 0x05bf,
    0x05bf, 0x05bf, 0x05bf, 0x05bf, 0x05bf, 0x05bf, 0x05bf, 0x05bf, 0x05bf, 0x05bf, 0x05bf, 0x05bf, 0x05bf, 0x05bf, 0x05bf, 0x05bf,
    0x05bf, 0x05bf, 0x05bf, 0x05bf, 0x05bf, 0x05bf, 0xf1c7, 0xf1c7, 0xf1c7, 0xf1c7, 0xf1c7, 0xf1c7, 0xf1c7, 0xf1c7, 0xf1c7, 0xf1c7,
    0xf1c7, 0xf1c7, 0xf1c7, 0xf1c7, 0xf1c7, 0x05bf, 0x05bf, 0x05bf, 0x05bf, 0x05bf, 0x05bf, 0x05bf, 0x05bf, 0xf1c7, 0xf1c7, 0xf1c7,
    0xf1c7, 0xf1c7, 0xf1c7, 0xf1c7, 0xf1c7, 0xf1c7, 0xf1c7, 0xf1c7, 0xf1c7, 0xf1c7, 0xf1c7, 0xf1c7, 0x05bf, 0x05bf, 0x05bf, 0x05bf,
    0x05bf, 0x05bf, 0x05bf, 0xf1c7, 0xf1c7, 0xf1c7, 0xf1c7, 0xf1c7, 0xf1c7, 0xf1c7, 0xf1c7, 0xf1c7, 0xf1c7, 0xf1c7, 0xf1c7, 0xf1c7,
    0xf1c7, 0xf1c7, 0x05bf, 0x05bf, 0x05bf, 0x05bf, 0x05bf, 0x05bf, 0x05bf, 0x05bf, 0xf1c7, 0xf1c7, 0xf1c7, 0xf1c7, 0xf1c7, 0xf1c7,
    0xf1c7, 0xf1c7, 0xf1c7, 0xf1c7, 0xf1c7, 0xf1c7, 0xf1c7, 0xf1c7, 0xf1c7, 0x05bf, 0x05bf, 0x05bf, 0x05bf, 0x05bf, 0x05bf, 0x05bf,
    0xffff, 0xffff, 0xffff, 0xffff, 0xffff, 0xffff, 0xffff, 0xffff, 0xffff, 0xffff, 0xffff, 0xffff, 0xffff, 0xffff, 0xffff, 0xffff,
    0xffff, 0xffff, 0xffff, 0xffff, 0xffff, 0xffff, 0xffff, 0xffff, 0xffff, 0xffff, 0xffff, 0xffff, 0xffff, 0xffff, 0xffff, 0xffff,
    0xffff, 0xffff, 0xffff, 0xffff, 0xffff, 0xffff, 0x0000, 0x0000, 0x0000, 0x0000, 0x0000, 0x0000, 0x0000, 0x0000, 0x0000, 0x0000,
    0x0000, 0x0000, 0x0000, 0x0000, 0x0000, 0x080a, 0x080a, 0x080a, 0x080a, 0x080a, 0x080a, 0x080a, 0x080a, 0x080a, 0x080a, 0x080a,
    0x080a, 0x080a, 0x080a, 0x080a, 0x05bf, 0x05bf, 0x05bf, 0x05bf, 0x05bf, 0x05bf, 0x05bf, 0x6b36, 0x6b36, 0x6b36, 0x6b36, 0x6b36,
    0x6b36, 0x6b36, 0x6b36, 0x6b36, 0x6b36, 0x6b36, 0x6b36, 0x6b36, 0x6b36, 0x6b36, 0x2194, 0x2194, 0x2194, 0x2194, 0x2194, 0x2194,
    0x2194, 0x2194, 0x2194, 0x2194, 0x2194, 0x2194, 0x2194, 0x2194, 0x2194, 0x2194, 0x2194, 0x2194, 0x2194, 0x2194, 0x2194, 0x2194,
    0x2194, 0x05bf, 0x05bf, 0x05bf, 0x05bf, 0x05bf, 0x05bf, 0x05bf, 0x05bf, 0x05bf, 0x05bf, 0x05bf, 0x05bf, 0x05bf, 0x05bf, 0x05bf,
    0x05bf, 0x05bf, 0x05bf, 0x05bf, 0x05bf, 0x05bf, 0x05bf, 0x05bf, 0x05bf, 0x05bf, 0x05bf, 0x05bf, 0x05bf, 0x05bf, 0x05bf, 0x05bf,
    0x05bf, 0x05bf, 0x05bf, 0x05bf, 0x05bf, 0x05bf, 0xf1c7, 0xf1c7, 0xf1c7, 0xf1c7, 0xf1c7, 0xf1c7, 0xf1c7, 0xf1c7, 0xf1c7, 0xf1c7,
    0xf1c7, 0xf1c7, 0xf1c7, 0xf1c7, 0xf1c7, 0x05bf, 0x05bf, 0x05bf, 0x05bf, 0x05bf, 0x05bf, 0x05bf, 0x05bf, 0xf1c7, 0xf1c7, 0xf1c7,
    0xf1c7, 0xf1c7, 0xf1c7, 0xf1c7, 0xf1c7, 0xf1c7, 0xf1c7, 0xf1c7, 0xf1c7, 0xf1c7, 0xf1c7, 0xf1c7, 0x05bf, 0x05bf, 0x05bf, 0x05bf,
    0x05bf, 0x05bf, 0x05bf, 0xf1c7, 0xf1c7, 0xf1c7, 0xf1c7, 0xf1c7, 0xf1c7, 0xf1c7, 0xf1c7, 0xf1c7, 0xf1c7, 0xf1c7, 0xf1c7, 0xf1c7,
    0xf1c7, 0xf1c7, 0x05bf, 0x05bf, 0x05bf, 0x05bf, 0x05bf, 0x05bf, 0x05bf, 0x05bf, 0xf1c7, 0xf1c7, 0xf1c7, 0xf1c7, 0xf1c7, 0xf1c7,
    0xf1c7, 0xf1c7, 0xf1c7, 0xf1c7, 0xf1c7, 0xf1c7, 0xf1c7, 0xf1c7, 0xf1c7, 0x05bf, 0x05bf, 0x05bf, 0x05bf, 0x05bf, 0x05bf, 0x05bf,
    0xffff, 0xffff, 0xffff, 0xffff, 0xffff, 0xffff, 0xffff, 0xffff, 0xffff, 0xffff, 0xffff, 0xffff, 0xffff, 0xffff, 0xffff, 0xffff,
    0xffff, 0xffff, 0xffff, 0xffff, 0xffff, 0xffff, 0xffff, 0xffff, 0xffff, 0xffff, 0xffff, 0xffff, 0xffff, 0xffff, 0xffff, 0xffff,
    0xffff, 0xffff, 0xffff, 0xffff, 0xffff, 0xffff, 0x0000, 0x0000, 0x0000, 0x0000, 0x0000, 0x0000, 0x0000, 0x0000, 0x0000, 0x0000,
    0x0000, 0x0000, 0x0000, 0x0000, 0x0000, 0x080a, 0x080a, 0x080a, 0x080a, 0x080a, 0x080a, 0x080a, 0x080a, 0x080a, 0x080a, 0x080a,
    0x080a, 0x080a, 0x080a, 0x080a, 0x05bf, 0x05bf, 0x05bf, 0x05bf, 0x05bf, 0x05bf, 0x05bf, 0x6b36, 0x6b36, 0x6b36, 0x6b36, 0x6b36,
    0x6b36, 0x6b36, 0x6b36, 0x6b36, 0x6b36, 0x6b36, 0x6b36, 0x6b36, 0x6b36, 0x6b36, 0x2194, 0x2194, 0x2194, 0x2194, 0x2194, 0x2194,
    0x2194, 0x2194, 0x2194, 0x2194, 0x2194, 0x2194, 0x2194, 0x2194, 0x2194, 0x2194, 0x2194, 0x2194, 0x2194, 0x2194, 0x2194, 0x2194,
    0x2194, 0x05bf, 0x05bf, 0x05bf, 0x05bf, 0x05bf, 0x05bf, 0x05bf, 0x05bf, 0x05bf, 0x05bf, 0x05bf, 0x05bf, 0x05bf, 0x05bf, 0x05bf,
    0x05bf, 0x05bf, 0x05bf, 0x05bf, 0x05bf, 0x05bf, 0x05bf, 0x05bf, 0x05bf, 0x05bf, 0x05bf, 0x05bf, 0x05bf, 0x05bf, 0x05bf, 0x05bf,
    0x05bf, 0x05bf, 0x05bf, 0x05bf, 0x05bf, 0x05bf, 0xf1c7, 0xf1c7, 0xf1c7, 0xf1c7, 0xf1c7, 0xf1c7, 0xf1c7, 0xf1c7, 0xf1c7, 0xf1c7,
    0xf1c7, 0xf1c7, 0xf1c7, 0xf1c7, 0xf1c7, 0x05bf, 0x05bf, 0x05bf, 0x05bf, 0x05bf, 0x05bf, 0x05bf, 0x05bf, 0xf1c7, 0xf1c7, 0xf1c7,
    0xf1c7, 0xf1c7, 0xf1c7, 0xf1c7, 0xf1c7, 0xf1c7, 0xf1c7, 0xf1c7, 0xf1c7, 0xf1c7, 0xf1c7, 0xf1c7, 0x05bf, 0x05bf, 0x05bf, 0x05bf,
    0x05bf, 0x05bf, 0x05bf, 0xf1c7, 0xf1c7, 0xf1c7, 0xf1c7, 0xf1c7, 0xf1c7, 0xf1c7, 0xf1c7, 0xf1c7, 0xf1c7, 0xf1c7, 0xf1c7, 0xf1c7,
    0xf1c7, 0xf1c7, 0x05bf, 0x05bf, 0x05bf, 0x05bf, 0x05bf, 0x05bf, 0x05bf, 0x05bf, 0xf1c7, 0xf1c7, 0xf1c7, 0xf1c7, 0xf1c7, 0xf1c7,
    0xf1c7, 0xf1c7, 0xf1c7, 0xf1c7, 0xf1c7, 0xf1c7, 0xf1c7, 0xf1c7, 0xf1c7, 0x05bf, 0x05bf, 0x05bf, 0x05bf, 0x05bf, 0x05bf, 0x05bf,
    0xffff, 0xffff, 0xffff, 0xffff, 0xffff, 0xffff, 0xffff, 0xffff, 0xffff, 0xffff, 0xffff, 0xffff, 0xffff, 0xffff, 0xffff, 0xffff,
    0xffff, 0xffff, 0xffff, 0xffff, 0xffff, 0xffff, 0xffff, 0xffff, 0xffff, 0xffff, 0xffff, 0xffff, 0xffff, 0xffff, 0xffff, 0xffff,
    0xffff, 0xffff, 0xffff, 0xffff, 0xffff, 0xffff, 0x0000, 0x0000, 0x0000, 0x0000, 0x0000, 0x0000, 0x0000, 0x0000, 0x0000, 0x0000,
    0x0000, 0x0000, 0x0000, 0x0000, 0x0000, 0x080a, 0x080a, 0x080a, 0x080a, 0x080a, 0x080a, 0x080a, 0x080a, 0x080a, 0x080a, 0x080a,
    0x080a, 0x080a, 0x080a, 0x080a, 0x05bf, 0x05bf, 0x05bf, 0x05bf, 0x05bf, 0x05bf, 0x05bf, 0x6b36, 0x6b36, 0x6b36, 0x6b36, 0x6b36,
    0x6b36, 0x6b36, 0x6b36, 0x6b36, 0x6b36, 0x6b36, 0x6b36, 0x6b36, 0x6b36, 0x6b36, 0x2194, 0x2194, 0x2194, 0x2194, 0x2194, 0x2194,
    0x2194, 0x2194, 0x2194, 0x2194, 0x2194, 0x2194, 0x2194, 0x2194, 0x2194, 0x2194, 0x2194, 0x2194, 0x2194, 0x2194, 0x2194, 0x2194,
    0x2194, 0x05bf, 0x05bf, 0x05bf, 0x05bf, 0x05bf, 0x05bf, 0x05bf, 0x05bf, 0x05bf, 0x05bf, 0x05bf, 0x05bf, 0x05bf, 0x05bf, 0x05bf,
    0x05bf, 0x05bf, 0x05bf, 0x05bf, 0x05bf, 0x05bf, 0x05bf, 0x05bf, 0x05bf, 0x05bf, 0x05bf, 0x05bf, 0x05bf, 0x05bf, 0x05bf, 0x05bf,
    0x05bf, 0x05bf, 0x05bf, 0x05bf, 0x05bf, 0x05bf, 0xf1c7, 0xf1c7, 0xf1c7, 0xf1c7, 0xf1c7, 0xf1c7, 0xf1c7, 0xf1c7, 0xf1c7, 0xf1c7,
    0xf1c7, 0xf1c7, 0xf1c7, 0xf1c7, 0xf1c7, 0x05bf, 0x05bf, 0x05bf, 0x05bf, 0x05bf, 0x05bf, 0x05bf, 0x05bf, 0xf1c7, 0xf1c7, 0xf1c7,
    0xf1c7, 0xf1c7, 0xf1c7, 0xf1c7, 0xf1c7, 0xf1c7, 0xf1c7, 0xf1c7, 0xf1c7, 0xf1c7, 0xf1c7, 0xf1c7, 0x05bf, 0x05bf, 0x05bf, 0x05bf,
    0x05bf, 0x05bf, 0x05bf, 0xf1c7, 0xf1c7, 0xf1c7, 0xf1c7, 0xf1c7, 0xf1c7, 0xf1c7, 0xf1c7, 0xf1c7, 0xf1c7, 0xf1c7, 0xf1c7, 0xf1c7,
    0xf1c7, 0xf1c7, 0x05bf, 0x05bf, 0x05bf, 0x05bf, 0x05bf, 0x05bf, 0x05bf, 0x05bf, 0xf1c7, 0xf1c7, 0xf1c7, 0xf1c7, 0xf1c7, 0xf1c7,
    0xf1c7, 0xf1c7, 0xf1c7, 0xf1c7, 0xf1c7, 0xf1c7, 0xf1c7, 0xf1c7, 0xf1c7, 0x05bf, 0x05bf, 0x05bf, 0x05bf, 0x05bf, 0x05bf, 0x05bf,
    0xffff, 0xffff, 0xffff, 0xffff, 0xffff, 0xffff, 0xffff, 0xffff, 0xffff, 0xffff, 0xffff, 0xffff, 0xffff, 0xffff, 0xffff, 0xffff,
    0xffff, 0xffff, 0xffff, 0xffff, 0xffff, 0xffff, 0xffff, 0xffff, 0xffff, 0xffff, 0xffff, 0xffff, 0xffff, 0xffff, 0xffff, 0xffff,
    0xffff, 0xffff, 0xffff, 0xffff, 0xffff, 0xffff, 0x0000, 0x0000, 0x0000, 0x0000, 0x0000, 0x0000, 0x0000, 0x0000, 0x0000, 0x0000,
    0x0000, 0x0000, 0x0000, 0x0000, 0x0000, 0x080a, 0x080a, 0x080a, 0x080a, 0x080a, 0x080a, 0x080a, 0x080a, 0x080a, 0x080a, 0x080a,
    0x080a, 0x080a, 0x080a, 0x080a, 0x05bf, 0x05bf, 0x05bf, 0x05bf, 0x05bf, 0x05bf, 0x05bf, 0x6b36, 0x6b36, 0x6b36, 0x6b36, 0x6b36,
    0x6b36, 0x6b36, 0x6b36, 0x6b36, 0x6b36, 0x6b36, 0x6b36, 0x6b36, 0x6b36, 0x6b36, 0x2194, 0x2194, 0x2194, 0x2194, 0x2194, 0x2194,
    0x2194, 0x2194, 0x2194, 0x2194, 0x2194, 0x2194, 0x2194, 0x2194, 0x2194, 0x2194, 0x2194, 0x2194, 0x2194, 0x2194, 0x2194, 0x2194,
    0x2194, 0x05bf, 0x05bf, 0x05bf, 0x05bf, 0x05bf, 0x05bf, 0x05bf, 0x05bf, 0x05bf, 0x05bf, 0x05bf, 0x05bf, 0x05bf, 0x05bf, 0x05bf,
    0x05bf, 0x05bf, 0x05bf, 0x05bf, 0x05bf, 0x05bf, 0x05bf, 0x05bf, 0x05bf, 0x05bf, 0x05bf, 0x05bf, 0x05bf, 0x05bf, 0x05bf, 0x05bf,
    0x05bf, 0x05bf, 0x05bf, 0x05bf, 0x05bf, 0x05bf, 0xf1c7, 0xf1c7, 0xf1c7, 0xf1c7, 0xf1c7, 0xf1c7, 0xf1c7, 0xf1c7, 0xf1c7, 0xf1c7,
    0xf1c7, 0xf1c7, 0xf1c7, 0xf1c7, 0xf1c7, 0x05bf, 0x05bf, 0x05bf, 0x05bf, 0x05bf, 0x05bf, 0x05bf, 0x05bf, 0xf1c7, 0xf1c7, 0xf1c7,
    0xf1c7, 0xf1c7, 0xf1c7, 0xf1c7, 0xf1c7, 0xf1c7, 0xf1c7, 0xf1c7, 0xf1c7, 0xf1c7, 0xf1c7, 0xf1c7, 0x05bf, 0x05bf, 0x05bf, 0x05bf,
    0x05bf, 0x05bf, 0x05bf, 0xf1c7, 0xf1c7, 0xf1c7, 0xf1c7, 0xf1c7, 0xf1c7, 0xf1c7, 0xf1c7, 0xf1c7, 0xf1c7, 0xf1c7, 0xf1c7, 0xf1c7,
    0xf1c7, 0xf1c7, 0x05bf, 0x05bf, 0x05bf, 0x05bf, 0x05bf, 0x05bf, 0x05bf, 0x05bf, 0xf1c7, 0xf1c7, 0xf1c7, 0xf1c7, 0xf1c7, 0xf1c7,
    0xf1c7, 0xf1c7, 0xf1c7, 0xf1c7, 0xf1c7, 0xf1c7, 0xf1c7, 0xf1c7, 0xf1c7, 0x05bf, 0x05bf, 0x05bf, 0x05bf, 0x05bf, 0x05bf, 0x05bf,
    0xffff, 0xffff, 0xffff, 0xffff, 0xffff, 0xffff, 0xffff, 0xffff, 0xffff, 0xffff, 0xffff, 0xffff, 0xffff, 0xffff, 0xffff, 0xffff,
    0xffff, 0xffff, 0xffff, 0xffff, 0xffff, 0xffff, 0xffff, 0x0000, 0x0000, 0x0000, 0x0000, 0x0000, 0x0000, 0x0000, 0x0000, 0x0000,
    0x0000, 0x0000, 0x0000, 0x0000, 0x0000, 0x0000, 0x0000, 0x0000, 0x0000, 0x0000, 0x0000, 0x0000, 0x0000, 0x080a, 0x080a, 0x080a,
    0x080a, 0x080a, 0x080a, 0x080a, 0x080a, 0x080a, 0x080a, 0x080a, 0x080a, 0x080a, 0x080a, 0x080a, 0x6b36, 0x6b36, 0x6b36, 0x6b36,
    0x05bf, 0x05bf, 0x05bf, 0x05bf, 0x05bf, 0x05bf, 0x05bf, 0x6b36, 0x6b36, 0x6b36, 0x6b36, 0x6b36, 0x6b36, 0x6b36, 0x6b36, 0x6b36,
    0x6b36, 0x6b36, 0x6b36, 0x2194, 0x2194, 0x2194, 0x2194, 0x2194, 0x2194, 0x2194, 0x2194, 0x2194, 0x2194, 0x2194, 0x2194, 0x2194,
    0x2194, 0x2194, 0x05bf, 0x05bf, 0x05bf, 0x05bf, 0x05bf, 0x05bf, 0x05bf, 0x05bf, 0x05bf, 0x05bf, 0x05bf, 0x05bf, 0x05bf, 0x05bf,
    0x05bf, 0x05bf, 0x05bf, 0x05bf, 0x05bf, 0x05bf, 0x05bf, 0x05bf, 0x05bf, 0x05bf, 0x05bf, 0x05bf, 0x05bf, 0x05bf, 0x05bf, 0x05bf,
    0x05bf, 0x05bf, 0x05bf, 0x05bf, 0x05bf, 0x05bf, 0x05bf, 0x05bf, 0x05bf, 0x05bf, 0x05bf, 0x05bf, 0x05bf, 0x05bf, 0x05bf, 0x05bf,
    0x05bf, 0x05bf, 0x05bf, 0x05bf, 0x05bf, 0x05bf, 0x05bf, 0x05bf, 0x05bf, 0x05bf, 0x05bf, 0x05bf, 0x05bf, 0x05bf, 0x05bf, 0x05bf,
    0x05bf, 0x05bf, 0x05bf, 0x05bf, 0x05bf, 0x05bf, 0x05bf, 0x05bf, 0x05bf, 0x05bf, 0x05bf, 0x05bf, 0x05bf, 0x05bf, 0x05bf, 0x05bf,
    0x05bf, 0x05bf, 0x05bf, 0x05bf, 0x05bf, 0x05bf, 0x05bf, 0x05bf, 0x05bf, 0x05bf, 0x05bf, 0x05bf, 0x05bf, 0x05bf, 0x05bf, 0x05bf,
    0x05bf, 0x05bf, 0x05bf, 0x05bf, 0x05bf, 0x05bf, 0x05bf, 0x05bf, 0x05bf, 0x05bf, 0x05bf, 0x05bf, 0x05bf, 0x05bf, 0x05bf, 0x05bf,
    0x05bf, 0x05bf, 0x05bf, 0x05bf, 0x05bf, 0x05bf, 0x05bf, 0x05bf, 0x05bf, 0x05bf, 0x05bf, 0x05bf, 0x05bf, 0x05bf, 0x05bf, 0x05bf,
    0x05bf, 0x05bf, 0x05bf, 0x05bf, 0x05bf, 0x05bf, 0x05bf, 0x05bf, 0x05bf, 0x05bf, 0x05bf, 0x05bf, 0x05bf, 0x05bf, 0x05bf, 0x05bf,
    0xffff, 0xffff, 0xffff, 0xffff, 0xffff, 0xffff, 0xffff, 0xffff, 0xffff, 0xffff, 0xffff, 0xffff, 0xffff, 0xffff, 0xffff, 0xffff,
    0xffff, 0xffff, 0xffff, 0xffff, 0xffff, 0xffff, 0xffff, 0x0000, 0x0000, 0x0000, 0x0000, 0x0000, 0x0000, 0x0000, 0x0000, 0x0000,
    0x0000, 0x0000, 0x0000, 0x0000, 0x0000, 0x0000, 0x0000, 0x0000, 0x0000, 0x0000, 0x0000, 0x0000, 0x0000, 0x080a, 0x080a, 0x080a,
    0x080a, 0x080a, 0x080a, 0x080a, 0x080a, 0x080a, 0x080a, 0x080a, 0x080a, 0x080a, 0x080a, 0x080a, 0x6b36, 0x6b36, 0x6b36, 0x6b36,
    0x05bf, 0x05bf, 0x05bf, 0x05bf, 0x05bf, 0x05bf, 0x05bf, 0x6b36, 0x6b36, 0x6b36, 0x6b36, 0x6b36, 0x6b36, 0x6b36, 0x6b36, 0x6b36,
    0x6b36, 0x6b36, 0x6b36, 0x2194, 0x2194, 0x2194, 0x2194, 0x2194, 0x2194, 0x2194, 0x2194, 0x2194, 0x2194, 0x2194, 0x2194, 0x2194,
    0x2194, 0x2194, 0x05bf, 0x05bf, 0x05bf, 0x05bf, 0x05bf, 0x05bf, 0x05bf, 0x05bf, 0x05bf, 0x05bf, 0x05bf, 0x05bf, 0x05bf, 0x05bf,
    0x05bf, 0x05bf, 0x05bf, 0x05bf, 0x05bf, 0x05bf, 0x05bf, 0x05bf, 0x05bf, 0x05bf, 0x05bf, 0x05bf, 0x05bf, 0x05bf, 0x05bf, 0x05bf,
    0x05bf, 0x05bf, 0x05bf, 0x05bf, 0x05bf, 0x05bf, 0x05bf, 0x05bf, 0x05bf, 0x05bf, 0x05bf, 0x05bf, 0x05bf, 0x05bf, 0x05bf, 0x05bf,
    0x05bf, 0x05bf, 0x05bf, 0x05bf, 0x05bf, 0x05bf, 0x05bf, 0x05bf, 0x05bf, 0x05bf, 0x05bf, 0x05bf, 0x05bf, 0x05bf, 0x05bf, 0x05bf,
    0x05bf, 0x05bf, 0x05bf, 0x05bf, 0x05bf, 0x05bf, 0x05bf, 0x05bf, 0x05bf, 0x05bf, 0x05bf, 0x05bf, 0x05bf, 0x05bf, 0x05bf, 0x05bf,
    0x05bf, 0x05bf, 0x05bf, 0x05bf, 0x05bf, 0x05bf, 0x05bf, 0x05bf, 0x05bf, 0x05bf, 0x05bf, 0x05bf, 0x05bf, 0x05bf, 0x05bf, 0x05bf,
    0x05bf, 0x05bf, 0x05bf, 0x05bf, 0x05bf, 0x05bf, 0x05bf, 0x05bf, 0x05bf, 0x05bf, 0x05bf, 0x05bf, 0x05bf, 0x05bf, 0x05bf, 0x05bf,
    0x05bf, 0x05bf, 0x05bf, 0x05bf, 0x05bf, 0x05bf, 0x05bf, 0x05bf, 0x05bf, 0x05bf, 0x05bf, 0x05bf, 0x05bf, 0x05bf, 0x05bf, 0x05bf,
    0x05bf, 0x05bf, 0x05bf, 0x05bf, 0x05bf, 0x05bf, 0x05bf, 0x05bf, 0x05bf, 0x05bf, 0x05bf, 0x05bf, 0x05bf, 0x05bf, 0x05bf, 0x05bf,
    0xffff, 0xffff, 0xffff, 0xffff, 0xffff, 0xffff, 0xffff, 0xffff, 0xffff, 0xffff, 0xffff, 0xffff, 0xffff, 0xffff, 0xffff, 0xffff,
    0xffff, 0xffff, 0xffff, 0xffff, 0xffff, 0xffff, 0xffff, 0x0000, 0x0000, 0x0000, 0x0000, 0x0000, 0x0000, 0x0000, 0x0000, 0x0000,
    0x0000, 0x0000, 0x0000, 0x0000, 0x0000, 0x0000, 0x0000, 0x0000, 0x0000, 0x0000, 0x0000, 0x0000, 0x0000, 0x080a, 0x080a, 0x080a,
    0x080a, 0x080a, 0x080a, 0x080a, 0x080a, 0x080a, 0x080a, 0x080a, 0x080a, 0x080a, 0x080a, 0x080a, 0x6b36, 0x6b36, 0x6b36, 0x6b36,
    0x05bf, 0x05bf, 0x05bf, 0x05bf, 0x05bf, 0x05bf, 0x05bf, 0x6b36, 0x6b36, 0x6b36, 0x6b36, 0x6b36, 0x6b36, 0x6b36, 0x6b36, 0x6b36,
    0x6b36, 0x6b36, 0x6b36, 0x2194, 0x2194, 0x2194, 0x2194, 0x2194, 0x2194, 0x2194, 0x2194, 0x2194, 0x2194, 0x2194, 0x2194, 0x2194,
    0x2194, 0x2194, 0x05bf, 0x05bf, 0x05bf, 0x05bf, 0x05bf, 0x05bf, 0x05bf, 0x05bf, 0x05bf, 0x05bf, 0x05bf, 0x05bf, 0x05bf, 0x05bf,
    0x05bf, 0x05bf, 0x05bf, 0x05bf, 0x05bf, 0x05bf, 0x05bf, 0x05bf, 0x05bf, 0x05bf, 0x05bf, 0x05bf, 0x05bf, 0x05bf, 0x05bf, 0x05bf,
    0x05bf, 0x05bf, 0x05bf, 0x05bf, 0x05bf, 0x05bf, 0x05bf, 0x05bf, 0x05bf, 0x05bf, 0x05bf, 0x05bf, 0x05bf, 0x05bf, 0x05bf, 0x05bf,
    0x05bf, 0x05bf, 0x05bf, 0x05bf, 0x05bf, 0x05bf, 0x05bf, 0x05bf, 0x05bf, 0x05bf, 0x05bf, 0x05bf, 0x05bf, 0x05bf, 0x05bf, 0x05bf,
    0x05bf, 0x05bf, 0x05bf, 0x05bf, 0x05bf, 0x05bf, 0x05bf, 0x05bf, 0x05bf, 0x05bf, 0x05bf, 0x05bf, 0x05bf, 0x05bf, 0x05bf, 0x05bf,
    0x05bf, 0x05bf, 0x05bf, 0x05bf, 0x05bf, 0x05bf, 0x05bf, 0x05bf, 0x05bf, 0x05bf, 0x05bf, 0x05bf, 0x05bf, 0x05bf, 0x05bf, 0x05bf,
    0x05bf, 0x05bf, 0x05bf, 0x05bf, 0x05bf, 0x05bf, 0x05bf, 0x05bf, 0x05bf, 0x05bf, 0x05bf, 0x05bf, 0x05bf, 0x05bf, 0x05bf, 0x05bf,
    0x05bf, 0x05bf, 0x05bf, 0x05bf, 0x05bf, 0x05bf, 0x05bf, 0x05bf, 0x05bf, 0x05bf, 0x05bf, 0x05bf, 0x05bf, 0x05bf, 0x05bf, 0x05bf,
    0x05bf, 0x05bf, 0x05bf, 0x05bf, 0x05bf, 0x05bf, 0x05bf, 0x05bf, 0x05bf, 0x05bf, 0x05bf, 0x05bf, 0x05bf, 0x05bf, 0x05bf, 0x05bf,
    0xffff, 0xffff, 0xffff, 0xffff, 0xffff, 0xffff, 0xffff, 0xffff, 0xffff, 0xffff, 0xffff, 0xffff, 0xffff, 0xffff, 0xffff, 0xffff,
    0xffff, 0xffff, 0xffff, 0xffff, 0xffff, 0xffff, 0xffff, 0x0000, 0x0000, 0x0000, 0x0000, 0x0000, 0x0000, 0x0000, 0x0000, 0x0000,
    0x0000, 0x0000, 0x0000, 0x0000, 0x0000, 0x0000, 0x0000, 0x0000, 0x0000, 0x0000, 0x0000, 0x0000, 0x0000, 0x080a, 0x080a, 0x080a,
    0x080a, 0x080a, 0x080a, 0x080a, 0x080a, 0x080a, 0x080a, 0x080a, 0x080a, 0x080a, 0x080a, 0x080a, 0x05bf, 0x05bf, 0x05bf, 0x05bf,
    0x05bf, 0x05bf, 0x05bf, 0x05bf, 0x6b36, 0x6b36, 0x6b36, 0x6b36, 0x6b36, 0x6b36, 0x6b36, 0x6b36, 0x6b36, 0x6b36, 0x6b36, 0x6b36,
    0x6b36, 0x6b36, 0x6b36, 0x2194, 0x2194, 0x2194, 0x2194, 0x2194, 0x2194, 0x2194, 0x2194, 0x2194, 0x2194, 0x2194, 0x2194, 0x2194,
    0x2194, 0x2194, 0x05bf, 0x05bf, 0x05bf, 0x05bf, 0x05bf, 0x05bf, 0x05bf, 0x05bf, 0x05bf, 0x05bf, 0x05bf, 0x05bf, 0x05bf, 0x05bf,
    0x05bf, 0x05bf, 0x05bf, 0x05bf, 0x05bf, 0x05bf, 0x05bf, 0x05bf, 0x05bf, 0x05bf, 0x05bf, 0x05bf, 0x05bf, 0x05bf, 0x05bf, 0x05bf,
    0x05bf, 0x05bf, 0x05bf, 0x05bf, 0x05bf, 0x05bf, 0x05bf, 0x05bf, 0x05bf, 0x05bf, 0x05bf, 0x05bf, 0x05bf, 0x05bf, 0x05bf, 0x05bf,
    0x05bf, 0x05bf, 0x05bf, 0x05bf, 0x05bf, 0x05bf, 0x05bf, 0x05bf, 0x05bf, 0x05bf, 0x05bf, 0x05bf, 0x05bf, 0x05bf, 0x05bf, 0x05bf,
    0x05bf, 0x05bf, 0x05bf, 0x05bf, 0x05bf, 0x05bf, 0x05bf, 0x05bf, 0x05bf, 0x05bf, 0x05bf, 0x05bf, 0x05bf, 0x05bf, 0x05bf, 0x05bf,
    0x05bf, 0x05bf, 0x05bf, 0x05bf, 0x05bf, 0x05bf, 0x05bf, 0x05bf, 0x05bf, 0x05bf, 0x05bf, 0x05bf, 0x05bf, 0x05bf, 0x05bf, 0x05bf,
    0x05bf, 0x05bf, 0x05bf, 0x05bf, 0x05bf, 0x05bf, 0x05bf, 0x05bf, 0x05bf, 0x05bf, 0x05bf, 0x05bf, 0x05bf, 0x05bf, 0x05bf, 0x05bf,
    0x05bf, 0x05bf, 0x05bf, 0x05bf, 0x05bf, 0x05bf, 0x05bf, 0x05bf, 0x05bf, 0x05bf, 0x05bf, 0x05bf, 0x05bf, 0x05bf, 0x05bf, 0x05bf,
    0x05bf, 0x05bf, 0x05bf, 0x05bf, 0x05bf, 0x05bf, 0x05bf, 0x05bf, 0x05bf, 0x05bf, 0x05bf, 0x05bf, 0x05bf, 0x05bf, 0x05bf, 0x05bf,
    0xffff, 0xffff, 0xffff, 0xffff, 0xffff, 0xffff, 0xffff, 0xffff, 0xffff, 0xffff, 0xffff, 0xffff, 0xffff, 0xffff, 0xffff, 0xffff,
    0xffff, 0xffff, 0xffff, 0xffff, 0xffff, 0xffff, 0xffff, 0x0000, 0x0000, 0x0000, 0x0000, 0x0000, 0x0000, 0x0000, 0x0000, 0x0000,
    0x0000, 0x0000, 0x0000, 0x0000, 0x0000, 0x0000, 0x0000, 0x0000, 0x0000, 0x0000, 0x0000, 0x0000, 0x0000, 0x080a, 0x080a, 0x080a,
    0x080a, 0x080a, 0x080a, 0x080a, 0x080a, 0x080a, 0x080a, 0x080a, 0x080a, 0x080a, 0x080a, 0x080a, 0x05bf, 0x05bf, 0x05bf, 0x05bf,
    0x05bf, 0x05bf, 0x05bf, 0x05bf, 0x6b36, 0x6b36, 0x6b36, 0x6b36, 0x6b36, 0x6b36, 0x6b36, 0x6b36, 0x6b36, 0x6b36, 0x6b36, 0x6b36,
    0x6b36, 0x6b36, 0x6b36, 0x2194, 0x2194, 0x2194, 0x2194, 0x2194, 0x2194, 0x2194, 0x2194, 0x2194, 0x2194, 0x2194, 0x2194, 0x2194,
    0x2194, 0x2194, 0x05bf, 0x05bf, 0x05bf, 0x05bf, 0x05bf, 0x05bf, 0x05bf, 0x05bf, 0x05bf, 0x05bf, 0x05bf, 0x05bf, 0x05bf, 0x05bf,
    0x05bf, 0x05bf, 0x05bf, 0x05bf, 0x05bf, 0x05bf, 0x05bf, 0x05bf, 0x05bf, 0x05bf, 0x05bf, 0x05bf, 0x05bf, 0x05bf, 0x05bf, 0x05bf,
    0x05bf, 0x05bf, 0x05bf, 0x05bf, 0x05bf, 0x05bf, 0x05bf, 0x05bf, 0x05bf, 0x05bf, 0x05bf, 0x05bf, 0x05bf, 0x05bf, 0x05bf, 0x05bf,
    0x05bf, 0x05bf, 0x05bf, 0x05bf, 0x05bf, 0x05bf, 0x05bf, 0x05bf, 0x05bf, 0x05bf, 0x05bf, 0x05bf, 0x05bf, 0x05bf, 0x05bf, 0x05bf,
    0x05bf, 0x05bf, 0x05bf, 0x05bf, 0x05bf, 0x05bf, 0x05bf, 0x05bf, 0x05bf, 0x05bf, 0x05bf, 0x05bf, 0x05bf, 0x05bf, 0x05bf, 0x05bf,
    0x05bf, 0x05bf, 0x05bf, 0x05bf, 0x05bf, 0x05bf, 0x05bf, 0x05bf, 0x05bf, 0x05bf, 0x05bf, 0x05bf, 0x05bf, 0x05bf, 0x05bf, 0x05bf,
    0x05bf, 0x05bf, 0x05bf, 0x05bf, 0x05bf, 0x05bf, 0x05bf, 0x05bf, 0x05bf, 0x05bf, 0x05bf, 0x05bf, 0x05bf, 0x05bf, 0x05bf, 0x05bf,
    0x05bf, 0x05bf, 0x05bf, 0x05bf, 0x05bf, 0x05bf, 0x05bf, 0x05bf, 0x05bf, 0x05bf, 0x05bf, 0x05bf, 0x05bf, 0x05bf, 0x05bf, 0x05bf,
    0x05bf, 0x05bf, 0x05bf, 0x05bf, 0x05bf, 0x05bf, 0x05bf, 0x05bf, 0x05bf, 0x05bf, 0x05bf, 0x05bf, 0x05bf, 0x05bf, 0x05bf, 0x05bf,
    0xffff, 0xffff, 0xffff, 0xffff, 0xffff, 0xffff, 0xffff, 0xffff, 0xffff, 0xffff, 0xffff, 0xffff, 0xffff, 0xffff, 0xffff, 0xffff,
    0xffff, 0xffff, 0xffff, 0xffff, 0xffff, 0xffff, 0xffff, 0x0000, 0x0000, 0x0000, 0x0000, 0x0000, 0x0000, 0x0000, 0x0000, 0x0000,
    0x0000, 0x0000, 0x0000, 0x0000, 0x0000, 0x0000, 0x0000, 0x0000, 0x0000, 0x0000, 0x0000, 0x0000, 0x0000, 0x080a, 0x080a, 0x080a,
    0x080a, 0x080a, 0x080a, 0x080a, 0x080a, 0x080a, 0x080a, 0x080a, 0x080a, 0x080a, 0x080a, 0x080a, 0x05bf, 0x05bf, 0x05bf, 0x05bf,
    0x05bf, 0x05bf, 0x05bf, 0x05bf, 0x6b36, 0x6b36, 0x6b36, 0x6b36, 0x6b36, 0x6b36, 0x6b36, 0x6b36, 0x6b36, 0x6b36, 0x6b36, 0x6b36,
    0x6b36, 0x6b36, 0x6b36, 0x2194, 0x2194, 0x2194, 0x2194, 0x2194, 0x2194, 0x2194, 0x2194, 0x2194, 0x2194, 0x2194, 0x2194, 0x2194,
    0x2194, 0x2194, 0x05bf, 0x05bf, 0x05bf, 0x05bf, 0x05bf, 0x05bf, 0x05bf, 0x05bf, 0x05bf, 0x05bf, 0x05bf, 0x05bf, 0x05bf, 0x05bf,
    0x05bf, 0x05bf, 0x05bf, 0x05bf, 0x05bf, 0x05bf, 0x05bf, 0x05bf, 0x05bf, 0x05bf, 0x05bf, 0x05bf, 0x05bf, 0x05bf, 0x05bf, 0x05bf,
    0x05bf, 0x05bf, 0x05bf, 0x05bf, 0x05bf, 0x05bf, 0x05bf, 0x05bf, 0x05bf, 0x05bf, 0x05bf, 0x05bf, 0x05bf, 0x05bf, 0x05bf, 0x05bf,
    0x05bf, 0x05bf, 0x05bf, 0x05bf, 0x05bf, 0x05bf, 0x05bf, 0x05bf, 0x05bf, 0x05bf, 0x05bf, 0x05bf, 0x05bf, 0x05bf, 0x05bf, 0x05bf,
    0x05bf, 0x05bf, 0x05bf, 0x05bf, 0x05bf, 0x05bf, 0x05bf, 0x05bf, 0x05bf, 0x05bf, 0x05bf, 0x05bf, 0x05bf, 0x05bf, 0x05bf, 0x05bf,
    0x05bf, 0x05bf, 0x05bf, 0x05bf, 0x05bf, 0x05bf, 0x05bf, 0x05bf, 0x05bf, 0x05bf, 0x05bf, 0x05bf, 0x05bf, 0x05bf, 0x05bf, 0x05bf,
    0x05bf, 0x05bf, 0x05bf, 0x05bf, 0x05bf, 0x05bf, 0x05bf, 0x05bf, 0x05bf, 0x05bf, 0x05bf, 0x05bf, 0x05bf, 0x05bf, 0x05bf, 0x05bf,
    0x05bf, 0x05bf, 0x05bf, 0x05bf, 0x05bf, 0x05bf, 0x05bf, 0x05bf, 0x05bf, 0x05bf, 0x05bf, 0x05bf, 0x05bf, 0x05bf, 0x05bf, 0x05bf,
    0x05bf, 0x05bf, 0x05bf, 0x05bf, 0x05bf, 0x05bf, 0x05bf, 0x05bf, 0x05bf, 0x05bf, 0x05bf, 0x05bf, 0x05bf, 0x05bf, 0x05bf, 0x05bf,
    0xffff, 0xffff, 0xffff, 0xffff, 0xffff, 0xffff, 0xffff, 0xffff, 0xffff, 0xffff, 0xffff, 0xffff, 0xffff, 0xffff, 0xffff, 0xffff,
    0xffff, 0xffff, 0xffff, 0xffff, 0xffff, 0xffff, 0xffff, 0x0000, 0x0000, 0x0000, 0x0000, 0x0000, 0x0000, 0x0000, 0x0000, 0x0000,
    0x0000, 0x0000, 0x0000, 0x0000, 0x0000, 0x0000, 0x0000, 0x0000, 0x0000, 0x0000, 0x0000, 0x0000, 0x0000, 0x080a, 0x080a, 0x080a,
    0x080a, 0x080a, 0x080a, 0x080a, 0x080a, 0x080a, 0x080a, 0x080a, 0x080a, 0x080a, 0x080a, 0x080a, 0x05bf, 0x05bf, 0x05bf, 0x05bf,
    0x05bf, 0x05bf, 0x05bf, 0x05bf, 0x6b36, 0x6b36, 0x6b36, 0x6b36, 0x6b36, 0x6b36, 0x6b36, 0x6b36, 0x6b36, 0x6b36, 0x6b36, 0x6b36,
    0x6b36, 0x6b36, 0x6b36, 0x2194, 0x2194, 0x2194, 0x2194, 0x2194, 0x2194, 0x2194, 0x2194, 0x2194, 0x2194, 0x2194, 0x2194, 0x2194,
    0x2194, 0x2194, 0x05bf, 0x05bf, 0x05bf, 0x05bf, 0x05bf, 0x05bf, 0x05bf, 0x05bf, 0x05bf, 0x05bf, 0x05bf, 0x05bf, 0x05bf, 0x05bf,
    0x05bf, 0x05bf, 0x05bf, 0x05bf, 0x05bf, 0x05bf, 0x05bf, 0x05bf, 0x05bf, 0x05bf, 0x05bf, 0x05bf, 0x05bf, 0x05bf, 0x05bf, 0x05bf,
    0x05bf, 0x05bf, 0x05bf, 0x05bf, 0x05bf, 0x05bf, 0x05bf, 0x05bf, 0x05bf, 0x05bf, 0x05bf, 0x05bf, 0x05bf, 0x05bf, 0x05bf, 0x05bf,
    0x05bf, 0x05bf, 0x05bf, 0x05bf, 0x05bf, 0x05bf, 0x05bf, 0x05bf, 0x05bf, 0x05bf, 0x05bf, 0x05bf, 0x05bf, 0x05bf, 0x05bf, 0x05bf,
    0x05bf, 0x05bf, 0x05bf, 0x05bf, 0x05bf, 0x05bf, 0x05bf, 0x05bf, 0x05bf, 0x05bf, 0x05bf, 0x05bf, 0x05bf, 0x05bf, 0x05bf, 0x05bf,
    0x05bf, 0x05bf, 0x05bf, 0x05bf, 0x05bf, 0x05bf, 0x05bf, 0x05bf, 0x05bf, 0x05bf, 0x05bf, 0x05bf, 0x05bf, 0x05bf, 0x05bf, 0x05bf,
    0x05bf, 0x05bf, 0x05bf, 0x05bf, 0x05bf, 0x05bf, 0x05bf, 0x05bf, 0x05bf, 0x05bf, 0x05bf, 0x05bf, 0x05bf, 0x05bf, 0x05bf, 0x05bf,
    0x05bf, 0x05bf, 0x05bf, 0x05bf, 0x05bf, 0x05bf, 0x05bf, 0x05bf, 0x05bf, 0x05bf, 0x05bf, 0x05bf, 0x05bf, 0x05bf, 0x05bf, 0x05bf,
    0x05bf, 0x05bf, 0x05bf, 0x05bf, 0x05bf, 0x05bf, 0x05bf, 0x05bf, 0x05bf, 0x05bf, 0x05bf, 0x05bf, 0x05bf, 0x05bf, 0x05bf, 0x05bf,
    0xffff, 0xffff, 0xffff, 0xffff, 0xffff, 0xffff, 0xffff, 0xffff, 0xffff, 0xffff, 0xffff, 0xffff, 0xffff, 0xffff, 0xffff, 0x0000,
    0x0000, 0x0000, 0x0000, 0x0000, 0x0000, 0x0000, 0x0000, 0x0000, 0x0000, 0x0000, 0x0000, 0x0000, 0x0000, 0x0000, 0x080a, 0x080a,
    0x080a, 0x080a, 0x080a, 0x080a, 0x080a, 0x080a, 0x080a, 0x080a, 0x080a, 0x080a, 0x080a, 0x080a, 0x080a, 0x080a, 0x080a, 0x080a,
    0x080a, 0x080a, 0x080a, 0x080a, 0x080a, 0x6b36, 0x6b36, 0x6b36, 0x05bf, 0x05bf, 0x05bf, 0x05bf, 0x05bf, 0x05bf, 0x05bf, 0x05bf,
    0x6b36, 0x6b36, 0x6b36, 0x6b36, 0x2194, 0x2194, 0x2194, 0x2194, 0x2194, 0x2194, 0x2194, 0x2194, 0x2194, 0x2194, 0x2194, 0x2194,
    0x2194, 0x2194, 0x2194, 0x2194, 0x2194, 0x2194, 0x2194, 0x2194, 0x2194, 0x2194, 0x05bf, 0x05bf, 0x05bf, 0x05bf, 0x05bf, 0x05bf,
    0x05bf, 0x05bf, 0x05bf, 0x05bf, 0x05bf, 0x05bf, 0x05bf, 0x05bf, 0x05bf, 0x05bf, 0x05bf, 0x05bf, 0x05bf, 0x05bf, 0x05bf, 0x05bf,
    0x05bf, 0x05bf, 0x05bf, 0x05bf, 0x05bf, 0x05bf, 0x05bf, 0x05bf, 0x05bf, 0x05bf, 0x05bf, 0x05bf, 0x05bf, 0x05bf, 0x05bf, 0x05bf,
    0x05bf, 0x05bf, 0x05bf, 0x05bf, 0x05bf, 0x05bf, 0x05bf, 0x05bf, 0x05bf, 0x05bf, 0x05bf, 0x05bf, 0x05bf, 0x05bf, 0x05bf, 0x05bf,
    0x05bf, 0x05bf, 0x05bf, 0x05bf, 0x05bf, 0x05bf, 0x05bf, 0x05bf, 0x05bf, 0x05bf, 0x05bf, 0x05bf, 0x05bf, 0x05bf, 0x05bf, 0x05bf,
    0x05bf, 0x05bf, 0x05bf, 0x05bf, 0x05bf, 0x05bf, 0x05bf, 0x05bf, 0x05bf, 0x05bf, 0x05bf, 0x05bf, 0x05bf, 0x05bf, 0x05bf, 0x05bf,
    0x05bf, 0x05bf, 0x05bf, 0x05bf, 0x05bf, 0x05bf, 0x05bf, 0x05bf, 0x05bf, 0x05bf, 0x05bf, 0x05bf, 0x05bf, 0x05bf, 0x05bf, 0x05bf,
    0x05bf, 0x05bf, 0x05bf, 0x05bf, 0x05bf, 0x05bf, 0x05bf, 0x05bf, 0x05bf, 0x05bf, 0x05bf, 0x05bf, 0x05bf, 0x05bf, 0x05bf, 0x05bf,
    0x05bf, 0x05bf, 0x05bf, 0x05bf, 0x05bf, 0x05bf, 0x05bf, 0x05bf, 0x05bf, 0x05bf, 0x05bf, 0x05bf, 0x05bf, 0x05bf, 0x05bf, 0x05bf,
    0x05bf, 0x05bf, 0x05bf, 0x05bf, 0x05bf, 0x05bf, 0x05bf, 0x05bf, 0x05bf, 0x05bf, 0x05bf, 0x05bf, 0x05bf, 0x05bf, 0x05bf, 0x05bf,
    0xffff, 0xffff, 0xffff, 0xffff, 0xffff, 0xffff, 0xffff, 0xffff, 0xffff, 0xffff, 0xffff, 0xffff, 0xffff, 0xffff, 0xffff, 0x0000,
    0x0000, 0x0000, 0x0000, 0x0000, 0x0000, 0x0000, 0x0000, 0x0000, 0x0000, 0x0000, 0x0000, 0x0000, 0x0000, 0x0000, 0x080a, 0x080a,
    0x080a, 0x080a, 0x080a, 0x080a, 0x080a, 0x080a, 0x080a, 0x080a, 0x080a, 0x080a, 0x080a, 0x080a, 0x080a, 0x080a, 0x080a, 0x080a,
    0x080a, 0x080a, 0x080a, 0x080a, 0x080a, 0x6b36, 0x6b36, 0x6b36, 0x05bf, 0x05bf, 0x05bf, 0x05bf, 0x05bf, 0x05bf, 0x05bf, 0x05bf,
    0x6b36, 0x6b36, 0x6b36, 0x6b36, 0x2194, 0x2194, 0x2194, 0x2194, 0x2194, 0x2194, 0x2194, 0x2194, 0x2194, 0x2194, 0x2194, 0x2194,
    0x2194, 0x2194, 0x2194, 0x2194, 0x2194, 0x2194, 0x2194, 0x2194, 0x2194, 0x2194, 0x05bf, 0x05bf, 0x05bf, 0x05bf, 0x05bf, 0x05bf,
    0x05bf, 0x05bf, 0x05bf, 0x05bf, 0x05bf, 0x05bf, 0x05bf, 0x05bf, 0x05bf, 0x05bf, 0x05bf, 0x05bf, 0x05bf, 0x05bf, 0x05bf, 0x05bf,
    0x05bf, 0x05bf, 0x05bf, 0x05bf, 0x05bf, 0x05bf, 0x05bf, 0x05bf, 0x05bf, 0x05bf, 0x05bf, 0x05bf, 0x05bf, 0x05bf, 0x05bf, 0x05bf,
    0x05bf, 0x05bf, 0x05bf, 0x05bf, 0x05bf, 0x05bf, 0x05bf, 0x05bf, 0x05bf, 0x05bf, 0x05bf, 0x05bf, 0x05bf, 0x05bf, 0x05bf, 0x05bf,
    0x05bf, 0x05bf, 0x05bf, 0x05bf, 0x05bf, 0x05bf, 0x05bf, 0x05bf, 0x05bf, 0x05bf, 0x05bf, 0x05bf, 0x05bf, 0x05bf, 0x05bf, 0x05bf,
    0x05bf, 0x05bf, 0x05bf, 0x05bf, 0x05bf, 0x05bf, 0x05bf, 0x05bf, 0x05bf, 0x05bf, 0x05bf, 0x05bf, 0x05bf, 0x05bf, 0x05bf, 0x05bf,
    0x05bf, 0x05bf, 0x05bf, 0x05bf, 0x05bf, 0x05bf, 0x05bf, 0x05bf, 0x05bf, 0x05bf, 0x05bf, 0x05bf, 0x05bf, 0x05bf, 0x05bf, 0x05bf,
    0x05bf, 0x05bf, 0x05bf, 0x05bf, 0x05bf, 0x05bf, 0x05bf, 0x05bf, 0x05bf, 0x05bf, 0x05bf, 0x05bf, 0x05bf, 0x05bf, 0x05bf, 0x05bf,
    0x05bf, 0x05bf, 0x05bf, 0x05bf, 0x05bf, 0x05bf, 0x05bf, 0x05bf, 0x05bf, 0x05bf, 0x05bf, 0x05bf, 0x05bf, 0x05bf, 0x05bf, 0x05bf,
    0x05bf, 0x05bf, 0x05bf, 0x05bf, 0x05bf, 0x05bf, 0x05bf, 0x05bf, 0x05bf, 0x05bf, 0x05bf, 0x05bf, 0x05bf, 0x05bf, 0x05bf, 0x05bf,
    0xffff, 0xffff, 0xffff, 0xffff, 0xffff, 0xffff, 0xffff, 0xffff, 0xffff, 0xffff, 0xffff, 0xffff, 0xffff, 0xffff, 0xffff, 0x0000,
    0x0000, 0x0000, 0x0000, 0x0000, 0x0000, 0x0000, 0x0000, 0x0000, 0x0000, 0x0000, 0x0000, 0x0000, 0x0000, 0x0000, 0x080a, 0x080a,
    0x080a, 0x080a, 0x080a, 0x080a, 0x080a, 0x080a, 0x080a, 0x080a, 0x080a, 0x080a, 0x080a, 0x080a, 0x080a, 0x080a, 0x080a, 0x080a,
    0x080a, 0x080a, 0x080a, 0x080a, 0x080a, 0x6b36, 0x6b36, 0x6b36, 0x05bf, 0x05bf, 0x05bf, 0x05bf, 0x05bf, 0x05bf, 0x05bf, 0x05bf,
    0x6b36, 0x6b36, 0x6b36, 0x6b36, 0x2194, 0x2194, 0x2194, 0x2194, 0x2194, 0x2194, 0x2194, 0x2194, 0x2194, 0x2194, 0x2194, 0x2194,
    0x2194, 0x2194, 0x2194, 0x2194, 0x2194, 0x2194, 0x2194, 0x2194, 0x2194, 0x2194, 0x05bf, 0x05bf, 0x05bf, 0x05bf, 0x05bf, 0x05bf,
    0x05bf, 0x05bf, 0x05bf, 0x05bf, 0x05bf, 0x05bf, 0x05bf, 0x05bf, 0x05bf, 0x05bf, 0x05bf, 0x05bf, 0x05bf, 0x05bf, 0x05bf, 0x05bf,
    0x05bf, 0x05bf, 0x05bf, 0x05bf, 0x05bf, 0x05bf, 0x05bf, 0x05bf, 0x05bf, 0x05bf, 0x05bf, 0x05bf, 0x05bf, 0x05bf, 0x05bf, 0x05bf,
    0x05bf, 0x05bf, 0x05bf, 0x05bf, 0x05bf, 0x05bf, 0x05bf, 0x05bf, 0x05bf, 0x05bf, 0x05bf, 0x05bf, 0x05bf, 0x05bf, 0x05bf, 0x05bf,
    0x05bf, 0x05bf, 0x05bf, 0x05bf, 0x05bf, 0x05bf, 0x05bf, 0x05bf, 0x05bf, 0x05bf, 0x05bf, 0x05bf, 0x05bf, 0x05bf, 0x05bf, 0x05bf,
    0x05bf, 0x05bf, 0x05bf, 0x05bf, 0x05bf, 0x05bf, 0x05bf, 0x05bf, 0x05bf, 0x05bf, 0x05bf, 0x05bf, 0x05bf, 0x05bf, 0x05bf, 0x05bf,
    0x05bf, 0x05bf, 0x05bf, 0x05bf, 0x05bf, 0x05bf, 0x05bf, 0x05bf, 0x05bf, 0x05bf, 0x05bf, 0x05bf, 0x05bf, 0x05bf, 0x05bf, 0x05bf,
    0x05bf, 0x05bf, 0x05bf, 0x05bf, 0x05bf, 0x05bf, 0x05bf, 0x05bf, 0x05bf, 0x05bf, 0x05bf, 0x05bf, 0x05bf, 0x05bf, 0x05bf, 0x05bf,
    0x05bf, 0x05bf, 0x05bf, 0x05bf, 0x05bf, 0x05bf, 0x05bf, 0x05bf, 0x05bf, 0x05bf, 0x05bf, 0x05bf, 0x05bf, 0x05bf, 0x05bf, 0x05bf,
    0x05bf, 0x05bf, 0x05bf, 0x05bf, 0x05bf, 0x05bf, 0x05bf, 0x05bf, 0x05bf, 0x05bf, 0x05bf, 0x05bf, 0x05bf, 0x05bf, 0x05bf, 0x05bf,
    0xffff, 0xffff, 0xffff, 0xffff, 0xffff, 0xffff, 0xffff, 0xffff, 0xffff, 0xffff, 0xffff, 0xffff, 0xffff, 0xffff, 0xffff, 0x0000,
    0x0000, 0x0000, 0x0000, 0x0000, 0x0000, 0x0000, 0x0000, 0x0000, 0x0000, 0x0000, 0x0000, 0x0000, 0x0000, 0x0000, 0x080a, 0x080a,
    0x080a, 0x080a, 0x080a, 0x080a, 0x080a, 0x080a, 0x080a, 0x080a, 0x080a, 0x080a, 0x080a, 0x080a, 0x080a, 0x080a, 0x080a, 0x080a,
    0x080a, 0x080a, 0x080a, 0x080a, 0x080a, 0x6b36, 0x6b36, 0x6b36, 0x05bf, 0x05bf, 0x05bf, 0x05bf, 0x05bf, 0x05bf, 0x05bf, 0x05bf,
    0x6b36, 0x6b36, 0x6b36, 0x6b36, 0x2194, 0x2194, 0x2194, 0x2194, 0x2194, 0x2194, 0x2194, 0x2194, 0x2194, 0x2194, 0x2194, 0x2194,
    0x2194, 0x2194, 0x2194, 0x2194, 0x2194, 0x2194, 0x2194, 0x2194, 0x2194, 0x2194, 0x05bf, 0x05bf, 0x05bf, 0x05bf, 0x05bf, 0x05bf,
    0x05bf, 0x05bf, 0x05bf, 0x05bf, 0x05bf, 0x05bf, 0x05bf, 0x05bf, 0x05bf, 0x05bf, 0x05bf, 0x05bf, 0x05bf, 0x05bf, 0x05bf, 0x05bf,
    0x05bf, 0x05bf, 0x05bf, 0x05bf, 0x05bf, 0x05bf, 0x05bf, 0x05bf, 0x05bf, 0x05bf, 0x05bf, 0x05bf, 0x05bf, 0x05bf, 0x05bf, 0x05bf,
    0x05bf, 0x05bf, 0x05bf, 0x05bf, 0x05bf, 0x05bf, 0x05bf, 0x05bf, 0x05bf, 0x05bf, 0x05bf, 0x05bf, 0x05bf, 0x05bf, 0x05bf, 0x05bf,
    0x05bf, 0x05bf, 0x05bf, 0x05bf, 0x05bf, 0x05bf, 0x05bf, 0x05bf, 0x05bf, 0x05bf, 0x05bf, 0x05bf, 0x05bf, 0x05bf, 0x05bf, 0x05bf,
    0x05bf, 0x05bf, 0x05bf, 0x05bf, 0x05bf, 0x05bf, 0x05bf, 0x05bf, 0x05bf, 0x05bf, 0x05bf, 0x05bf, 0x05bf, 0x05bf, 0x05bf, 0x05bf,
    0x05bf, 0x05bf, 0x05bf, 0x05bf, 0x05bf, 0x05bf, 0x05bf, 0x05bf, 0x05bf, 0x05bf, 0x05bf, 0x05bf, 0x05bf, 0x05bf, 0x05bf, 0x05bf,
    0x05bf, 0x05bf, 0x05bf, 0x05bf, 0x05bf, 0x05bf, 0x05bf, 0x05bf, 0x05bf, 0x05bf, 0x05bf, 0x05bf, 0x05bf, 0x05bf, 0x05bf, 0x05bf,
    0x05bf, 0x05bf, 0x05bf, 0x05bf, 0x05bf, 0x05bf, 0x05bf, 0x05bf, 0x05bf, 0x05bf, 0x05bf, 0x05bf, 0x05bf, 0x05bf, 0x05bf, 0x05bf,
    0x05bf, 0x05bf, 0x05bf, 0x05bf, 0x05bf, 0x05bf, 0x05bf, 0x05bf, 0x05bf, 0x05bf, 0x05bf, 0x05bf, 0x05bf, 0x05bf, 0x05bf, 0x05bf,
    0xffff, 0xffff, 0xffff, 0xffff, 0xffff, 0xffff, 0xffff, 0xffff, 0xffff, 0xffff, 0xffff, 0xffff, 0xffff, 0xffff, 0xffff, 0x0000,
    0x0000, 0x0000, 0x0000, 0x0000, 0x0000, 0x0000, 0x0000, 0x0000, 0x0000, 0x0000, 0x0000, 0x0000, 0x0000, 0x0000, 0x080a, 0x080a,
    0x080a, 0x080a, 0x080a, 0x080a, 0x080a, 0x080a, 0x080a, 0x080a, 0x080a, 0x080a, 0x080a, 0x080a, 0x080a, 0x080a, 0x080a, 0x080a,
    0x080a, 0x05bf, 0x05bf, 0x05bf, 0x05bf, 0x05bf, 0x05bf, 0x05bf, 0x6b36, 0x6b36, 0x6b36, 0x6b36, 0x6b36, 0x6b36, 0x6b36, 0x6b36,
    0x6b36, 0x6b36, 0x6b36, 0x6b36, 0x2194, 0x2194, 0x2194, 0x2194, 0x2194, 0x2194, 0x2194, 0x2194, 0x2194, 0x2194, 0x2194, 0x2194,
    0x2194, 0x2194, 0x2194, 0x2194, 0x2194, 0x2194, 0x2194, 0x2194, 0x2194, 0x2194, 0x05bf, 0x05bf, 0x05bf, 0x05bf, 0x05bf, 0x05bf,
    0x05bf, 0x05bf, 0x05bf, 0x05bf, 0x05bf, 0x05bf, 0x05bf, 0x05bf, 0x05bf, 0x05bf, 0x05bf, 0x05bf, 0x05bf, 0x05bf, 0x05bf, 0x05bf,
    0x05bf, 0x05bf, 0x05bf, 0x05bf, 0x05bf, 0x05bf, 0x05bf, 0x05bf, 0x05bf, 0x05bf, 0x05bf, 0x05bf, 0x05bf, 0x05bf, 0x05bf, 0x05bf,
    0x05bf, 0x05bf, 0x05bf, 0x05bf, 0x05bf, 0x05bf, 0x05bf, 0x05bf, 0x05bf, 0x05bf, 0x05bf, 0x05bf, 0x05bf, 0x05bf, 0x05bf, 0x05bf,
    0x05bf, 0x05bf, 0x05bf, 0x05bf, 0x05bf, 0x05bf, 0x05bf, 0x05bf, 0x05bf, 0x05bf, 0x05bf, 0x05bf, 0x05bf, 0x05bf, 0x05bf, 0x05bf,
    0x05bf, 0x05bf, 0x05bf, 0x05bf, 0x05bf, 0x05bf, 0x05bf, 0x05bf, 0x05bf, 0x05bf, 0x05bf, 0x05bf, 0x05bf, 0x05bf, 0x05bf, 0x05bf,
    0x05bf, 0x05bf, 0x05bf, 0x05bf, 0x05bf, 0x05bf, 0x05bf, 0x05bf, 0x05bf, 0x05bf, 0x05bf, 0x05bf, 0x05bf, 0x05bf, 0x05bf, 0x05bf,
    0x05bf, 0x05bf, 0x05bf, 0x05bf, 0x05bf, 0x05bf, 0x05bf, 0x05bf, 0x05bf, 0x05bf, 0x05bf, 0x05bf, 0x05bf, 0x05bf, 0x05bf, 0x05bf,
    0x05bf, 0x05bf, 0x05bf, 0x05bf, 0x05bf, 0x05bf, 0x05bf, 0x05bf, 0x05bf, 0x05bf, 0x05bf, 0x05bf, 0x05bf, 0x05bf, 0x05bf, 0x05bf,
    0x05bf, 0x05bf, 0x05bf, 0x05bf, 0x05bf, 0x05bf, 0x05bf, 0x05bf, 0x05bf, 0x05bf, 0x05bf, 0x05bf, 0x05bf, 0x05bf, 0x05bf, 0x05bf,
    0xffff, 0xffff, 0xffff, 0xffff, 0xffff, 0xffff, 0xffff, 0xffff, 0xffff, 0xffff, 0xffff, 0xffff, 0xffff, 0xffff, 0xffff, 0x0000,
    0x0000, 0x0000, 0x0000, 0x0000, 0x0000, 0x0000, 0x0000, 0x0000, 0x0000, 0x0000, 0x0000, 0x0000, 0x0000, 0x0000, 0x080a, 0x080a,
    0x080a, 0x080a, 0x080a, 0x080a, 0x080a, 0x080a, 0x080a, 0x080a, 0x080a, 0x080a, 0x080a, 0x080a, 0x080a, 0x080a, 0x080a, 0x080a,
    0x080a, 0x05bf, 0x05bf, 0x05bf, 0x05bf, 0x05bf, 0x05bf, 0x05bf, 0x6b36, 0x6b36, 0x6b36, 0x6b36, 0x6b36, 0x6b36, 0x6b36, 0x6b36,
    0x6b36, 0x6b36, 0x6b36, 0x6b36, 0x2194, 0x2194, 0x2194, 0x2194, 0x2194, 0x2194, 0x2194, 0x2194, 0x2194, 0x2194, 0x2194, 0x2194,
    0x2194, 0x2194, 0x2194, 0x2194, 0x2194, 0x2194, 0x2194, 0x2194, 0x2194, 0x2194, 0x05bf, 0x05bf, 0x05bf, 0x05bf, 0x05bf, 0x05bf,
    0x05bf, 0x05bf, 0x05bf, 0x05bf, 0x05bf, 0x05bf, 0x05bf, 0x05bf, 0x05bf, 0x05bf, 0x05bf, 0x05bf, 0x05bf, 0x05bf, 0x05bf, 0x05bf,
    0x05bf, 0x05bf, 0x05bf, 0x05bf, 0x05bf, 0x05bf, 0x05bf, 0x05bf, 0x05bf, 0x05bf, 0x05bf, 0x05bf, 0x05bf, 0x05bf, 0x05bf, 0x05bf,
    0x05bf, 0x05bf, 0x05bf, 0x05bf, 0x05bf, 0x05bf, 0x05bf, 0x05bf, 0x05bf, 0x05bf, 0x05bf, 0x05bf, 0x05bf, 0x05bf, 0x05bf, 0x05bf,
    0x05bf, 0x05bf, 0x05bf, 0x05bf, 0x05bf, 0x05bf, 0x05bf, 0x05bf, 0x05bf, 0x05bf, 0x05bf, 0x05bf, 0x05bf, 0x05bf, 0x05bf, 0x05bf,
    0x05bf, 0x05bf, 0x05bf, 0x05bf, 0x05bf, 0x05bf, 0x05bf, 0x05bf, 0x05bf, 0x05bf, 0x05bf, 0x05bf, 0x05bf, 0x05bf, 0x05bf, 0x05bf,
    0x05bf, 0x05bf, 0x05bf, 0x05bf, 0x05bf, 0x05bf, 0x05bf, 0x05bf, 0x05bf, 0x05bf, 0x05bf, 0x05bf, 0x05bf, 0x05bf, 0x05bf, 0x05bf,
    0x05bf, 0x05bf, 0x05bf, 0x05bf, 0x05bf, 0x05bf, 0x05bf, 0x05bf, 0x05bf, 0x05bf, 0x05bf, 0x05bf, 0x05bf, 0x05bf, 0x05bf, 0x05bf,
    0x05bf, 0x05bf, 0x05bf, 0x05bf, 0x05bf, 0x05bf, 0x05bf, 0x05bf, 0x05bf, 0x05bf, 0x05bf, 0x05bf, 0x05bf, 0x05bf, 0x05bf, 0x05bf,
    0x05bf, 0x05bf, 0x05bf, 0x05bf, 0x05bf, 0x05bf, 0x05bf, 0x05bf, 0x05bf, 0x05bf, 0x05bf, 0x05bf, 0x05bf, 0x05bf, 0x05bf, 0x05bf,
    0xffff, 0xffff, 0xffff, 0xffff, 0xffff, 0xffff, 0xffff, 0xffff, 0xffff, 0xffff, 0xffff, 0xffff, 0xffff, 0xffff, 0xffff, 0x0000,
    0x0000, 0x0000, 0x0000, 0x0000, 0x0000, 0x0000, 0x0000, 0x0000, 0x0000, 0x0000, 0x0000, 0x0000, 0x0000, 0x0000, 0x080a, 0x080a,
    0x080a, 0x080a, 0x080a, 0x080a, 0x080a, 0x080a, 0x080a, 0x080a, 0x080a, 0x080a, 0x080a, 0x080a, 0x080a, 0x080a, 0x080a, 0x080a,
    0x080a, 0x05bf, 0x05bf, 0x05bf, 0x05bf, 0x05bf, 0x05bf, 0x05bf, 0x6b36, 0x6b36, 0x6b36, 0x6b36, 0x6b36, 0x6b36, 0x6b36, 0x6b36,
    0x6b36, 0x6b36, 0x6b36, 0x6b36, 0x2194, 0x2194, 0x2194, 0x2194, 0x2194, 0x2194, 0x2194, 0x2194, 0x2194, 0x2194, 0x2194, 0x2194,
    0x2194, 0x2194, 0x2194, 0x2194, 0x2194, 0x2194, 0x2194, 0x2194, 0x2194, 0x2194, 0x05bf, 0x05bf, 0x05bf, 0x05bf, 0x05bf, 0x05bf,
    0x05bf, 0x05bf, 0x05bf, 0x05bf, 0x05bf, 0x05bf, 0x05bf, 0x05bf, 0x05bf, 0x05bf, 0x05bf, 0x05bf, 0x05bf, 0x05bf, 0x05bf, 0x05bf,
    0x05bf, 0x05bf, 0x05bf, 0x05bf, 0x05bf, 0x05bf, 0x05bf, 0x05bf, 0x05bf, 0x05bf, 0x05bf, 0x05bf, 0x05bf, 0x05bf, 0x05bf, 0x05bf,
    0x05bf, 0x05bf, 0x05bf, 0x05bf, 0x05bf, 0x05bf, 0x05bf, 0x05bf, 0x05bf, 0x05bf, 0x05bf, 0x05bf, 0x05bf, 0x05bf, 0x05bf, 0x05bf,
    0x05bf, 0x05bf, 0x05bf, 0x05bf, 0x05bf, 0x05bf, 0x05bf, 0x05bf, 0x05bf, 0x05bf, 0x05bf, 0x05bf, 0x05bf, 0x05bf, 0x05bf, 0x05bf,
    0x05bf, 0x05bf, 0x05bf, 0x05bf, 0x05bf, 0x05bf, 0x05bf, 0x05bf, 0x05bf, 0x05bf, 0x05bf, 0x05bf, 0x05bf, 0x05bf, 0x05bf, 0x05bf,
    0x05bf, 0x05bf, 0x05bf, 0x05bf, 0x05bf, 0x05bf, 0x05bf, 0x05bf, 0x05bf, 0x05bf, 0x05bf, 0x05bf, 0x05bf, 0x05bf, 0x05bf, 0x05bf,
    0x05bf, 0x05bf, 0x05bf, 0x05bf, 0x05bf, 0x05bf, 0x05bf, 0x05bf, 0x05bf, 0x05bf, 0x05bf, 0x05bf, 0x05bf, 0x05bf, 0x05bf, 0x05bf,
    0x05bf, 0x05bf, 0x05bf, 0x05bf, 0x05bf, 0x05bf, 0x05bf, 0x05bf, 0x05bf, 0x05bf, 0x05bf, 0x05bf, 0x05bf, 0x05bf, 0x05bf, 0x05bf,
    0x05bf, 0x05bf, 0x05bf, 0x05bf, 0x05bf, 0x05bf, 0x05bf, 0x05bf, 0x05bf, 0x05bf, 0x05bf, 0x05bf, 0x05bf, 0x05bf, 0x05bf, 0x05bf,
    0xffff, 0xffff, 0xffff, 0xffff, 0xffff, 0xffff, 0xffff, 0xffff, 0xffff, 0xffff, 0xffff, 0xffff, 0xffff, 0xffff, 0xffff, 0x0000,
    0x0000, 0x0000, 0x0000, 0x0000, 0x0000, 0x0000, 0x0000, 0x0000, 0x0000, 0x0000, 0x0000, 0x0000, 0x0000, 0x0000, 0x080a, 0x080a,
    0x080a, 0x080a, 0x080a, 0x080a, 0x080a, 0x080a, 0x080a, 0x080a, 0x080a, 0x080a, 0x080a, 0x080a, 0x080a, 0x080a, 0x080a, 0x080a,
    0x080a, 0x05bf, 0x05bf, 0x05bf, 0x05bf, 0x05bf, 0x05bf, 0x05bf, 0x6b36, 0x6b36, 0x6b36, 0x6b36, 0x6b36, 0x6b36, 0x6b36, 0x6b36,
    0x6b36, 0x6b36, 0x6b36, 0x6b36, 0x2194, 0x2194, 0x2194, 0x2194, 0x2194, 0x2194, 0x2194, 0x2194, 0x2194, 0x2194, 0x2194, 0x2194,
    0x2194, 0x2194, 0x2194, 0x2194, 0x2194, 0x2194, 0x2194, 0x2194, 0x2194, 0x2194, 0x05bf, 0x05bf, 0x05bf, 0x05bf, 0x05bf, 0x05bf,
    0x05bf, 0x05bf, 0x05bf, 0x05bf, 0x05bf, 0x05bf, 0x05bf, 0x05bf, 0x05bf, 0x05bf, 0x05bf, 0x05bf, 0x05bf, 0x05bf, 0x05bf, 0x05bf,
    0x05bf, 0x05bf, 0x05bf, 0x05bf, 0x05bf, 0x05bf, 0x05bf, 0x05bf, 0x05bf, 0x05bf, 0x05bf, 0x05bf, 0x05bf, 0x05bf, 0x05bf, 0x05bf,
    0x05bf, 0x05bf, 0x05bf, 0x05bf, 0x05bf, 0x05bf, 0x05bf, 0x05bf, 0x05bf, 0x05bf, 0x05bf, 0x05bf, 0x05bf, 0x05bf, 0x05bf, 0x05bf,
    0x05bf, 0x05bf, 0x05bf, 0x05bf, 0x05bf, 0x05bf, 0x05bf, 0x05bf, 0x05bf, 0x05bf, 0x05bf, 0x05bf, 0x05bf, 0x05bf, 0x05bf, 0x05bf,
    0x05bf, 0x05bf, 0x05bf, 0x05bf, 0x05bf, 0x05bf, 0x05bf, 0x05bf, 0x05bf, 0x05bf, 0x05bf, 0x05bf, 0x05bf, 0x05bf, 0x05bf, 0x05bf,
    0x05bf, 0x05bf, 0x05bf, 0x05bf, 0x05bf, 0x05bf, 0x05bf, 0x05bf, 0x05bf, 0x05bf, 0x05bf, 0x05bf, 0x05bf, 0x05bf, 0x05bf, 0x05bf,
    0x05bf, 0x05bf, 0x05bf, 0x05bf, 0x05bf, 0x05bf, 0x05bf, 0x05bf, 0x05bf, 0x05bf, 0x05bf, 0x05bf, 0x05bf, 0x05bf, 0x05bf, 0x05bf,
    0x05bf, 0x05bf, 0x05bf, 0x05bf, 0x05bf, 0x05bf, 0x05bf, 0x05bf, 0x05bf, 0x05bf, 0x05bf, 0x05bf, 0x05bf, 0x05bf, 0x05bf, 0x05bf,
    0x05bf, 0x05bf, 0x05bf, 0x05bf, 0x05bf, 0x05bf, 0x05bf, 0x05bf, 0x05bf, 0x05bf, 0x05bf, 0x05bf, 0x05bf, 0x05bf, 0x05bf, 0x05bf,
    0x0000, 0x0000, 0x0000, 0x0000, 0x0000, 0x0000, 0x0000, 0x0000, 0x0000, 0x0000, 0x0000, 0x0000, 0x0000, 0x0000, 0x0000, 0x0000,
    0x0000, 0x0000, 0x0000, 0x0000, 0x0000, 0x0000, 0x0000, 0x080a, 0x080a, 0x080a, 0x080a, 0x080a, 0x080a, 0x080a, 0x080a, 0x080a,
    0x080a, 0x080a, 0x080a, 0x080a, 0x080a, 0x080a, 0x05bf, 0x05bf, 0x05bf, 0x05bf, 0x05bf, 0x05bf, 0x05bf, 0x05bf, 0x05bf, 0x05bf,
    0x05bf, 0x6b36, 0x6b36, 0x6b36, 0x6b36, 0x6b36, 0x6b36, 0x6b36, 0x6b36, 0x6b36, 0x6b36, 0x6b36, 0x2194, 0x2194, 0x2194, 0x2194,
    0x2194, 0x2194, 0x2194, 0x2194, 0x2194, 0x2194, 0x2194, 0x2194, 0x2194, 0x2194, 0x2194, 0x05bf, 0x05bf, 0x05bf, 0x05bf, 0x05bf,
    0x05bf, 0x05bf, 0x05bf, 0x05bf, 0x05bf, 0x05bf, 0x05bf, 0x05bf, 0x05bf, 0x05bf, 0x05bf, 0x05bf, 0x05bf, 0x05bf, 0x05bf, 0x05bf,
    0x05bf, 0x05bf, 0x05bf, 0x05bf, 0x05bf, 0x05bf, 0x05bf, 0x05bf, 0x05bf, 0x05bf, 0x05bf, 0x05bf, 0x05bf, 0x05bf, 0x05bf, 0x05bf,
    0x05bf, 0x05bf, 0x05bf, 0x05bf, 0x05bf, 0x05bf, 0x05bf, 0x05bf, 0x05bf, 0x05bf, 0x05bf, 0x05bf, 0x05bf, 0x05bf, 0x05bf, 0x05bf,
    0x05bf, 0x05bf, 0x05bf, 0x05bf, 0x05bf, 0x05bf, 0x05bf, 0x05bf, 0x05bf, 0x05bf, 0x05bf, 0x05bf, 0x05bf, 0x05bf, 0x05bf, 0x05bf,
    0x05bf, 0x05bf, 0x05bf, 0x05bf, 0x05bf, 0x05bf, 0x05bf, 0x05bf, 0x05bf, 0x05bf, 0x05bf, 0x05bf, 0x05bf, 0x05bf, 0x05bf, 0x05bf,
    0x05bf, 0x05bf, 0x05bf, 0x05bf, 0x05bf, 0x05bf, 0x05bf, 0x05bf, 0x05bf, 0x05bf, 0x05bf, 0x05bf, 0x05bf, 0x05bf, 0x05bf, 0x05bf,
    0x05bf, 0x05bf, 0x05bf, 0x05bf, 0x05bf, 0x05bf, 0x05bf, 0x05bf, 0x05bf, 0x05bf, 0x05bf, 0x05bf, 0x05bf, 0x05bf, 0x05bf, 0x05bf,
    0x05bf, 0x05bf, 0x05bf, 0x05bf, 0x05bf, 0x05bf, 0x05bf, 0x05bf, 0x05bf, 0x05bf, 0x05bf, 0x05bf, 0x05bf, 0x05bf, 0x05bf, 0x05bf,
    0x05bf, 0x05bf, 0x05bf, 0x05bf, 0x05bf, 0x05bf, 0x05bf, 0x05bf, 0x05bf, 0x05bf, 0x05bf, 0x05bf, 0x05bf, 0x05bf, 0x05bf, 0x05bf,
    0x05bf, 0x05bf, 0x05bf, 0x05bf, 0x05bf, 0x05bf, 0x05bf, 0x05bf, 0x05bf, 0x05bf, 0x05bf, 0x05bf, 0x05bf, 0x05bf, 0x05bf, 0x05bf,
    0x0000, 0x0000, 0x0000, 0x0000, 0x0000, 0x0000, 0x0000, 0x0000, 0x0000, 0x0000, 0x0000, 0x0000, 0x0000, 0x0000, 0x0000, 0x0000,
    0x0000, 0x0000, 0x0000, 0x0000, 0x0000, 0x0000, 0x0000, 0x080a, 0x080a, 0x080a, 0x080a, 0x080a, 0x080a, 0x080a, 0x080a, 0x080a,
    0x080a, 0x080a, 0x080a, 0x080a, 0x080a, 0x080a, 0x05bf, 0x05bf, 0x05bf, 0x05bf, 0x05bf, 0x05bf, 0x05bf, 0x05bf, 0x05bf, 0x05bf,
    0x05bf, 0x6b36, 0x6b36, 0x6b36, 0x6b36, 0x6b36, 0x6b36, 0x6b36, 0x6b36, 0x6b36, 0x6b36, 0x6b36, 0x2194, 0x2194, 0x2194, 0x2194,
    0x2194, 0x2194, 0x2194, 0x2194, 0x2194, 0x2194, 0x2194, 0x2194, 0x2194, 0x2194, 0x2194, 0x05bf, 0x05bf, 0x05bf, 0x05bf, 0x05bf,
    0x05bf, 0x05bf, 0x05bf, 0x05bf, 0x05bf, 0x05bf, 0x05bf, 0x05bf, 0x05bf, 0x05bf, 0x05bf, 0x05bf, 0x05bf, 0x05bf, 0x05bf, 0x05bf,
    0x05bf, 0x05bf, 0x05bf, 0x05bf, 0x05bf, 0x05bf, 0x05bf, 0x05bf, 0x05bf, 0x05bf, 0x05bf, 0x05bf, 0x05bf, 0x05bf, 0x05bf, 0x05bf,
    0x05bf, 0x05bf, 0x05bf, 0x05bf, 0x05bf, 0x05bf, 0x05bf, 0x05bf, 0x05bf, 0x05bf, 0x05bf, 0x05bf, 0x05bf, 0x05bf, 0x05bf, 0x05bf,
    0x05bf, 0x05bf, 0x05bf, 0x05bf, 0x05bf, 0x05bf, 0x05bf, 0x05bf, 0x05bf, 0x05bf, 0x05bf, 0x05bf, 0x05bf, 0x05bf, 0x05bf, 0x05bf,
    0x05bf, 0x05bf, 0x05bf, 0x05bf, 0x05bf, 0x05bf, 0x05bf, 0x05bf, 0x05bf, 0x05bf, 0x05bf, 0x05bf, 0x05bf, 0x05bf, 0x05bf, 0x05bf,
    0x05bf, 0x05bf, 0x05bf, 0x05bf, 0x05bf, 0x05bf, 0x05bf, 0x05bf, 0x05bf, 0x05bf, 0x05bf, 0x05bf, 0x05bf, 0x05bf, 0x05bf, 0x05bf,
    0x05bf, 0x05bf, 0x05bf, 0x05bf, 0x05bf, 0x05bf, 0x05bf, 0x05bf, 0x05bf, 0x05bf, 0x05bf, 0x05bf, 0x05bf, 0x05bf, 0x05bf, 0x05bf,
    0x05bf, 0x05bf, 0x05bf, 0x05bf, 0x05bf, 0x05bf, 0x05bf, 0x05bf, 0x05bf, 0x05bf, 0x05bf, 0x05bf, 0x05bf, 0x05bf, 0x05bf, 0x05bf,
    0x05bf, 0x05bf, 0x05bf, 0x05bf, 0x05bf, 0x05bf, 0x05bf, 0x05bf, 0x05bf, 0x05bf, 0x05bf, 0x05bf, 0x05bf, 0x05bf, 0x05bf, 0x05bf,
    0x05bf, 0x05bf, 0x05bf, 0x05bf, 0x05bf, 0x05bf, 0x05bf, 0x05bf, 0x05bf, 0x05bf, 0x05bf, 0x05bf, 0x05bf, 0x05bf, 0x05bf, 0x05bf,
    0x0000, 0x0000, 0x0000, 0x0000, 0x0000, 0x0000, 0x0000, 0x0000, 0x0000, 0x0000, 0x0000, 0x0000, 0x0000, 0x0000, 0x0000, 0x0000,
    0x0000, 0x0000, 0x0000, 0x0000, 0x0000, 0x0000, 0x0000, 0x080a, 0x080a, 0x080a, 0x080a, 0x080a, 0x080a, 0x080a, 0x080a, 0x080a,
    0x080a, 0x080a, 0x080a, 0x080a, 0x080a, 0x080a, 0x05bf, 0x05bf, 0x05bf, 0x05bf, 0x05bf, 0x05bf, 0x05bf, 0x05bf, 0x05bf, 0x05bf,
    0x05bf, 0x6b36, 0x6b36, 0x6b36, 0x6b36, 0x6b36, 0x6b36, 0x6b36, 0x6b36, 0x6b36, 0x6b36, 0x6b36, 0x2194, 0x2194, 0x2194, 0x2194,
    0x2194, 0x2194, 0x2194, 0x2194, 0x2194, 0x2194, 0x2194, 0x2194, 0x2194, 0x2194, 0x2194, 0x05bf, 0x05bf, 0x05bf, 0x05bf, 0x05bf,
    0x05bf, 0x05bf, 0x05bf, 0x05bf, 0x05bf, 0x05bf, 0x05bf, 0x05bf, 0x05bf, 0x05bf, 0x05bf, 0x05bf, 0x05bf, 0x05bf, 0x05bf, 0x05bf,
    0x05bf, 0x05bf, 0x05bf, 0x05bf, 0x05bf, 0x05bf, 0x05bf, 0x05bf, 0x05bf, 0x05bf, 0x05bf, 0x05bf, 0x05bf, 0x05bf, 0x05bf, 0x05bf,
    0x05bf, 0x05bf, 0x05bf, 0x05bf, 0x05bf, 0x05bf, 0x05bf, 0x05bf, 0x05bf, 0x05bf, 0x05bf, 0x05bf, 0x05bf, 0x05bf, 0x05bf, 0x05bf,
    0x05bf, 0x05bf, 0x05bf, 0x05bf, 0x05bf, 0x05bf, 0x05bf, 0x05bf, 0x05bf, 0x05bf, 0x05bf, 0x05bf, 0x05bf, 0x05bf, 0x05bf, 0x05bf,
    0x05bf, 0x05bf, 0x05bf, 0x05bf, 0x05bf, 0x05bf, 0x05bf, 0x05bf, 0x05bf, 0x05bf, 0x05bf, 0x05bf, 0x05bf, 0x05bf, 0x05bf, 0x05bf,
    0x05bf, 0x05bf, 0x05bf, 0x05bf, 0x05bf, 0x05bf, 0x05bf, 0x05bf, 0x05bf, 0x05bf, 0x05bf, 0x05bf, 0x05bf, 0x05bf, 0x05bf, 0x05bf,
    0x05bf, 0x05bf, 0x05bf, 0x05bf, 0x05bf, 0x05bf, 0x05bf, 0x05bf, 0x05bf, 0x05bf, 0x05bf, 0x05bf, 0x05bf, 0x05bf, 0x05bf, 0x05bf,
    0x05bf, 0x05bf, 0x05bf, 0x05bf, 0x05bf, 0x05bf, 0x05bf, 0x05bf, 0x05bf, 0x05bf, 0x05bf, 0x05bf, 0x05bf, 0x05bf, 0x05bf, 0x05bf,
    0x05bf, 0x05bf, 0x05bf, 0x05bf, 0x05bf, 0x05bf, 0x05bf, 0x05bf, 0x05bf, 0x05bf, 0x05bf, 0x05bf, 0x05bf, 0x05bf, 0x05bf, 0x05bf,
    0x05bf, 0x05bf, 0x05bf, 0x05bf, 0x05bf, 0x05bf, 0x05bf, 0x05bf, 0x05bf, 0x05bf, 0x05bf, 0x05bf, 0x05bf, 0x05bf, 0x05bf, 0x05bf,
    0x0000, 0x0000, 0x0000, 0x0000, 0x0000, 0x0000, 0x0000, 0x0000, 0x0000, 0x0000, 0x0000, 0x0000, 0x0000, 0x0000, 0x0000, 0x0000,
    0x0000, 0x0000, 0x0000, 0x0000, 0x0000, 0x0000, 0x0000, 0x080a, 0x080a, 0x080a, 0x080a, 0x080a, 0x080a, 0x080a, 0x080a, 0x080a,
    0x080a, 0x080a, 0x080a, 0x080a, 0x080a, 0x080a, 0x05bf, 0x05bf, 0x05bf, 0x6b36, 0x6b36, 0x6b36, 0x6b36, 0x6b36, 0x6b36, 0x6b36,
    0x6b36, 0x6b36, 0x6b36, 0x6b36, 0x6b36, 0x6b36, 0x6b36, 0x6b36, 0x6b36, 0x6b36, 0x6b36, 0x6b36, 0x2194, 0x2194, 0x2194, 0x2194,
    0x2194, 0x2194, 0x2194, 0x2194, 0x2194, 0x2194, 0x2194, 0x2194, 0x2194, 0x2194, 0x2194, 0x05bf, 0x05bf, 0x05bf, 0x05bf, 0x05bf,
    0x05bf, 0x05bf, 0x05bf, 0x05bf, 0x05bf, 0x05bf, 0x05bf, 0x05bf, 0x05bf, 0x05bf, 0x05bf, 0x05bf, 0x05bf, 0x05bf, 0x05bf, 0x05bf,
    0x05bf, 0x05bf, 0x05bf, 0x05bf, 0x05bf, 0x05bf, 0x05bf, 0x05bf, 0x05bf, 0x05bf, 0x05bf, 0x05bf, 0x05bf, 0x05bf, 0x05bf, 0x05bf,
    0x05bf, 0x05bf, 0x05bf, 0x05bf, 0x05bf, 0x05bf, 0x05bf, 0x05bf, 0x05bf, 0x05bf, 0x05bf, 0x05bf, 0x05bf, 0x05bf, 0x05bf, 0x05bf,
    0x05bf, 0x05bf, 0x05bf, 0x05bf, 0x05bf, 0x05bf, 0x05bf, 0x05bf, 0x05bf, 0x05bf, 0x05bf, 0x05bf, 0x05bf, 0x05bf, 0x05bf, 0x05bf,
    0x05bf, 0x05bf, 0x05bf, 0x05bf, 0x05bf, 0x05bf, 0x05bf, 0x05bf, 0x05bf, 0x05bf, 0x05bf, 0x05bf, 0x05bf, 0x05bf, 0x05bf, 0x05bf,
    0x05bf, 0x05bf, 0x05bf, 0x05bf, 0x05bf, 0x05bf, 0x05bf, 0x05bf, 0x05bf, 0x05bf, 0x05bf, 0x05bf, 0x05bf, 0x05bf, 0x05bf, 0x05bf,
    0x05bf, 0x05bf, 0x05bf, 0x05bf, 0x05bf, 0x05bf, 0x05bf, 0x05bf, 0x05bf, 0x05bf, 0x05bf, 0x05bf, 0x05bf, 0x05bf, 0x05bf, 0x05bf,
    0x05bf, 0x05bf, 0x05bf, 0x05bf, 0x05bf, 0x05bf, 0x05bf, 0x05bf, 0x05bf, 0x05bf, 0x05bf, 0x05bf, 0x05bf, 0x05bf, 0x05bf, 0x05bf,
    0x05bf, 0x05bf, 0x05bf, 0x05bf, 0x05bf, 0x05bf, 0x05bf, 0x05bf, 0x05bf, 0x05bf, 0x05bf, 0x05bf, 0x05bf, 0x05bf, 0x05bf, 0x05bf,
    0x05bf, 0x05bf, 0x05bf, 0x05bf, 0x05bf, 0x05bf, 0x05bf, 0x05bf, 0x05bf, 0x05bf, 0x05bf, 0x05bf, 0x05bf, 0x05bf, 0x05bf, 0x05bf,
    0x0000, 0x0000, 0x0000, 0x0000, 0x0000, 0x0000, 0x0000, 0x0000, 0x0000, 0x0000, 0x0000, 0x0000, 0x0000, 0x0000, 0x0000, 0x0000,
    0x0000, 0x0000, 0x0000, 0x0000, 0x0000, 0x0000, 0x0000, 0x080a, 0x080a, 0x080a, 0x080a, 0x080a, 0x080a, 0x080a, 0x080a, 0x080a,
    0x080a, 0x080a, 0x080a, 0x080a, 0x080a, 0x080a, 0x05bf, 0x05bf, 0x05bf, 0x6b36, 0x6b36, 0x6b36, 0x6b36, 0x6b36, 0x6b36, 0x6b36,
    0x6b36, 0x6b36, 0x6b36, 0x6b36, 0x6b36, 0x6b36, 0x6b36, 0x6b36, 0x6b36, 0x6b36, 0x6b36, 0x6b36, 0x2194, 0x2194, 0x2194, 0x2194,
    0x2194, 0x2194, 0x2194, 0x2194, 0x2194, 0x2194, 0x2194, 0x2194, 0x2194, 0x2194, 0x2194, 0x05bf, 0x05bf, 0x05bf, 0x05bf, 0x05bf,
    0x05bf, 0x05bf, 0x05bf, 0x05bf, 0x05bf, 0x05bf, 0x05bf, 0x05bf, 0x05bf, 0x05bf, 0x05bf, 0x05bf, 0x05bf, 0x05bf, 0x05bf, 0x05bf,
    0x05bf, 0x05bf, 0x05bf, 0x05bf, 0x05bf, 0x05bf, 0x05bf, 0x05bf, 0x05bf, 0x05bf, 0x05bf, 0x05bf, 0x05bf, 0x05bf, 0x05bf, 0x05bf,
    0x05bf, 0x05bf, 0x05bf, 0x05bf, 0x05bf, 0x05bf, 0x05bf, 0x05bf, 0x05bf, 0x05bf, 0x05bf, 0x05bf, 0x05bf, 0x05bf, 0x05bf, 0x05bf,
    0x05bf, 0x05bf, 0x05bf, 0x05bf, 0x05bf, 0x05bf, 0x05bf, 0x05bf, 0x05bf, 0x05bf, 0x05bf, 0x05bf, 0x05bf, 0x05bf, 0x05bf, 0x05bf,
    0x05bf, 0x05bf, 0x05bf, 0x05bf, 0x05bf, 0x05bf, 0x05bf, 0x05bf, 0x05bf, 0x05bf, 0x05bf, 0x05bf, 0x05bf, 0x05bf, 0x05bf, 0x05bf,
    0x05bf, 0x05bf, 0x05bf, 0x05bf, 0x05bf, 0x05bf, 0x05bf, 0x05bf, 0x05bf, 0x05bf, 0x05bf, 0x05bf, 0x05bf, 0x05bf, 0x05bf, 0x05bf,
    0x05bf, 0x05bf, 0x05bf, 0x05bf, 0x05bf, 0x05bf, 0x05bf, 0x05bf, 0x05bf, 0x05bf, 0x05bf, 0x05bf, 0x05bf, 0x05bf, 0x05bf, 0x05bf,
    0x05bf, 0x05bf, 0x05bf, 0x05bf, 0x05bf, 0x05bf, 0x05bf, 0x05bf, 0x05bf, 0x05bf, 0x05bf, 0x05bf, 0x05bf, 0x05bf, 0x05bf, 0x05bf,
    0x05bf, 0x05bf, 0x05bf, 0x05bf, 0x05bf, 0x05bf, 0x05bf, 0x05bf, 0x05bf, 0x05bf, 0x05bf, 0x05bf, 0x05bf, 0x05bf, 0x05bf, 0x05bf,
    0x05bf, 0x05bf, 0x05bf, 0x05bf, 0x05bf, 0x05bf, 0x05bf, 0x05bf, 0x05bf, 0x05bf, 0x05bf, 0x05bf, 0x05bf, 0x05bf, 0x05bf, 0x05bf,
    0x0000, 0x0000, 0x0000, 0x0000, 0x0000, 0x0000, 0x0000, 0x0000, 0x0000, 0x0000, 0x0000, 0x0000, 0x0000, 0x0000, 0x0000, 0x0000,
    0x0000, 0x0000, 0x0000, 0x0000, 0x0000, 0x0000, 0x0000, 0x080a, 0x080a, 0x080a, 0x080a, 0x080a, 0x080a, 0x080a, 0x080a, 0x080a,
    0x080a, 0x080a, 0x080a, 0x080a, 0x080a, 0x080a, 0x05bf, 0x05bf, 0x05bf, 0x6b36, 0x6b36, 0x6b36, 0x6b36, 0x6b36, 0x6b36, 0x6b36,
    0x6b36, 0x6b36, 0x6b36, 0x6b36, 0x6b36, 0x6b36, 0x6b36, 0x6b36, 0x6b36, 0x6b36, 0x6b36, 0x6b36, 0x2194, 0x2194, 0x2194, 0x2194,
    0x2194, 0x2194, 0x2194, 0x2194, 0x2194, 0x2194, 0x2194, 0x2194, 0x2194, 0x2194, 0x2194, 0x05bf, 0x05bf, 0x05bf, 0x05bf, 0x05bf,
    0x05bf, 0x05bf, 0x05bf, 0x05bf, 0x05bf, 0x05bf, 0x05bf, 0x05bf, 0x05bf, 0x05bf, 0x05bf, 0x05bf, 0x05bf, 0x05bf, 0x05bf, 0x05bf,
    0x05bf, 0x05bf, 0x05bf, 0x05bf, 0x05bf, 0x05bf, 0x05bf, 0x05bf, 0x05bf, 0x05bf, 0x05bf, 0x05bf, 0x05bf, 0x05bf, 0x05bf, 0x05bf,
    0x05bf, 0x05bf, 0x05bf, 0x05bf, 0x05bf, 0x05bf, 0x05bf, 0x05bf, 0x05bf, 0x05bf, 0x05bf, 0x05bf, 0x05bf, 0x05bf, 0x05bf, 0x05bf,
    0x05bf, 0x05bf, 0x05bf, 0x05bf, 0x05bf, 0x05bf, 0x05bf, 0x05bf, 0x05bf, 0x05bf, 0x05bf, 0x05bf, 0x05bf, 0x05bf, 0x05bf, 0x05bf,
    0x05bf, 0x05bf, 0x05bf, 0x05bf, 0x05bf, 0x05bf, 0x05bf, 0x05bf, 0x05bf, 0x05bf, 0x05bf, 0x05bf, 0x05bf, 0x05bf, 0x05bf, 0x05bf,
    0x05bf, 0x05bf, 0x05bf, 0x05bf, 0x05bf, 0x05bf, 0x05bf, 0x05bf, 0x05bf, 0x05bf, 0x05bf, 0x05bf, 0x05bf, 0x05bf, 0x05bf, 0x05bf,
    0x05bf, 0x05bf, 0x05bf, 0x05bf, 0x05bf, 0x05bf, 0x05bf, 0x05bf, 0x05bf, 0x05bf, 0x05bf, 0x05bf, 0x05bf, 0x05bf, 0x05bf, 0x05bf,
    0x05bf, 0x05bf, 0x05bf, 0x05bf, 0x05bf, 0x05bf, 0x05bf, 0x05bf, 0x05bf, 0x05bf, 0x05bf, 0x05bf, 0x05bf, 0x05bf, 0x05bf, 0x05bf,
    0x05bf, 0x05bf, 0x05bf, 0x05bf, 0x05bf, 0x05bf, 0x05bf, 0x05bf, 0x05bf, 0x05bf, 0x05bf, 0x05bf, 0x05bf, 0x05bf, 0x05bf, 0x05bf,
    0x05bf, 0x05bf, 0x05bf, 0x05bf, 0x05bf, 0x05bf, 0x05bf, 0x05bf, 0x05bf, 0x05bf, 0x05bf, 0x05bf, 0x05bf, 0x05bf, 0x05bf, 0x05bf,
    0x0000, 0x0000, 0x0000, 0x0000, 0x0000, 0x0000, 0x0000, 0x0000, 0x0000, 0x0000, 0x0000, 0x0000, 0x0000, 0x0000, 0x0000, 0x0000,
    0x0000, 0x0000, 0x0000, 0x0000, 0x0000, 0x0000, 0x0000, 0x080a, 0x080a, 0x080a, 0x080a, 0x080a, 0x080a, 0x080a, 0x080a, 0x080a,
    0x080a, 0x080a, 0x080a, 0x080a, 0x080a, 0x080a, 0x05bf, 0x05bf, 0x05bf, 0x6b36, 0x6b36, 0x6b36, 0x6b36, 0x6b36, 0x6b36, 0x6b36,
    0x6b36, 0x6b36, 0x6b36, 0x6b36, 0x6b36, 0x6b36, 0x6b36, 0x6b36, 0x6b36, 0x6b36, 0x6b36, 0x6b36, 0x2194, 0x2194, 0x2194, 0x2194,
    0x2194, 0x2194, 0x2194, 0x2194, 0x2194, 0x2194, 0x2194, 0x2194, 0x2194, 0x2194, 0x2194, 0x05bf, 0x05bf, 0x05bf, 0x05bf, 0x05bf,
    0x05bf, 0x05bf, 0x05bf, 0x05bf, 0x05bf, 0x05bf, 0x05bf, 0x05bf, 0x05bf, 0x05bf, 0x05bf, 0x05bf, 0x05bf, 0x05bf, 0x05bf, 0x05bf,
    0x05bf, 0x05bf, 0x05bf, 0x05bf, 0x05bf, 0x05bf, 0x05bf, 0x05bf, 0x05bf, 0x05bf, 0x05bf, 0x05bf, 0x05bf, 0x05bf, 0x05bf, 0x05bf,
    0x05bf, 0x05bf, 0x05bf, 0x05bf, 0x05bf, 0x05bf, 0x05bf, 0x05bf, 0x05bf, 0x05bf, 0x05bf, 0x05bf, 0x05bf, 0x05bf, 0x05bf, 0x05bf,
    0x05bf, 0x05bf, 0x05bf, 0x05bf, 0x05bf, 0x05bf, 0x05bf, 0x05bf, 0x05bf, 0x05bf, 0x05bf, 0x05bf, 0x05bf, 0x05bf, 0x05bf, 0x05bf,
    0x05bf, 0x05bf, 0x05bf, 0x05bf, 0x05bf, 0x05bf, 0x05bf, 0x05bf, 0x05bf, 0x05bf, 0x05bf, 0x05bf, 0x05bf, 0x05bf, 0x05bf, 0x05bf,
    0x05bf, 0x05bf, 0x05bf, 0x05bf, 0x05bf, 0x05bf, 0x05bf, 0x05bf, 0x05bf, 0x05bf, 0x05bf, 0x05bf, 0x05bf, 0x05bf, 0x05bf, 0x05bf,
    0x05bf, 0x05bf, 0x05bf, 0x05bf, 0x05bf, 0x05bf, 0x05bf, 0x05bf, 0x05bf, 0x05bf, 0x05bf, 0x05bf, 0x05bf, 0x05bf, 0x05bf, 0x05bf,
    0x05bf, 0x05bf, 0x05bf, 0x05bf, 0x05bf, 0x05bf, 0x05bf, 0x05bf, 0x05bf, 0x05bf, 0x05bf, 0x05bf, 0x05bf, 0x05bf, 0x05bf, 0x05bf,
    0x05bf, 0x05bf, 0x05bf, 0x05bf, 0x05bf, 0x05bf, 0x05bf, 0x05bf, 0x05bf, 0x05bf, 0x05bf, 0x05bf, 0x05bf, 0x05bf, 0x05bf, 0x05bf,
    0x05bf, 0x05bf, 0x05bf, 0x05bf, 0x05bf, 0x05bf, 0x05bf, 0x05bf, 0x05bf, 0x05bf, 0x05bf, 0x05bf, 0x05bf, 0x05bf, 0x05bf, 0x05bf};